"时间戳","主键ID","检查主键ID","社会信用代码","省编码","市编码","区县编码","乡镇编码","隐患等级（1：一般隐患 2：重大隐患）","隐患详情","整改建议","整改状态(0：未整改 1：已整改)","提交行政执法状态","预估/期限整改时间","风险表id","风险代码","检查时间","检查部门","隐患状态","信息来源：1-企业自查 2-监管检查 3-监管部门下发 4-行政执法检查","记录表id"," info表id","原表id","创建人","创建日期","修改人","修改日期"," 数据来源","计划id"
2026-03-11 21:02:32.000,"01417af7-d566-691fb2934393ef5a3a","4cf66ee3-d4a2-2e1fb2934393ef5a3a","91320509MA1MQ0HW0J","320000","320500","320509","320509105","1",雨水井埙坏，安全隐患。,请按照管控措施要求完成整改,"1",,2023-11-27 00:00:00.000,,"0301",2023-11-27 11:46:51.000,苏州市三发经编纺织有限公司,"1","1","240ba8e6675b437ba46549c17bdf1279",,"56aaa4b7156b7dba1fb2934393ef5a3a",,,,2023-11-27 11:46:51.000,,
2026-03-11 21:02:32.000,"01df91af-c90c-466590930d57763f95","0e843f2a-2a2f-c06590930d57763f95","9132050971862009X1","320000","320500","320509","320509004","1",应急灯不亮,请按照管控措施要求完成整改,"1",,2023-11-02 00:00:00.000,,"0301",2023-11-02 10:01:27.000,苏州双之铨电脑精密配件有限公司,"1","1","1cbba9c9953142d2897b56667441b841",,"540a63543264df626590930d57763f95",,,,2023-11-02 10:01:27.000,,
2026-03-11 21:02:32.000,"01df91af-c90c-4668ff1abf1eb7c9a5","0e843f2a-2a2f-c068ff1abf1eb7c9a5","9132050971862009X1","320000","320500","320509","320509004","1",应急灯不亮,请按照管控措施要求完成整改,"1",,2023-11-02 00:00:00.000,,"0301",2023-11-02 10:01:27.000,苏州双之铨电脑精密配件有限公司,"1","1","1cbba9c9953142d2897b56667441b841",,"47ff96c114e26c1768ff1abf1eb7c9a5",,,,2023-11-02 10:01:27.000,,
2026-03-11 21:02:32.000,"01e87a7638d444ada8abbd1fe9bad959",rwjl01e87a7638d4a8abbd1fe9bad959,"91320592MA1Q4AJG3G","320000","320500","320582","320582403","1",有飞棉,请按照管控措施要求完成整改,"1",,2023-12-23 00:00:00.000,,"0901",2023-11-23 00:00:00.000,张家港保税区衣者毛纺有限公司,"1","1",df9a4836340d4e83910e12847a3a4306,,f1e6d3d24d914093a8abbd1fe9bad959,,,,2023-11-28 23:27:00.000,,
2026-03-11 21:02:32.000,"02ace43ba05448f866091276b444761b",rwjl33993945c6b866091276b444761b,"913205827673999260","320000","320500","320582","320582101","1",喷漆场所堆放杂物,请按照管控措施要求完成整改,"1",,2023-12-27 00:00:00.000,,"0717",2023-11-27 11:22:57.000,张家港赛姆考机电有限公司,"1","1","2370c589d0e04bcc9550bd4beb09f8aa",,ac48f6b7c862112b66091276b444761b,,,,2023-11-28 22:23:16.000,,
2026-03-11 21:02:32.000,"063d83d0c5cc4c714c5128545ab26c98","063d83d0c5cc4c714c5128545ab26c98","91320507323873455K","320000","320500","320507","320507100","1",未设置安全警示标志,请按照管控措施要求完成整改,"1",,2023-12-02 00:00:00.000,,"0301",2023-11-17 15:36:32.000,相城区应急管理局,"1","2","54b6bdeaef3441918cf5b79ef55dbc64",,c5e9dc2f49ff554a4c5128545ab26c98,,,,2023-11-17 15:36:32.000,,
2026-03-11 21:02:32.000,"063d83d0c5cc4c716e6b3e3d6b933e80","063d83d0c5cc4c716e6b3e3d6b933e80","91320507323873455K","320000","320500","320507","320507100","1",未设置安全警示标志,请按照管控措施要求完成整改,"1",,2023-12-02 00:00:00.000,,"0301",2023-11-17 15:36:32.000,相城区应急管理局,"1","2","54b6bdeaef3441918cf5b79ef55dbc64",,"79b5c6880dea0a516e6b3e3d6b933e80",,,,2023-11-17 15:36:32.000,,
2026-03-11 21:02:32.000,"063d83d0c5cc4c719598c21b401b7dbe","063d83d0c5cc4c719598c21b401b7dbe","91320507323873455K","320000","320500","320507","320507100","1",未设置安全警示标志,请按照管控措施要求完成整改,"1",,2023-12-02 00:00:00.000,,"0301",2023-11-17 15:36:32.000,相城区应急管理局,"1","2","54b6bdeaef3441918cf5b79ef55dbc64",,"3ddf618ad88d19549598c21b401b7dbe",,,,2023-11-17 15:36:32.000,,
2026-03-11 21:02:32.000,"08101d27-9209-a1a4e1cdbc0f8685fe","2241ec24-42ea-20a4e1cdbc0f8685fe","91320509561827497K","320000","320500","320509","320509105","1",不涉及,请按照管控措施要求完成整改,"1",,2023-11-05 00:00:00.000,,"0309",2023-11-05 13:48:11.000,吴江市诚友纺织印花有限公司,"1","1",fdf57e85752b4da1b400d1aeff575620,,"7834aede7f3431e5a4e1cdbc0f8685fe",,,,2023-11-05 13:48:11.000,,
2026-03-11 21:02:32.000,"0f503e833958406109b1351743269181",rwjl0f503e83395809b1351743269181,"91320582MA1N3UKB5M","320000","320500","320582","320582106","1",维保记录中航车防脱钩失效,请按照管控措施要求完成整改,"1",,2023-12-03 00:00:00.000,,"0717",2023-11-03 00:00:00.000,江苏欧锐克智能装备有限公司,"1","1",c7f6a09f214842edb611ef7659103e45,,dd6fc2f0bd4177d809b1351743269181,,,,2023-11-28 23:56:49.000,,
2026-03-11 21:02:32.000,"0fecae2d-3a44-4a33bea0636a2f1d97","353ab36b-5315-1a33bea0636a2f1d97","91320509302028818T","320000","320500","320509","320509107","1",消防箱未补上灭火器,请按照管控措施要求完成整改,"1",,2023-11-03 00:00:00.000,,"0707",2023-11-04 13:45:20.000,苏州格林新材料科技有限公司,"1","1",c0b2b68bddbe48ccb8ae56a9bd94df92,,e9b3e78d259dea9e33bea0636a2f1d97,,,,2023-11-03 17:41:55.000,,
2026-03-11 21:02:32.000,"123bac27-ea45-6b837dc40e1213bef2","0906cec2-f914-bd837dc40e1213bef2","913205095617821967","320000","320500","320509","320509110","1",消防设备失效,请按照管控措施要求完成整改,"1",,2023-11-20 00:00:00.000,,"0309",2023-11-20 15:15:35.000,吴江市锦驭鞋材厂,"1","1","5bcf3bbeb5754a32885a55ef6cb04dde",,"0c390505844c4b66837dc40e1213bef2",,,,2023-11-20 15:15:35.000,,
2026-03-11 21:02:32.000,"1759af30-5842-95256392c150b89e9c","2c2c2c3d-48b0-0a256392c150b89e9c","9132050979614181X4","320000","320500","320509","320509105","1",空压机报警,请按照管控措施要求完成整改,"1",,2023-11-08 00:00:00.000,,"0314",2023-11-08 15:18:46.000,吴江铭骐喷织厂,"1","1",def24521244a4e4c9b521482b641fc8a,,b33dafbfe8bb52a2256392c150b89e9c,,,,2023-11-08 15:18:46.000,,
2026-03-11 21:02:32.000,"179df757-e2cd-846cfb7ca7b3cab1a4","09e03bda-006f-286cfb7ca7b3cab1a4","91320509MA1XME2A1G","320000","320500","320509","320509105","1",定期检查,请按照管控措施要求完成整改,"1",,2023-11-05 00:00:00.000,,"0314",2023-11-05 12:14:15.000,苏州市仓满纺织厂,"1","1",c42c41478f5845059dad8db545e84638,,"6bcb22a3684585736cfb7ca7b3cab1a4",,,,2023-11-05 12:14:15.000,,
2026-03-11 21:02:32.000,"17b56b90cf634c3ca2b8e7564f86c67e",rwjl17b56b90cf63a2b8e7564f86c67e,"9132058233109884XU","320000","320500","320582","320582199","1",特种设备是否定期检测，是否张贴安全使用证或标志。未按装投影灯,请按照管控措施要求完成整改,"1",,2023-12-07 00:00:00.000,,"0306",2023-11-07 00:00:00.000,张家港市普利尔机械有限公司,"1","1","16413f3d0cd0457c8f9554adab057a30",,"566bf232d87f4193a2b8e7564f86c67e",,,,2023-11-28 22:57:29.000,,
2026-03-11 21:02:32.000,"1b37e214-0360-7552c52c77d1d1037f","0efa0c9e-2d51-7452c52c77d1d1037f","91320509566852915K","320000","320500","320509","320509003","1",油料桶未设置防渗漏托盘,请按照管控措施要求完成整改,"1",,2023-11-04 00:00:00.000,,"0309",2023-11-18 11:05:21.000,苏州市富同石英科技有限公司,"1","1","32baf386cf7a4a0a932df0738433be50",,"93483907c485723d52c52c77d1d1037f",,,,2023-11-04 15:42:52.000,,
2026-03-11 21:02:32.000,"1b37e214-0360-75ba9f0e853ab0ad16","0efa0c9e-2d51-74ba9f0e853ab0ad16","91320509566852915K","320000","320500","320509","320509003","1",油料桶未设置防渗漏托盘,请按照管控措施要求完成整改,"1",,2023-11-04 00:00:00.000,,"0309",2023-11-18 11:05:21.000,苏州市富同石英科技有限公司,"1","1","32baf386cf7a4a0a932df0738433be50",,ea48c6c73180d773ba9f0e853ab0ad16,,,,2023-11-04 15:42:52.000,,
2026-03-11 21:02:32.000,"1b765e05-1a53-454bd052304172f1ff","0da8a9de-5dde-4d4bd052304172f1ff","91320509087809928B","320000","320500","320509","320509001","1","",请按照管控措施要求完成整改,"1",,2023-11-17 14:22:20.000,,"0301",2023-11-17 14:22:20.000,吴江区应急管理局,"1","2","903a119d23274472a530dd52fac3dd31",,"1837cbe475f0d9b64bd052304172f1ff",,,,2023-11-17 14:22:20.000,,
2026-03-11 21:02:32.000,"2123174a-1cb2-5cb4d48d44df6da336","11c30d26-ecf3-3fb4d48d44df6da336","91320509MA1P37HEX3","320000","320500","320509","320509105","1",作业没有通风,请按照管控措施要求完成整改,"1",,2023-11-07 00:00:00.000,,"0301",2023-11-20 10:32:20.000,苏州周朋纺织后整理厂,"1","1","285e0bfbb8bf42b09c508ad36aaf218e",,fcdc057146a243a9b4d48d44df6da336,,,,2023-11-07 11:32:33.000,,
2026-03-11 21:02:32.000,"2123174a-1cb2-5cba5e2dc5b90f0d93","11c30d26-ecf3-3fba5e2dc5b90f0d93","91320509MA1P37HEX3","320000","320500","320509","320509105","1",作业没有通风,请按照管控措施要求完成整改,"1",,2023-11-07 00:00:00.000,,"0301",2023-11-20 10:32:20.000,苏州周朋纺织后整理厂,"1","1","285e0bfbb8bf42b09c508ad36aaf218e",,"9ec283fac35842e2ba5e2dc5b90f0d93",,,,2023-11-07 11:32:33.000,,
2026-03-11 21:02:32.000,"21aa7c39-a82b-eca674b462c3b02e50","0095b3f3-e472-3ca674b462c3b02e50","91320509MA1MF2HP92","320000","320500","320509","320509104","1",空压机布置不合规，周边摆放杂物，存在安全隐患,请按照管控措施要求完成整改,"1",,2023-11-03 00:00:00.000,,"0314",2023-11-03 13:43:08.000,苏州昇涛纺织科技有限公司,"1","1","927e95fd4121464ea5cb11bce2da6fda",,"03911bd387914cc5a674b462c3b02e50",,,,2023-11-03 13:43:08.000,,
2026-03-11 21:02:32.000,"8aae07328e89be00018e974ebb237a48","8aae07328e89be00018e974ebb227a47","92320582MA1WX38N5T","320000","320500","320582","320582104","1",应急照明灯是否充电,已经充电,"1","0",2024-04-02 09:33:00.000,,,2024-04-01 09:38:23.000,,"1","5",,,,,,,2024-04-01 09:39:07.000,,"20240101030004"
2026-03-11 21:02:32.000,"21aa7c39-a82b-ecf549d3643012246f","0095b3f3-e472-3cf549d3643012246f","91320509MA1MF2HP92","320000","320500","320509","320509104","1",空压机布置不合规，周边摆放杂物，存在安全隐患,请按照管控措施要求完成整改,"1",,2023-11-03 00:00:00.000,,"0314",2023-11-03 13:43:08.000,苏州昇涛纺织科技有限公司,"1","1","927e95fd4121464ea5cb11bce2da6fda",,"6a29f2ffd8770841f549d3643012246f",,,,2023-11-03 13:43:08.000,,
2026-03-11 21:02:32.000,"223ec089d69d47e3897113974cfeb697","223ec089d69d47e3897113974cfeb697","91320507785982349J","320000","320500","320507","320507100","1",油漆放置防爆柜未落实双人双锁制，接地未落实规范,请按照管控措施要求完成整改,"1",,2023-12-09 00:00:00.000,,"0717",2023-11-24 15:01:14.000,相城区应急管理局,"1","2",a3427ccdbb4b4df49689443dc5557720,,"5fe2f731f7db4473897113974cfeb697",,,,2023-11-24 15:01:14.000,,
2026-03-11 21:02:32.000,"24cac485-736b-47490b95dfc4e85fa7","24cac485-736b-47490b95dfc4e85fa7","91320509MA25019C38","320000","320500","320509","320509107","1",检测已过期,请按照管控措施要求完成整改,"1",,2023-10-26 00:00:00.000,,"0314",2023-11-03 09:36:52.000,吴江区应急管理局,"1","2",c89489378bc840859c78c6551592af1b,,b6bae5893c2c47a0490b95dfc4e85fa7,,,,2023-11-03 09:36:52.000,,
2026-03-11 21:02:32.000,"26a64543632d4ff3b463826f417d4c20",f7b555c05fa74ff8b463826f417d4c20,"91320500667601138X","320000","320500","320507","320507006","1",烘箱上缺少高温标识,请按照管控措施要求完成整改,"1",,2023-11-23 00:00:00.000,,"0301",2023-11-08 10:17:35.000,苏州勤伦机电有限公司,"1","1",ad51d090a52848f6bd7fbd69e84b2def,,d8dec1dc54a44e42b463826f417d4c20,,,,2023-11-08 10:34:02.000,,
2026-03-11 21:02:32.000,"27c281d4-9211-83e30b405dfcd4a3d2","4044e5ad-6c51-e2e30b405dfcd4a3d2","91320509608296508W","320000","320500","320509","320509105","1",洗眼器压力不足,请按照管控措施要求完成整改,"1",,2023-11-18 00:00:00.000,,"0905",2023-11-18 15:59:32.000,苏州欧倍德纺织印染有限公司,"1","1",c7e24db9fd5c4b6ba4efacb584046e75,,"5d7160d3c287525ae30b405dfcd4a3d2",,,,2023-11-18 15:59:31.000,,
2026-03-11 21:02:32.000,"29895cab-8c8a-a0b000e0dd9be6e822","29056a65-b71a-44b000e0dd9be6e822","9132050933130472XJ","320000","320500","320509","320509111","1",有一个防爆柜未接地线,请按照管控措施要求完成整改,"1",,2023-11-07 00:00:00.000,,"0309",2023-11-07 11:14:12.000,苏州健睿电子机械有限公司,"1","1","3d5ade168b8f4fd7bccc58ae49a7d234",,"5a917a6a3acfd8b2b000e0dd9be6e822",,,,2023-11-07 11:14:12.000,,
2026-03-11 21:02:32.000,"2ce51994-f004-067023a8e60ec4b37e","5f348f38-c693-b77023a8e60ec4b37e","91320509767387642P","320000","320500","320509","320509107","1",熔炼车间盖板破损,请按照管控措施要求完成整改,"1",,2023-11-30 00:00:00.000,,"0506",2023-11-04 14:37:05.000,江苏富威科技股份有限公司,"1","1",ea22284336534681b770ae8fbc8ce7c2,,"8f4d5b44990927037023a8e60ec4b37e",,,,2023-11-18 09:24:43.000,,
2026-03-11 21:02:32.000,"2cf3879a-8761-3e9adf9e35a347815a",ab6c3112-73d8-339adf9e35a347815a,"913205096082970416","320000","320500","320509","320509109","1",消防沙缺铁锹,请按照管控措施要求完成整改,"1",,2023-11-23 00:00:00.000,,"0905",2023-11-23 14:46:36.000,苏州铭德纺织品有限公司,"1","1","2914df3be90b489387cba8d56a4eb56d",,"56e055b091f8063b9adf9e35a347815a",,,,2023-11-23 14:46:35.000,,
2026-03-11 21:02:32.000,"2fc695936b7744e73c5dbfc387891b9f",rwjl2fc695936b773c5dbfc387891b9f,"913205823391937296","320000","320500","320582","320582001","1",较大风险告知牌内容确实,请按照管控措施要求完成整改,"1",,2023-12-21 00:00:00.000,,"0812",2023-11-21 10:42:34.000,张家港阿里木木贸易有限公司,"1","1","383b7c8da8fe40a99e9f385ec2dabc8b",,"3008e0face7a29183c5dbfc387891b9f",,,,2023-11-29 00:15:41.000,,
2026-03-11 21:02:32.000,"2fc695936b7744e789e2b820d3a25a18",rwjl2fc695936b7789e2b820d3a25a18,"913205823391937296","320000","320500","320582","320582001","1",较大风险告知牌内容确实,请按照管控措施要求完成整改,"1",,2023-12-21 00:00:00.000,,"0812",2023-11-21 10:42:34.000,张家港阿里木木贸易有限公司,"1","1","383b7c8da8fe40a99e9f385ec2dabc8b",,bd65479299f1f8cc89e2b820d3a25a18,,,,2023-11-29 00:15:41.000,,
2026-03-11 21:02:32.000,"3179185e1eeb474f85fba2fb17da71ff",rwjl3179185e1eeb85fba2fb17da71ff,"91320500750044854E","320000","320500","320582","320582100","1",有限空间场所未落实关锁,请按照管控措施要求完成整改,"1",,2023-12-04 00:00:00.000,,"0301",2023-11-04 00:00:00.000,苏州龙杰特种纤维股份有限公司,"1","1","048eddfa2e164ad9b64267a26554e8c2",,"82d24b208af1469485fba2fb17da71ff",,,,2023-11-28 22:34:44.000,,
2026-03-11 21:02:32.000,"3179185e1eeb474f89ffa6bfe9159147",rwjl3179185e1eeb89ffa6bfe9159147,"91320500750044854E","320000","320500","320582","320582100","1",有限空间场所未落实关锁,请按照管控措施要求完成整改,"1",,2023-12-04 00:00:00.000,,"0301",2023-11-04 00:00:00.000,苏州龙杰特种纤维股份有限公司,"1","1","048eddfa2e164ad9b64267a26554e8c2",,"69222e97c84b4ce989ffa6bfe9159147",,,,2023-11-28 22:34:44.000,,
2026-03-11 21:02:32.000,"3179185e1eeb474f8a2d6c7baef19bae",rwjl3179185e1eeb8a2d6c7baef19bae,"91320500750044854E","320000","320500","320582","320582100","1",有限空间场所未落实关锁,请按照管控措施要求完成整改,"1",,2023-12-04 00:00:00.000,,"0301",2023-11-04 00:00:00.000,苏州龙杰特种纤维股份有限公司,"1","1","048eddfa2e164ad9b64267a26554e8c2",,"2df7fb601d2948568a2d6c7baef19bae",,,,2023-11-28 22:34:44.000,,
2026-03-11 21:02:32.000,"3179185e1eeb474f8ac64da5f8c117b4",rwjl3179185e1eeb8ac64da5f8c117b4,"91320500750044854E","320000","320500","320582","320582100","1",有限空间场所未落实关锁,请按照管控措施要求完成整改,"1",,2023-12-04 00:00:00.000,,"0301",2023-11-04 00:00:00.000,苏州龙杰特种纤维股份有限公司,"1","1","048eddfa2e164ad9b64267a26554e8c2",,e0df54c860ad45978ac64da5f8c117b4,,,,2023-11-28 22:34:44.000,,
2026-03-11 21:02:32.000,"3179185e1eeb474f8df70bbff545b28b",rwjl3179185e1eeb8df70bbff545b28b,"91320500750044854E","320000","320500","320582","320582100","1",有限空间场所未落实关锁,请按照管控措施要求完成整改,"1",,2023-12-04 00:00:00.000,,"0301",2023-11-04 00:00:00.000,苏州龙杰特种纤维股份有限公司,"1","1","048eddfa2e164ad9b64267a26554e8c2",,"9e36c50db28d4af38df70bbff545b28b",,,,2023-11-28 22:34:44.000,,
2026-03-11 21:02:32.000,"3179185e1eeb474f8ed0dae307de9d84",rwjl3179185e1eeb8ed0dae307de9d84,"91320500750044854E","320000","320500","320582","320582100","1",有限空间场所未落实关锁,请按照管控措施要求完成整改,"1",,2023-12-04 00:00:00.000,,"0301",2023-11-04 00:00:00.000,苏州龙杰特种纤维股份有限公司,"1","1","048eddfa2e164ad9b64267a26554e8c2",,"5997a7b744e143468ed0dae307de9d84",,,,2023-11-28 22:34:44.000,,
2026-03-11 21:02:32.000,"3179185e1eeb474fa561903fa5f0acb8",rwjl3179185e1eeba561903fa5f0acb8,"91320500750044854E","320000","320500","320582","320582100","1",有限空间场所未落实关锁,请按照管控措施要求完成整改,"1",,2023-12-04 00:00:00.000,,"0301",2023-11-04 00:00:00.000,苏州龙杰特种纤维股份有限公司,"1","1","048eddfa2e164ad9b64267a26554e8c2",,cc59fa3d6f26479ba561903fa5f0acb8,,,,2023-11-28 22:34:44.000,,
2026-03-11 21:02:32.000,"3179185e1eeb474fa9f2d19b5cb32635",rwjl3179185e1eeba9f2d19b5cb32635,"91320500750044854E","320000","320500","320582","320582100","1",有限空间场所未落实关锁,请按照管控措施要求完成整改,"1",,2023-12-04 00:00:00.000,,"0301",2023-11-04 00:00:00.000,苏州龙杰特种纤维股份有限公司,"1","1","048eddfa2e164ad9b64267a26554e8c2",,d961aa29785d4b21a9f2d19b5cb32635,,,,2023-11-28 22:34:44.000,,
2026-03-11 21:02:32.000,"3179185e1eeb474fa9f827845349ea49",rwjl3179185e1eeba9f827845349ea49,"91320500750044854E","320000","320500","320582","320582100","1",有限空间场所未落实关锁,请按照管控措施要求完成整改,"1",,2023-12-04 00:00:00.000,,"0301",2023-11-04 00:00:00.000,苏州龙杰特种纤维股份有限公司,"1","1","048eddfa2e164ad9b64267a26554e8c2",,a1fa105487684600a9f827845349ea49,,,,2023-11-28 22:34:44.000,,
2026-03-11 21:02:32.000,"3179185e1eeb474faa80dda6233fcdaa",rwjl3179185e1eebaa80dda6233fcdaa,"91320500750044854E","320000","320500","320582","320582100","1",有限空间场所未落实关锁,请按照管控措施要求完成整改,"1",,2023-12-04 00:00:00.000,,"0301",2023-11-04 00:00:00.000,苏州龙杰特种纤维股份有限公司,"1","1","048eddfa2e164ad9b64267a26554e8c2",,ec8c81d118874c38aa80dda6233fcdaa,,,,2023-11-28 22:34:44.000,,
2026-03-11 21:02:32.000,"3df0875b-dca1-75b47b392b0b63ba75","02b0f01b-0273-adb47b392b0b63ba75","91320509750549481L","320000","320500","320509","320509105","1",灭火器被堵,请按照管控措施要求完成整改,"1",,2023-11-02 00:00:00.000,,"0309",2023-11-02 09:14:45.000,吴江市秀峰喷织厂,"1","1","08f6ec01956c4aef82d90d981f9ac6bf",,b27ba6bf53584acfb47b392b0b63ba75,,,,2023-11-02 09:14:45.000,,
2026-03-11 21:02:32.000,"3179185e1eeb474fac0f094b2a8c2c48",rwjl3179185e1eebac0f094b2a8c2c48,"91320500750044854E","320000","320500","320582","320582100","1",有限空间场所未落实关锁,请按照管控措施要求完成整改,"1",,2023-12-04 00:00:00.000,,"0301",2023-11-04 00:00:00.000,苏州龙杰特种纤维股份有限公司,"1","1","048eddfa2e164ad9b64267a26554e8c2",,"819e66a864ef4a05ac0f094b2a8c2c48",,,,2023-11-28 22:34:44.000,,
2026-03-11 21:02:32.000,"3179185e1eeb474fae6f0ea0f16b35d8",rwjl3179185e1eebae6f0ea0f16b35d8,"91320500750044854E","320000","320500","320582","320582100","1",有限空间场所未落实关锁,请按照管控措施要求完成整改,"1",,2023-12-04 00:00:00.000,,"0301",2023-11-04 00:00:00.000,苏州龙杰特种纤维股份有限公司,"1","1","048eddfa2e164ad9b64267a26554e8c2",,cd480af43f7e4f48ae6f0ea0f16b35d8,,,,2023-11-28 22:34:44.000,,
2026-03-11 21:02:32.000,"3179185e1eeb474fb7b727982fec2b4b",rwjl3179185e1eebb7b727982fec2b4b,"91320500750044854E","320000","320500","320582","320582100","1",有限空间场所未落实关锁,请按照管控措施要求完成整改,"1",,2023-12-04 00:00:00.000,,"0301",2023-11-04 00:00:00.000,苏州龙杰特种纤维股份有限公司,"1","1","048eddfa2e164ad9b64267a26554e8c2",,"8d66d68aeb1547ceb7b727982fec2b4b",,,,2023-11-28 22:34:44.000,,
2026-03-11 21:02:32.000,"3179185e1eeb474fb8a205955267f89b",rwjl3179185e1eebb8a205955267f89b,"91320500750044854E","320000","320500","320582","320582100","1",有限空间场所未落实关锁,请按照管控措施要求完成整改,"1",,2023-12-04 00:00:00.000,,"0301",2023-11-04 00:00:00.000,苏州龙杰特种纤维股份有限公司,"1","1","048eddfa2e164ad9b64267a26554e8c2",,"5018ea154e214c0fb8a205955267f89b",,,,2023-11-28 22:34:44.000,,
2026-03-11 21:02:32.000,"3179185e1eeb474fbd5c75146cbc6e72",rwjl3179185e1eebbd5c75146cbc6e72,"91320500750044854E","320000","320500","320582","320582100","1",有限空间场所未落实关锁,请按照管控措施要求完成整改,"1",,2023-12-04 00:00:00.000,,"0301",2023-11-04 00:00:00.000,苏州龙杰特种纤维股份有限公司,"1","1","048eddfa2e164ad9b64267a26554e8c2",,e5f7921c70b04437bd5c75146cbc6e72,,,,2023-11-28 22:34:44.000,,
2026-03-11 21:02:32.000,"3179185e1eeb474fbdc8a47907ed273b",rwjl3179185e1eebbdc8a47907ed273b,"91320500750044854E","320000","320500","320582","320582100","1",有限空间场所未落实关锁,请按照管控措施要求完成整改,"1",,2023-12-04 00:00:00.000,,"0301",2023-11-04 00:00:00.000,苏州龙杰特种纤维股份有限公司,"1","1","048eddfa2e164ad9b64267a26554e8c2",,e36357fd05d744dcbdc8a47907ed273b,,,,2023-11-28 22:34:44.000,,
2026-03-11 21:02:32.000,"3179185e1eeb474fbf2feea5802b2859",rwjl3179185e1eebbf2feea5802b2859,"91320500750044854E","320000","320500","320582","320582100","1",有限空间场所未落实关锁,请按照管控措施要求完成整改,"1",,2023-12-04 00:00:00.000,,"0301",2023-11-04 00:00:00.000,苏州龙杰特种纤维股份有限公司,"1","1","048eddfa2e164ad9b64267a26554e8c2",,bb77c6d3a47d4c0abf2feea5802b2859,,,,2023-11-28 22:34:44.000,,
2026-03-11 21:02:32.000,"317c0cb0-ebdf-80d41c97bb25638ed4","1a367613-8033-24d41c97bb25638ed4","913205097539201432","320000","320500","320509","320509110","1",告示牌不清晰,请按照管控措施要求完成整改,"1",,2023-11-27 00:00:00.000,,"0309",2023-11-27 09:10:00.000,苏州利峰塑料制品有限公司,"1","1",fdaa2961d88941ad887165ed488ae0f5,,c8199b96f22e0d9dd41c97bb25638ed4,,,,2023-11-27 09:10:00.000,,
2026-03-11 21:02:32.000,"37c7e677-ce08-5f4bc6a09e177f187e","0ea50e8e-d46f-cd4bc6a09e177f187e","91320509780297342L","320000","320500","320509","320509107","1",缺少灭火器,请按照管控措施要求完成整改,"1",,2023-11-13 00:00:00.000,,"0707",2023-11-06 10:07:09.000,江苏凯联达电子科技有限公司,"1","1","24d080a04d714066a15866c15f2a70f0",,"5d431f79e4be11c54bc6a09e177f187e",,,,2023-11-06 10:08:41.000,,
2026-03-11 21:02:32.000,"37c7e677-ce08-5fabfb5345cfd79ff9","0ea50e8e-d46f-cdabfb5345cfd79ff9","91320509780297342L","320000","320500","320509","320509107","1",缺少灭火器,请按照管控措施要求完成整改,"1",,2023-11-13 00:00:00.000,,"0707",2023-11-06 10:07:09.000,江苏凯联达电子科技有限公司,"1","1","24d080a04d714066a15866c15f2a70f0",,d2e9a504a89c0c78abfb5345cfd79ff9,,,,2023-11-06 10:08:41.000,,
2026-03-11 21:02:32.000,"388aa008-a03e-3e181711b729b355e2","21f134a8-20f8-b1181711b729b355e2","91320509562950796Y","320000","320500","320509","320509104","1",没有设置安全警示标志,请按照管控措施要求完成整改,"1",,2023-11-27 00:00:00.000,,"0301",2023-11-27 12:50:50.000,吴江市双伟纺织有限公司,"1","1","2c44c82863d4475cb82c92d8e214cd23",,"4c2f8c7a7cebff9d181711b729b355e2",,,,2023-11-27 12:50:50.000,,
2026-03-11 21:02:32.000,"388aa008-a03e-3e30e8afdc5b625b4a","21f134a8-20f8-b130e8afdc5b625b4a","91320509562950796Y","320000","320500","320509","320509104","1",没有设置安全警示标志,请按照管控措施要求完成整改,"1",,2023-11-27 00:00:00.000,,"0301",2023-11-27 12:50:50.000,吴江市双伟纺织有限公司,"1","1","2c44c82863d4475cb82c92d8e214cd23",,"667b74e5ca09c45730e8afdc5b625b4a",,,,2023-11-27 12:50:50.000,,
2026-03-11 21:02:32.000,"388aa008-a03e-3ef76dd7db2616ca7a","21f134a8-20f8-b1f76dd7db2616ca7a","91320509562950796Y","320000","320500","320509","320509104","1",没有设置安全警示标志,请按照管控措施要求完成整改,"1",,2023-11-27 00:00:00.000,,"0301",2023-11-27 12:50:50.000,吴江市双伟纺织有限公司,"1","1","2c44c82863d4475cb82c92d8e214cd23",,"56d73465ccadee01f76dd7db2616ca7a",,,,2023-11-27 12:50:50.000,,
2026-03-11 21:02:32.000,"3a093ef0-714f-93a4cecd95bea2e1e7","05370ab5-04fd-71a4cecd95bea2e1e7","91320509668994180M","320000","320500","320509","320509110","1",风险告知牌老化,请按照管控措施要求完成整改,"1",,2023-10-17 00:00:00.000,,"0309",2023-11-06 14:47:19.000,苏州宝明高温陶瓷有限公司,"1","1",b5305e8f59f249d3a83e09b750d5c039,,e3501b9a944ccaa1a4cecd95bea2e1e7,,,,2023-10-17 09:41:56.000,,
2026-03-11 21:02:32.000,"3b4b8c6809b7464f2880aa41a6809b49","3b4b8c6809b7464f2880aa41a6809b49","9132050568411485X3","320000","320500","320507","320507100","1",电焊机周边未设置灭火器,请按照管控措施要求完成整改,"1",,2023-12-05 00:00:00.000,,"0707",2023-11-20 13:59:06.000,相城区应急管理局,"1","2","29a89e50aece46e6b5b8843b7b4527b9",,"0d75da82239b3a6d2880aa41a6809b49",,,,2023-11-20 13:59:06.000,,
2026-03-11 21:02:32.000,"3bcf0754aa9c4b586da1dfec72f5e85c","3bcf0754aa9c4b586da1dfec72f5e85c","91320500737070839D","320000","320500","320507","320507003","1",部分灭火器过期,请按照管控措施要求完成整改,"1",,2023-11-30 00:00:00.000,,"0315",2023-11-15 10:05:45.000,相城区应急管理局,"1","2",ce695e8b7d0e4c04bec81332b0cf733e,,"1ab97fba543ecb5e6da1dfec72f5e85c",,,,2023-11-15 10:05:45.000,,
2026-03-11 21:02:32.000,"3d6f5d0fd123431d34e125b1fd809787",rwjl3d6f5d0fd12334e125b1fd809787,"91320592714077229E","320000","320500","320582","320582403","1","3.是否有制动、缓冲、防风等安全保护装置以及载荷、力矩、位置、幅度等相关限制器，制动器、限制器是否有效工作。防撞块破损",请按照管控措施要求完成整改,"1",,2023-12-16 00:00:00.000,,"0706",2023-11-16 09:01:14.000,张家港市江南锅炉压力容器有限公司,"1","1","7e25ac9aa83446feae52b894fed57b9e",,afd6a7267af772b934e125b1fd809787,,,,2023-11-28 23:26:17.000,,
2026-03-11 21:02:32.000,"3d6f5d0fd123431d868abd3c7a5213ae",rwjl3d6f5d0fd123868abd3c7a5213ae,"91320592714077229E","320000","320500","320582","320582403","1","3.是否有制动、缓冲、防风等安全保护装置以及载荷、力矩、位置、幅度等相关限制器，制动器、限制器是否有效工作。防撞块破损",请按照管控措施要求完成整改,"1",,2023-12-16 00:00:00.000,,"0706",2023-11-16 09:01:14.000,张家港市江南锅炉压力容器有限公司,"1","1",ecb89d6f9c9e47eeace0d81e5a71b27e,,d9161fd0aae24d76868abd3c7a5213ae,,,,2023-11-28 23:26:17.000,,
2026-03-11 21:02:32.000,"3d791422-ef21-eda58c07ae6b34ac16","1115af78-1a6a-a0a58c07ae6b34ac16","91320509722204283T","320000","320500","320509","320509104","1",灭火器缺失,请按照管控措施要求完成整改,"1",,2023-11-21 00:00:00.000,,"0309",2023-11-21 09:49:01.000,吴江市康佳纺织有限公司,"1","1","4f0b1b867b6c4290a64407f42ed03ade",,"47a07b535c5949f5a58c07ae6b34ac16",,,,2023-11-21 09:49:01.000,,
2026-03-11 21:02:32.000,"3d804324-53f8-a1ae5c98754e673c79","23df28fa-b762-4bae5c98754e673c79","91320509750016570C","320000","320500","320509","320509105","1",钥匙乱放,请按照管控措施要求完成整改,"1",,2023-11-06 00:00:00.000,,"0301",2023-11-27 13:03:41.000,吴江市恺达喷织厂,"1","1",a29811639786448db0cd092f5a003ab7,,"846f54d9e2e10a12ae5c98754e673c79",,,,2023-11-06 16:26:21.000,,
2026-03-11 21:02:32.000,"8aae07328ef46f72018f12ac6d1a02ab","8aae07328ef46f72018f12ac6d1a02aa","91320583608275766N","320000","320500","320583","320583400","1",佩戴不规范,立即纠正,"1","0",2024-04-25 08:30:00.000,,,2024-04-25 08:34:01.000,,"1","5",,,,,,,2024-04-25 08:36:15.000,,"20240101030004"
2026-03-11 21:02:32.000,"3ef05587-0cc9-cba169f95aa0cb3097","0d6120bc-4c10-05a169f95aa0cb3097","9132050933090036XC","320000","320500","320509","320509003","1",堵塞,请按照管控措施要求完成整改,"1",,2023-11-26 00:00:00.000,,"0309",2023-11-26 11:10:40.000,苏州曼柯精密部件有限公司,"1","1",c35b9fc7495349098470634bcd841595,,cc192724a053ad15a169f95aa0cb3097,,,,2023-11-26 11:10:40.000,,
2026-03-11 21:02:32.000,"3ef05587-0cc9-cbf78faa09cae6503c","0d6120bc-4c10-05f78faa09cae6503c","9132050933090036XC","320000","320500","320509","320509003","1",堵塞,请按照管控措施要求完成整改,"1",,2023-11-26 00:00:00.000,,"0309",2023-11-26 11:10:40.000,苏州曼柯精密部件有限公司,"1","1",c35b9fc7495349098470634bcd841595,,"9b7610b796b0f4e8f78faa09cae6503c",,,,2023-11-26 11:10:40.000,,
2026-03-11 21:02:32.000,"41311e1285c84fa95e8c5695e524aacd",rwjl41311e1285c85e8c5695e524aacd,"913205007500442135","320000","320500","320582","320582104","1",配电箱门未关,请按照管控措施要求完成整改,"1",,2023-12-08 00:00:00.000,,"0314",2023-11-08 16:36:58.000,张家港玉成精机股份有限公司,"1","1",ab8150616ae74ab094c1018aa4376d28,,"386929e44ce13cdf5e8c5695e524aacd",,,,2023-11-29 00:17:55.000,,
2026-03-11 21:02:32.000,"41ff1ce892b64a375909e5a652641ba7","0b9b8701464f46fa5909e5a652641ba7","91320505137769670R","320000","320500","320505","320505003","1",行车使用后未停在停车区域,请按照管控措施要求完成整改,"1",,2023-11-17 00:00:00.000,,"0306",2023-11-01 14:09:05.000,虎丘区应急管理局,"1","2",c37d335a7d4644f6bf3059c976bb9cca,,"8c9f7afe8fa532e95909e5a652641ba7",,,,2023-11-01 14:09:05.000,,
2026-03-11 21:02:32.000,"44408b5876d342e0217361c7011ca631","44408b5876d342e0217361c7011ca631","9132050766897549XC","320000","320500","320507","320507003","1",缺少定检查表,请按照管控措施要求完成整改,"1",,2023-12-01 00:00:00.000,,"0314",2023-11-16 09:03:12.000,相城区应急管理局,"1","2","9507e9ad56be482f8ce170b2d1422e10",,"8fcd7bef15030fc1217361c7011ca631",,,,2023-11-16 09:03:12.000,,
2026-03-11 21:02:32.000,"4530c311-3be6-c000424cab0fdfabdc","2a838fff-221d-1300424cab0fdfabdc","9132050959392702XY","320000","320500","320509","320509003","1",浸泡池行车防滑勾脱落,请按照管控措施要求完成整改,"1",,2023-10-23 00:00:00.000,,"0301",2023-11-06 08:48:40.000,苏州苏净环保新材料有限公司,"1","1","610b8cd17a044514b87da9415e5da2e8",,fc0b76ce20bed96700424cab0fdfabdc,,,,2023-10-23 08:42:24.000,,
2026-03-11 21:02:32.000,"4530c311-3be6-c0075f348886e0142b","2a838fff-221d-13075f348886e0142b","9132050959392702XY","320000","320500","320509","320509003","1",浸泡池行车防滑勾脱落,请按照管控措施要求完成整改,"1",,2023-10-23 00:00:00.000,,"0301",2023-11-06 08:48:40.000,苏州苏净环保新材料有限公司,"1","1","610b8cd17a044514b87da9415e5da2e8",,"323de53223011995075f348886e0142b",,,,2023-10-23 08:42:24.000,,
2026-03-11 21:02:32.000,"4530c311-3be6-c096305a5bfb822dd1","2a838fff-221d-1396305a5bfb822dd1","9132050959392702XY","320000","320500","320509","320509003","1",浸泡池行车防滑勾脱落,请按照管控措施要求完成整改,"1",,2023-10-23 00:00:00.000,,"0301",2023-11-06 08:48:40.000,苏州苏净环保新材料有限公司,"1","1","610b8cd17a044514b87da9415e5da2e8",,"1e9540ccecff911996305a5bfb822dd1",,,,2023-10-23 08:42:24.000,,
2026-03-11 21:02:32.000,"4530c311-3be6-c09d8f913930a95877","2a838fff-221d-139d8f913930a95877","9132050959392702XY","320000","320500","320509","320509003","1",浸泡池行车防滑勾脱落,请按照管控措施要求完成整改,"1",,2023-10-23 00:00:00.000,,"0301",2023-11-06 08:48:40.000,苏州苏净环保新材料有限公司,"1","1","610b8cd17a044514b87da9415e5da2e8",,c73e6cd3eee878789d8f913930a95877,,,,2023-10-23 08:42:24.000,,
2026-03-11 21:02:32.000,"4530c311-3be6-c0feeaacb28ab1ed28","2a838fff-221d-13feeaacb28ab1ed28","9132050959392702XY","320000","320500","320509","320509003","1",浸泡池行车防滑勾脱落,请按照管控措施要求完成整改,"1",,2023-10-23 00:00:00.000,,"0301",2023-11-06 08:48:40.000,苏州苏净环保新材料有限公司,"1","1","610b8cd17a044514b87da9415e5da2e8",,f37cebe240091a2ffeeaacb28ab1ed28,,,,2023-10-23 08:42:24.000,,
2026-03-11 21:02:32.000,"47dabf48-42cf-4d0686fe90de01de98","0a1ad110-6244-3e0686fe90de01de98","913205093020260381","320000","320500","320509","320509003","1",氩气瓶未防护,请按照管控措施要求完成整改,"1",,2023-10-23 00:00:00.000,,"0317",2023-11-27 09:59:56.000,苏州市旺升钣金有限公司,"1","1","3704582323f44f2b95de951a58709053",,"5b6dca35d3726cc20686fe90de01de98",,,,2023-10-23 16:22:27.000,,
2026-03-11 21:02:32.000,"47dabf48-42cf-4d70b125a0c5e6a6e9","0a1ad110-6244-3e70b125a0c5e6a6e9","913205093020260381","320000","320500","320509","320509003","1",氩气瓶未防护,请按照管控措施要求完成整改,"1",,2023-10-23 00:00:00.000,,"0317",2023-11-27 09:59:56.000,苏州市旺升钣金有限公司,"1","1","3704582323f44f2b95de951a58709053",,d5151e114b50fd1670b125a0c5e6a6e9,,,,2023-10-23 16:22:27.000,,
2026-03-11 21:02:32.000,"47dabf48-42cf-4dadc8f822b6bc25e8","0a1ad110-6244-3eadc8f822b6bc25e8","913205093020260381","320000","320500","320509","320509003","1",氩气瓶未防护,请按照管控措施要求完成整改,"1",,2023-10-23 00:00:00.000,,"0317",2023-11-27 09:59:56.000,苏州市旺升钣金有限公司,"1","1","3704582323f44f2b95de951a58709053",,"1b3f945c72f8422eadc8f822b6bc25e8",,,,2023-10-23 16:22:27.000,,
2026-03-11 21:02:32.000,"4820e5705ddb423fa487ab311f6719f1","6f10d6f6c00841e6a487ab311f6719f1","91320507MA1N1F1E7Y","320000","320500","320507","320507102","1",小车右移限速器故障,请按照管控措施要求完成整改,"1",,2023-11-23 00:00:00.000,,"0306",2023-11-08 14:05:41.000,苏州市台群机械有限公司,"1","1","22ce484572af40e6a8f550772451a76f",,f19f28c4ff0f4f2fa487ab311f6719f1,,,,2023-11-27 11:33:47.000,,
2026-03-11 21:02:32.000,"49996e64-7a60-62456afe65d48ac3d8","030cd6e3-ba16-7c456afe65d48ac3d8","9132050973651766X0","320000","320500","320509","320509004","1",防爆接头不防爆,请按照管控措施要求完成整改,"1",,2023-11-17 00:00:00.000,,"0813",2023-11-17 09:32:52.000,吴江凯明塑胶有限公司,"1","1",a93234cb9bbf4dae8f43c85da929b279,,"98844c645241e852456afe65d48ac3d8",,,,2023-11-17 09:32:52.000,,
2026-03-11 21:02:32.000,"4c5aea1faf6946ecb6edcc393911eb83","4c5aea1faf6946ecb6edcc393911eb83","91320507689164979F","320000","320500","320507","320507100","1",报警器损坏了存在隐患,请按照管控措施要求完成整改,"1",,2023-12-01 00:00:00.000,,"0717",2023-11-16 15:48:55.000,相城区应急管理局,"1","2",b16811b1215d463aba849ba4c6bbd519,,"079e8bef54a7343cb6edcc393911eb83",,,,2023-11-16 15:48:55.000,,
2026-03-11 21:02:32.000,"4cfe468f0f9b471378d019a9762445ac",rwjl4cfe468f0f9b78d019a9762445ac,"91320582MA1WX5QG8A","320000","320500","320582","320582106","1",油漆车间未使用时未及时通风,请按照管控措施要求完成整改,"1",,2023-12-07 00:00:00.000,,"0717",2023-11-07 00:00:00.000,张家港帅诚机械制造有限公司,"1","1",f1d9ea11f4dc482ba61db5a7dc97fd7d,,fd9d9102247865d278d019a9762445ac,,,,2023-11-28 22:00:04.000,,
2026-03-11 21:02:32.000,"4e52ef41-0600-403641b24113ce7afe","4e52ef41-0600-403641b24113ce7afe","91320509761024314Q","320000","320500","320509","320509104","1",无作业票,请按照管控措施要求完成整改,"1",,2023-09-25 00:00:00.000,,"0706",2023-11-03 07:49:58.000,吴江区应急管理局,"1","2","24c6b1fa8833471b90bc66e3a7df0350",,c03a136acb5675bb3641b24113ce7afe,,,,2023-11-03 07:49:58.000,,
2026-03-11 21:02:32.000,"4f1676ab-ca46-ca3a740323fcc9dd3e","239a9981-1844-333a740323fcc9dd3e","913205095546590504","320000","320500","320509","320509105","1",未安装限重牌,请按照管控措施要求完成整改,"1",,2023-11-07 00:00:00.000,,"0301",2023-11-07 08:52:26.000,吴江市旭云纺织后整理有限公司,"1","1","5e3dc049c06449a6b84e5611559c78c9",,"1368eb82382fef613a740323fcc9dd3e",,,,2023-11-07 08:52:26.000,,
2026-03-11 21:02:32.000,"50787abe20eb45b66ecd4c92b5502741","50787abe20eb45b66ecd4c92b5502741","91320507MA1W8CKNXH","320000","320500","320507","320507003","1",未定期检查,请按照管控措施要求完成整改,"1",,2023-12-06 00:00:00.000,,"0314",2023-11-21 15:36:37.000,相城区应急管理局,"1","2","1cebee532fff42a78ec8b7ce27c3efd6",,"6417f7b1ee68b68f6ecd4c92b5502741",,,,2023-11-21 15:36:37.000,,
2026-03-11 21:02:32.000,"523ba665a8c84dfba067d10b78ef25b9",rwjl523ba665a8c8a067d10b78ef25b9,"91320582788890490E","320000","320500","320582","320582104","1",电焊设备外壳防护等级和防护措施是否符合要求。,请按照管控措施要求完成整改,"1",,2023-12-27 00:00:00.000,,"0314",2023-11-27 00:00:00.000,张家港易美装备科技有限公司,"1","1","06d898cbaa444a2eae4e9c4ad92af9aa",,"66147f27fa1744a2a067d10b78ef25b9",,,,2023-11-28 23:51:01.000,,
2026-03-11 21:02:32.000,"8aae07328d7d2e66018dba3a2d3c28ad","8aae07328d7d2e66018dba3a2d3b28ac","91320583608275766N","320000","320500","320583","320583400","1",一灭火器管开裂,立即更换,"1","0",2024-02-18 11:18:00.000,,"0309",2024-02-18 11:19:51.000,,"1","1","272247ab9300409e9b23609eaceea119",,"715e850296574376bcb0b82c5ce95781",,,,2024-02-18 11:35:25.000,,"20240101030002"
2026-03-11 21:02:32.000,"528a1e5d-cd2a-89a40ea61211b404b9","5e87defe-ffed-fba40ea61211b404b9","91320509MA25JH4C9D","320000","320500","320509","320509108","1",气管破损,请按照管控措施要求完成整改,"1",,2023-11-27 00:00:00.000,,"0314",2023-11-27 10:33:17.000,金色工业智能科技（苏州）有限公司,"1","1","86e7583192a14aa8b0a499573edf21d8",,"65ceeb7d6a9748dda40ea61211b404b9",,,,2023-11-27 10:33:16.000,,
2026-03-11 21:02:32.000,"54c668cd-3878-b4a660f40bc0e96c93","09668e9f-ea14-afa660f40bc0e96c93","91320509MA1NDEGC9T","320000","320500","320509","320509108","1",电箱门未关,请按照管控措施要求完成整改,"1",,2023-11-27 00:00:00.000,,"0314",2023-11-27 10:49:18.000,美嘉智选电梯有限公司,"1","1","7fd717817b0e46a3874ab3ebfffdfa38",,f8e030d2b9de4c2da660f40bc0e96c93,,,,2023-11-27 10:49:18.000,,
2026-03-11 21:02:32.000,"56552ce8-3ab0-ccd79e66f9db3135ac","9ac38305-bea2-72d79e66f9db3135ac","91320509767387642P","320000","320500","320509","320509107","1",空压机房安全出口指示牌不亮,请按照管控措施要求完成整改,"1",,2023-11-21 00:00:00.000,,"0314",2023-11-21 09:05:35.000,江苏富威科技股份有限公司,"1","1",ea22284336534681b770ae8fbc8ce7c2,,e3e4af66170a5f9dd79e66f9db3135ac,,,,2023-11-21 09:05:34.000,,
2026-03-11 21:02:32.000,"56fc54339ee34e36ae6252b5923e68c2","56fc54339ee34e36ae6252b5923e68c2","91320507734419329F","320000","320500","320507","320507003","1",应急物资柜上乱放物品,请按照管控措施要求完成整改,"1",,2023-11-28 00:00:00.000,,"0301",2023-11-13 09:32:04.000,苏州市兴才精益金属制品涂装厂,"1","1","7664444d4c1643df8ef066a36fe1aa2f",,"54962b0d37afe391ae6252b5923e68c2",,,,2023-11-13 09:33:29.000,,
2026-03-11 21:02:32.000,"57575575333948438517ecba0bcda2b6",rwjl5757557533398517ecba0bcda2b6,"91320582MA1N12PD6D","320000","320500","320582","320582003","1","1.建立健全岗位操作规程; 2.建立健全并执行培训教育管理制度; 3.启动设备前检查设备,确认设备的安全状态; 4.正确穿戴劳动防护用品,周边禁止烟火; 5.设备运转过程中,人员不得碰触运动部位,张贴当心机械伤害警示标志; 6.设备运转过程中严禁清理棉絮、检维修设备,设备故障需检查或需清理时应先停机; 7.锡林道夫三角区安装安全档板,刺辊后车肚门安装联锁装置,确保联锁装置完整、可靠、有效; 8.及时清理飞花,加强电机箱内的电气设备维护、保养,利用每次大修及停电时间,及时清扫盘柜、变压器灰尘,保持设备完好。",请按照管控措施要求完成整改,"1",,2023-12-17 00:00:00.000,,"0901",2023-11-17 13:09:25.000,张家港市新盛和纺织有限公司,"1","1","26e633673da3409786956c3f0522f830",,"42fd773e426442288517ecba0bcda2b6",,,,2023-11-29 00:01:42.000,,
2026-03-11 21:02:32.000,"5757557533394843bb825c8415b65a15",rwjl575755753339bb825c8415b65a15,"91320582MA1N12PD6D","320000","320500","320582","320582003","1","1.建立健全岗位操作规程; 2.建立健全并执行培训教育管理制度; 3.启动设备前检查设备,确认设备的安全状态; 4.正确穿戴劳动防护用品,周边禁止烟火; 5.设备运转过程中,人员不得碰触运动部位,张贴当心机械伤害警示标志; 6.设备运转过程中严禁清理棉絮、检维修设备,设备故障需检查或需清理时应先停机; 7.锡林道夫三角区安装安全档板,刺辊后车肚门安装联锁装置,确保联锁装置完整、可靠、有效; 8.及时清理飞花,加强电机箱内的电气设备维护、保养,利用每次大修及停电时间,及时清扫盘柜、变压器灰尘,保持设备完好。",请按照管控措施要求完成整改,"1",,2023-12-17 00:00:00.000,,"0901",2023-11-17 13:09:25.000,张家港市新盛和纺织有限公司,"1","1","26e633673da3409786956c3f0522f830",,e848af0325e44a7fbb825c8415b65a15,,,,2023-11-29 00:01:42.000,,
2026-03-11 21:02:32.000,"5757557533394843bbf6f6f5a2076e72",rwjl575755753339bbf6f6f5a2076e72,"91320582MA1N12PD6D","320000","320500","320582","320582003","1","1.建立健全岗位操作规程; 2.建立健全并执行培训教育管理制度; 3.启动设备前检查设备,确认设备的安全状态; 4.正确穿戴劳动防护用品,周边禁止烟火; 5.设备运转过程中,人员不得碰触运动部位,张贴当心机械伤害警示标志; 6.设备运转过程中严禁清理棉絮、检维修设备,设备故障需检查或需清理时应先停机; 7.锡林道夫三角区安装安全档板,刺辊后车肚门安装联锁装置,确保联锁装置完整、可靠、有效; 8.及时清理飞花,加强电机箱内的电气设备维护、保养,利用每次大修及停电时间,及时清扫盘柜、变压器灰尘,保持设备完好。",请按照管控措施要求完成整改,"1",,2023-12-17 00:00:00.000,,"0901",2023-11-17 13:09:25.000,张家港市新盛和纺织有限公司,"1","1","26e633673da3409786956c3f0522f830",,a55cc1e2ea084244bbf6f6f5a2076e72,,,,2023-11-29 00:01:42.000,,
2026-03-11 21:02:32.000,"590422bb-9690-ee0adc28c6c982865b","9040d7fb-5bbf-1f0adc28c6c982865b","91320509667646651U","320000","320500","320509","320509003","1",未及时清扫,请按照管控措施要求完成整改,"1",,2023-11-20 00:00:00.000,,"0812",2023-11-20 15:44:36.000,吴江市佰亿佳木业有限责任公司,"1","1","33f3af84b4654627a2679010ed2db337",,"23038aba4fcccfd70adc28c6c982865b",,,,2023-11-20 15:44:36.000,,
2026-03-11 21:02:32.000,"590422bb-9690-eea8b22b37e94cd4b3","9040d7fb-5bbf-1fa8b22b37e94cd4b3","91320509667646651U","320000","320500","320509","320509003","1",未及时清扫,请按照管控措施要求完成整改,"1",,2023-11-20 00:00:00.000,,"0812",2023-11-20 15:44:36.000,吴江市佰亿佳木业有限责任公司,"1","1","33f3af84b4654627a2679010ed2db337",,cbfa08c8cdfd1dbea8b22b37e94cd4b3,,,,2023-11-20 15:44:36.000,,
2026-03-11 21:02:32.000,"590422bb-9690-eebbab8631ef63c557","9040d7fb-5bbf-1fbbab8631ef63c557","91320509667646651U","320000","320500","320509","320509003","1",未及时清扫,请按照管控措施要求完成整改,"1",,2023-11-20 00:00:00.000,,"0812",2023-11-20 15:44:36.000,吴江市佰亿佳木业有限责任公司,"1","1","33f3af84b4654627a2679010ed2db337",,"90bc09fc56144af6bbab8631ef63c557",,,,2023-11-20 15:44:36.000,,
2026-03-11 21:02:32.000,"59cfdb7c-79ec-20ae4e0ac532121ab1","1289068a-a5bb-56ae4e0ac532121ab1","91320509738255501J","320000","320500","320509","320509109","1",机器地坑无安全防护警示标牌,请按照管控措施要求完成整改,"1",,2023-11-24 00:00:00.000,,"0314",2023-11-24 15:16:12.000,苏州巨业制桶有限公司,"1","1","85649627774248878e29845aa5edf5de",,"45bf8d8823f83985ae4e0ac532121ab1",,,,2023-11-24 15:16:12.000,,
2026-03-11 21:02:32.000,"5a3e253d301e4a8d773cae21a753152e",rwjl5a3e253d301e773cae21a753152e,"913205827888899249","320000","320500","320582","320582106","1",严格按操作规程操作，禁止违章操作，停放转向轮未回正。,请按照管控措施要求完成整改,"1",,2023-12-08 00:00:00.000,,"0314",2023-11-08 00:00:00.000,张家港市东亚电机制造有限公司,"1","1","28cd2f132a024b8ca33c8f0449bbded1",,"31587b3e4cd17c71773cae21a753152e",,,,2023-11-29 00:00:32.000,,
2026-03-11 21:02:32.000,"5b43039b-55cd-ee141ec4da21b18fc1","1725d10b-5191-a2141ec4da21b18fc1","913205097564221827","320000","320500","320509","320509104","1",配备消防器材,请按照管控措施要求完成整改,"1",,2023-11-25 00:00:00.000,,"0309",2023-11-25 10:41:56.000,吴江市任意纺织有限公司,"1","1",f1daf8fc3db44a3f828dd26ce0d99a99,,"3f8147f51d884e70141ec4da21b18fc1",,,,2023-11-25 10:41:56.000,,
2026-03-11 21:02:32.000,"5b4abcd1a48540422a45a548d2c600dd",rwjl5b4abcd1a4852a45a548d2c600dd,"91320592793347636P","320000","320500","320582","320582403","1",作业现场检查发现未开具作业票。,请按照管控措施要求完成整改,"1",,2023-12-14 00:00:00.000,,"0301",2023-11-14 00:00:00.000,苏州利玛特能源装备有限公司,"1","1",d62e9f8a563c43018d5e02b8b2071651,,"40139e9e91b28dbf2a45a548d2c600dd",,,,2023-11-29 00:01:46.000,,
