"主键id","鉴定依据:1 民标 2 危标 3 工标 4 完标 5 其他","委托日期,2011-12-22 00:00:00","建筑地址,金筑街588号","鉴定机构","图斑ID,3205080016109","区域名称 姑苏","房屋类型,示例：1","鉴定报告访问地址","报告文件2","鉴定类型:1 安全性鉴定 2 危房性鉴定 3 其他","是否解危 1 已解危， !=1 未解危","鉴定结论","正式鉴定日期,2011-12-27 00:00:00","建筑名称","街道名称,示例：白洋湾街道","报告生成日期,2011-12-27 13:40:44","房间号码","区域ID,示例：320508","报告编号,示例：苏房安鉴[2011]金咨B字第10号","项目名称,示例：金筑街588号","街道ID","creator","create_time","updater","update_time","tenant_id","deleted"
2005452612433055745,"","2019-08-22 00:00:00",朱家园10号,"","3205080038760",姑苏,"1","","","3","","","2019-09-02 00:00:00","",沧浪街道,"2019-09-02 15:01:52","","320508",苏房安鉴[2019]意A危字第20号,朱家园10号,"",,2025-12-29 09:35:36.968,,2025-12-29 09:35:36.968,,0
1990715319705047041,"1","2023-10-10 00:00:00",江苏省苏州市常熟市浒浦镇新港路69号,常州市建筑科学研究院集团股份有限公司,"3205810101947",常熟,"1",http://218.4.84.173:8003\fileAnnexes/2deac5e3-7999-4e80-959a-2b2123dcfc3f/20231106/wu_1hehjsfbqo2q1stvth9su953r8.pdf,"","1",,Dsu,"",浒浦镇新港路69号,"","2023-10-18 00:00:00","","320581",【常熟】苏鉴字第014号2301621,浒浦镇新港路69号,"",,2025-11-18 17:34:52.577,,2025-11-18 17:34:52.577,,0
1988794591321698306,"1","2022-07-21 00:00:00",苏州市相城区黄埭镇中市北路92号春申中学 综合楼,苏州方正工程技术开发检测股份有限公司,"3205070021601",相城,"1",http://218.4.84.173:8003\fileAnnexes/6108c2ea-88af-4b67-9ace-c971e385e403/20251112/wu_1j9qvd1og1j8p1ps41smot94178s8.pdf,"","1","",Bsu,"",综 合 楼,"","2025-11-11 00:00:00","","320507","",综 合 楼,"",,2025-11-13 10:22:35.245,,2025-11-13 10:22:35.245,,0
2004125309815951362,"3","2023-03-31 00:00:00",苏州市吴中区东山镇洞庭路 8 号,江苏煜顺工程检测技术服务有限公司,"3205060209256",吴中,"1","","","1","",四,"",苏州市东山亚美二期3#厂房鉴定,东山镇,"2024-01-30 00:00:00","","320506",【吴中】苏鉴字第011号2300448,苏州市东山亚美二期3#厂房鉴定,"",,2025-12-25 17:41:23.365,,2025-12-25 17:41:23.365,,0
1988794654844432386,"","2022-07-02 00:00:00",相城区黄埭镇长平路10号,苏州市建设工程质量检测中心有限公司,"3205070045006",相城,"1","","","1","0","","",苏州济丰包装纸业有限公司厂房,黄埭镇,"","","320507","",苏州济丰包装纸业有限公司厂房,"",,2025-11-13 10:22:50.390,,2025-11-13 10:22:50.390,,0
1988794717012406273,"","2022-07-05 00:00:00",相城区春光路,苏州方正工程技术开发检测有限公司,"3205070021401",相城,"1","","","1","0","","",黄埭中心幼儿园西校区幼儿园,黄埭镇,"","","320507","",黄埭中心幼儿园西校区幼儿园,"",,2025-11-13 10:23:05.213,,2025-11-13 10:23:05.213,,0
2005452612449832961,"1","2024-03-05 00:00:00",常熟市金山路8号,江苏煜顺工程检测技术服务有限公司,"3205810650789",常熟,"1","","","1","",Csu,"",金山路集贸市场检测鉴定,"","2024-03-19 00:00:00","","320581",【常熟】苏鉴字第011号2400306,金山路集贸市场检测鉴定,"",,2025-12-29 09:35:36.972,,2025-12-29 09:35:36.972,,0
2004125311162322946,"1","2025-09-25 00:00:00",秋泽村16组卢家址42号,联检（江苏）科技股份有限公司,"3205090197746",吴江,"2","","","1","",Dsu,"",平望镇秋泽村16组卢家址42号房屋安全性鉴定,"","2025-10-21 00:00:00","","320509",【吴江】苏鉴字第014号2502119,平望镇秋泽村16组卢家址42号房屋安全性鉴定,"",,2025-12-25 17:41:23.686,,2025-12-25 17:41:23.686,,0
1988794768396824578,"1","2025-05-27 00:00:00",苏州市相城区黄埭镇春丰路 408号,苏州方正工程技术开发检测股份有限公司,"3205070015145",相城,"1",http://218.4.84.173:8003\fileAnnexes/6108c2ea-88af-4b67-9ace-c971e385e403/20250616/wu_1itrd0d8l9nmn7i1i6011ok5dn8.pdf,"","1","",Bsu,"",苏州市公安局相城分局黄埭派出所门卫,"","2025-06-13 00:00:00","","320507",【相城】苏鉴字第002号2500949,苏州市公安局相城分局黄埭派出所门卫,"",,2025-11-13 10:23:17.463,,2025-11-13 10:23:17.463,,0
1988794856728866818,"3","2024-03-22 00:00:00",苏州市相城区安民路2号,苏州方正工程技术开发检测有限公司,"3205070044851",相城,"1",http://218.4.84.173:8003\fileAnnexes/6108c2ea-88af-4b67-9ace-c971e385e403/20240527/wu_1hus0qeec1g1vd8bh241rhc19108.pdf,"","1","",二,"",苏州二叶制药有限公司研发生产原料药厂房,"","2024-04-29 00:00:00","","320507",【相城】苏鉴字第002号2400491,苏州二叶制药有限公司研发生产原料药厂房,"",,2025-11-13 10:23:38.524,,2025-11-13 10:23:38.524,,0
2004125328241528833,"","2021-12-02 00:00:00",平望镇溪港村6组生田圩15号,"","3205090444173",吴江,"2","","","3","","","2021-12-02 00:00:00","",平望镇,"2021-12-02 13:37:18","","320509",苏房农住危鉴[2021]意A字第16号,平望镇溪港村6组生田圩15号,"",,2025-12-25 17:41:27.757,,2025-12-25 17:41:27.757,,0
2004125328245723138,"2","2022-12-26 14:19:06","6组生田圩15号朱小根（史惠英）","","3205090444173",吴江,"2","","","2","0",D,"","",平望镇,"","","","","6组生田圩15号朱小根（史惠英）_","",,2025-12-25 17:41:27.758,,2025-12-25 17:41:27.758,,0
1988795052485423106,"","2023-04-03 00:00:00",黄埭镇太东路2988号,苏州中正工程检测有限公司,"3205070083528",相城,"1",http://218.4.84.173:8003\fileAnnexes/dfe9928a-8830-47a0-8890-93cb0bc10487/20230417/wu_1gu6bucgg65at3v1ada1g04kc08.pdf,"","1","","","",领裕电子5#厂房,"","2023-04-17 00:00:00","","320507",【相城】苏鉴字第005号2300480,领裕电子5#厂房,"",,2025-11-13 10:24:25.195,,2025-11-13 10:24:25.195,,0
1988795057904463874,"3","2023-01-10 00:00:00",苏州市相城区黄埭镇东桥安民路2号,苏州方正工程技术开发检测有限公司,"3205070044464",相城,"1",http://218.4.84.173:8003\fileAnnexes/ca22631d-f3fa-4c3a-93e4-5e55c01de841/20230118/wu_1gn1qlc727us1qr210ci1hv4hv38.pdf,"","1","",b,"",苏州二叶制药有限公司全球CMC生产及研发中心项目（综合制剂车间、泵房）装修工程房屋安全鉴定,"","2023-01-14 00:00:00","","320507",【相城】苏鉴字第002号2300073,苏州二叶制药有限公司全球CMC生产及研发中心项目（综合制剂车间、泵房）装修工程房屋安全鉴定,"",,2025-11-13 10:24:26.487,,2025-11-13 10:24:26.487,,0
1988795060840476674,"3","2023-02-20 00:00:00",相城区黄埭镇健民路75号,苏州恒信建设技术开发检测有限公司,"3205070039771",相城,"1",http://218.4.84.173:8003\fileAnnexes/cee3f9c2-81fe-4107-a32b-bb8cf2bc9dc2/20230621/wu_1h3e3o26rnv3ucs1paq15ub1neh8.pdf,"","1","",一,"",苏州明纬科技有限公司 75#(04 区)车间,"","2023-05-28 00:00:00","","320507",【相城】苏鉴字第010号2300264,苏州明纬科技有限公司 75#(04 区)车间,"",,2025-11-13 10:24:27.187,,2025-11-13 10:24:27.187,,0
1988795071611449346,"1","2025-07-08 00:00:00",人民路(街、巷)无号,苏州方正工程技术开发检测股份有限公司,"3205070045230",相城,"1",http://218.4.84.173:8003\fileAnnexes/6108c2ea-88af-4b67-9ace-c971e385e403/20250826/wu_1j3iqtopf1bvd18o14v0124ac5c8.pdf,"","1","",Bsu,"",黄埭镇社区卫生服务中心辅房,黄埭镇,"2025-08-02 00:00:00","","320507",【相城】苏鉴字第002号2501386,黄埭镇社区卫生服务中心辅房,"",,2025-11-13 10:24:29.755,,2025-11-13 10:24:29.755,,0
1988795082814435330,"3","2023-03-02 00:00:00",湖村荡路16号,苏州中正工程检测有限公司,"3205070079480",相城,"1",http://218.4.84.173:8003\fileAnnexes/dfe9928a-8830-47a0-8890-93cb0bc10487/20230313/wu_1grc6mlsnjhe1kdf1pfg1ecqtnv8.pdf,"","1","",a,"",长风药业股份有限公司仓库装修工程,漕湖街道,"2023-03-08 00:00:00","","320507",【相城】苏鉴字第005号2300279,长风药业股份有限公司仓库装修工程,"",,2025-11-13 10:24:32.426,,2025-11-13 10:24:32.426,,0
1988795090712309762,"3","2025-05-07 00:00:00",康阳路311号,苏州市相城检测股份有限公司,"3205070079648",相城,"1",http://218.4.84.173:8003\fileAnnexes/a2261d72-decc-4d6c-bcbd-e0847b72469c/20250620/wu_1iu5jim06s16191v861v26dri8.pdf,"","1","",二,"",漕湖污水处理厂反冲洗设施间,漕湖街道,"2025-05-30 00:00:00","","320507",【相城】苏鉴字第007号2501043,漕湖污水处理厂反冲洗设施间,"",,2025-11-13 10:24:34.310,,2025-11-13 10:24:34.310,,0
2004125332175785985,"","2012-07-04 00:00:00",龙惠花苑11幢901室,"","3205050007581",虎丘,"1","","","3","","","2012-07-06 00:00:00","","","2012-07-06 13:58:38","","320505",苏房安鉴[2012]改A字第1806号,龙惠花苑11幢901室,"",,2025-12-25 17:41:28.696,,2025-12-25 17:41:28.696,,0
2005452612454027265,"1","2025-01-09 00:00:00",江苏省常熟市金山路8号,江苏煜顺工程检测技术服务有限公司,"3205810650789",常熟,"1","","","1","",Bsu,"",金山路集贸市场房屋加固后安全性鉴定,"","2025-02-20 00:00:00","","320581",【常熟】苏鉴字第011号2500198,金山路集贸市场房屋加固后安全性鉴定,"",,2025-12-29 09:35:36.973,,2025-12-29 09:35:36.973,,0
2005452614752505858,"","2023-07-10 00:00:00",蔺谊西路8号车坊实验小学,苏州市建设工程质量检测中心有限公司,"3205710007244",园区,"1","","","1","","","",苏州工业园区车坊实验小学原幼教楼,斜塘街道,"","","320571","",苏州工业园区车坊实验小学原幼教楼,"",,2025-12-29 09:35:37.522,,2025-12-29 09:35:37.522,,0
1988794485558128641,"3","2024-05-18 00:00:00",春秋路(街、巷)20号无栋,苏州方正工程技术开发检测有限公司,"3205070084582",相城,"1",http://218.4.84.173:8003\fileAnnexes/6108c2ea-88af-4b67-9ace-c971e385e403/20240606/wu_1hvlgt8us1qic4i3br9v1k17nb8.pdf,"","1","",二,"",春秋路20号资产房屋2幢,黄埭镇,"2024-06-05 00:00:00","","320507",【相城】苏鉴字第002号2400558,春秋路20号资产房屋2幢,"",,2025-11-13 10:22:10.029,,2025-11-13 10:22:10.029,,0
1988794500011700226,"1","2024-08-21 00:00:00",黄埭镇农贸北街,苏州方正工程技术开发检测有限公司,"3205070040827",相城,"1",http://218.4.84.173:8003\fileAnnexes/6108c2ea-88af-4b67-9ace-c971e385e403/20241119/wu_1id0uhh6hk261r20ic951ls6m8.pdf,"","1","",Csu,"",原东桥农贸市场房屋,黄埭镇,"2024-10-31 00:00:00","","320507",【相城】苏鉴字第002号2401245,原东桥农贸市场房屋,"",,2025-11-13 10:22:13.475,,2025-11-13 10:22:13.475,,0
2005452614765088769,"3","2025-09-16 00:00:00",江苏常熟新材料产业园海宁路12号,南京南大工程检测有限公司,"3205810574302",常熟,"1","","","1","","","",常熟世名化工科技有限公司12幢安全性鉴定,"","","","320581","",常熟世名化工科技有限公司12幢安全性鉴定,"",,2025-12-29 09:35:37.524,,2025-12-29 09:35:37.524,,0
1988794520735756290,"1","2025-05-27 00:00:00",苏州市相城区黄埭镇春丰路408号,苏州方正工程技术开发检测股份有限公司,"3205070015148",相城,"1",http://218.4.84.173:8003\fileAnnexes/6108c2ea-88af-4b67-9ace-c971e385e403/20250616/wu_1itrcu501kn01e7ft4imas13ap8.pdf,"","1","",Bsu,"",苏州市公安局相城分局黄埭派出所业务用房,"","2025-06-13 00:00:00","","320507",【相城】苏鉴字第002号2500948,苏州市公安局相城分局黄埭派出所业务用房,"",,2025-11-13 10:22:18.418,,2025-11-13 10:22:18.418,,0
2004125332179980290,"","2012-07-04 00:00:00",龙惠花苑11幢1503室,"","3205050007581",虎丘,"1","","","3","","","2012-07-06 00:00:00","","","2012-07-06 13:59:18","","320505",苏房安鉴[2012]改A字第1808号,龙惠花苑11幢1503室,"",,2025-12-25 17:41:28.696,,2025-12-25 17:41:28.696,,0
2005452615230656513,"1","2023-12-15 00:00:00",敦煌路377路,吴江市建设工程质量检测中心有限公司,"3205090210494",吴江,"1","","","1","","","",盛泽镇敦煌路377号1幢101室,盛泽镇,"2023-12-27 00:00:00","","320509",【吴江】苏鉴字第017号2301956,盛泽镇敦煌路377号1幢101室,"",,2025-12-29 09:35:37.635,,2025-12-29 09:35:37.635,,0
1988795092197093377,"1","2023-03-04 00:00:00",马家娄路1号,中国建材检验认证集团江苏有限公司,"3205070078702",相城,"1",http://218.4.84.173:8003\fileAnnexes/1fe27115-0ec1-463f-aeba-325092ea285f/20230704/wu_1h4g13lbj1b9i1rfdlop10cokgv8.pdf,"","1","",Bsu,"",漕湖永昌泾花苑二期配套用房结构安全鉴定,漕湖街道,"2023-07-04 00:00:00","","320507",【相城】苏鉴字第004号2300459,漕湖永昌泾花苑二期配套用房结构安全鉴定,"",,2025-11-13 10:24:34.662,,2025-11-13 10:24:34.662,,0
2005452615239045122,"1","2025-11-06 00:00:00",吴江区敦煌路377路,联检（江苏）科技股份有限公司,"3205090210494",吴江,"1","","","1","","","",黄家溪商会大厦1幢106室装修改造项目（四楼）,"","2025-11-27 00:00:00","","320509",【吴江】苏鉴字第014号2502441,黄家溪商会大厦1幢106室装修改造项目（四楼）,"",,2025-12-29 09:35:37.637,,2025-12-29 09:35:37.637,,0
2005452616694468610,"","2022-11-28 00:00:00",昆山市陆家镇泗桥社区苗圃场路64-1号,昆山市房屋安全鉴定管理站,"3205830260967",昆山,"1","","","2","","","",昆山市陆家镇泗桥社区苗圃场路64号西南侧苗圃场房屋,陆家镇,"","","320583","",昆山市陆家镇泗桥社区苗圃场路64号西南侧苗圃场房屋,"",,2025-12-29 09:35:37.985,,2025-12-29 09:35:37.985,,0
2004125333463437314,"","2011-07-13 00:00:00",金龙花园10幢403室,"","3205050050582",虎丘,"1","","","3","","","2011-07-19 00:00:00","","","2011-07-19 15:27:09","","320505",苏房安鉴[2011]审B字第1989号,金龙花园10幢403室,"",,2025-12-25 17:41:29.002,,2025-12-25 17:41:29.002,,0
2004125335199879169,"","2016-06-08 00:00:00",晨曦馨苑2幢201室,"","3205070069406",相城,"1","","","3","","","","","","2016-06-08 13:42:19","","320507",苏房安鉴[2016]内改B字第1545号,晨曦馨苑2幢201室,"",,2025-12-25 17:41:29.416,,2025-12-25 17:41:29.416,,0
2004125335199879170,"","2017-03-02 00:00:00",文昌花园19幢104室,"","3205050030943",虎丘,"1","","","3","","","","","","2017-03-02 16:45:57","","320505",苏房安鉴[2017]内改B字第167号,文昌花园19幢104室,"",,2025-12-25 17:41:29.417,,2025-12-25 17:41:29.417,,0
2005452620330930177,"","2011-04-19 00:00:00",名湖花园20幢803室,"","3205710004703",园区,"1","","","3","","","2011-04-25 00:00:00","","","2011-04-25 14:25:44","","320571",苏房安鉴[2011]审A字第1061号,名湖花园20幢803室,"",,2025-12-29 09:35:38.852,,2025-12-29 09:35:38.852,,0
2005452620339318786,"1","2023-01-30 00:00:00",福杭路(街、巷),苏州市相城检测股份有限公司,"3205070028996",相城,"1","","","1","",au,"",何家角智能产业园放入服务站,望亭镇,"2023-03-07 00:00:00","","320507",【相城】苏鉴字第007号2300272,何家角智能产业园放入服务站,"",,2025-12-29 09:35:38.853,,2025-12-29 09:35:38.853,,0
2004125335204073474,"","2012-04-05 00:00:00",晨曦馨苑2幢302室,"","3205070069406",相城,"1","","","3","","","2012-04-10 00:00:00","","","2012-04-11 09:45:20","","320507",苏房安鉴[2012]改A字第871号,晨曦馨苑2幢302室,"",,2025-12-25 17:41:29.417,,2025-12-25 17:41:29.417,,0
2004125335204073475,"","2010-05-12 00:00:00",文昌花园19幢1105室,"","3205050030943",虎丘,"1","","","3","","","2010-05-14 00:00:00","","","2010-05-14 11:35:54","","320505",苏房安鉴[2010]审A字第1405号,文昌花园19幢1105室,"",,2025-12-25 17:41:29.417,,2025-12-25 17:41:29.417,,0
2004125335204073476,"","2011-07-04 00:00:00",晨曦馨苑2幢502室,"","3205070069406",相城,"1","","","3","","","2011-07-06 00:00:00","","","2011-07-06 14:23:40","","320507",苏房安鉴[2011]审A字第2151号,晨曦馨苑2幢502室,"",,2025-12-25 17:41:29.418,,2025-12-25 17:41:29.418,,0
2004125335208267777,"","2012-06-18 00:00:00",晨曦馨苑2幢103室,"","3205070069406",相城,"1","","","3","","","2012-06-27 00:00:00","","","2012-06-27 12:33:04","","320507",苏房安鉴[2012]改B字第1674号,晨曦馨苑2幢103室,"",,2025-12-25 17:41:29.418,,2025-12-25 17:41:29.418,,0
2004125335208267778,"","2011-07-12 00:00:00",晨曦馨苑2幢506室,"","3205070069406",相城,"1","","","3","","","2011-07-14 00:00:00","","","2011-07-14 11:16:00","","320507",苏房安鉴[2011]审B字第1926号,晨曦馨苑2幢506室,"",,2025-12-25 17:41:29.418,,2025-12-25 17:41:29.418,,0
2004125335208267779,"","2011-06-10 00:00:00",晨曦馨苑2幢501室,"","3205070069406",相城,"1","","","3","","","2011-06-15 00:00:00","","","2011-06-15 13:02:20","","320507",苏房安鉴[2011]审B字第1484号,晨曦馨苑2幢501室,"",,2025-12-25 17:41:29.419,,2025-12-25 17:41:29.419,,0
2004125335212462081,"","2011-05-13 00:00:00",晨曦馨苑2幢505室,"","3205070069406",相城,"1","","","3","","","2011-05-17 00:00:00","","","2011-05-18 08:44:09","","320507",苏房安鉴[2011]审B字第1289号,晨曦馨苑2幢505室,"",,2025-12-25 17:41:29.419,,2025-12-25 17:41:29.419,,0
2004125335212462082,"","2011-05-31 00:00:00",晨曦馨苑2幢104室,"","3205070069406",相城,"1","","","3","","","2011-06-08 00:00:00","","","2011-06-08 16:21:48","","320507",苏房安鉴[2011]审B字第1431号,晨曦馨苑2幢104室,"",,2025-12-25 17:41:29.419,,2025-12-25 17:41:29.419,,0
2005452629935886338,"","2013-04-25 00:00:00",钮家巷33号,"","3205080057685",姑苏,"1","","","3","","","2013-05-02 00:00:00","","","2013-05-02 13:38:26","","320508",苏房安鉴[2013]平咨B字第4号,钮家巷33号,"",,2025-12-29 09:35:41.141,,2025-12-29 09:35:41.141,,0
2005452629940080642,"","2008-04-24 00:00:00",钮家巷33号,"","3205080057685",姑苏,"1","","","3","","","2008-04-30 00:00:00","","","2008-04-30 09:00:12","","320508",苏房鉴司[2008]平咨B字第46号,钮家巷33号,"",,2025-12-29 09:35:41.142,,2025-12-29 09:35:41.142,,0
2008054430245818369,"","2015-11-06 00:00:00",国宾花园278幢603室,"","3205710005550",园区,"1","","","3","","","","","","2015-11-06 09:15:44","","320571",苏房安鉴[2015]内改A字第2986号,国宾花园278幢603室,"",,2026-01-05 13:54:18.674,,2026-01-05 13:54:18.674,,0
2004125335212462083,"","2012-04-10 00:00:00",晨曦馨苑2幢102室,"","3205070069406",相城,"1","","","3","","","2012-04-13 00:00:00","","","2012-04-13 14:24:18","","320507",苏房安鉴[2012]改B字第1002号,晨曦馨苑2幢102室,"",,2025-12-25 17:41:29.420,,2025-12-25 17:41:29.420,,0
1988795217866829826,"","2011-11-08 00:00:00",渭西村,"","3205070071553",相城,"2",http://218.4.84.173:8199/identify-report/B5B8556E-8D53-4C99-BE2B-ABDD25CC59F3.pdf,"","3","","","2011-11-10 00:00:00","",渭塘镇,"2011-11-10 16:46:36","","320507",苏房安鉴[2011]鉴A字第35号,渭西村,"",,2025-11-13 10:25:04.625,,2025-11-13 10:25:04.625,,0
2004125335216656385,"","2010-11-04 00:00:00",文昌花园19幢805室,"","3205050030943",虎丘,"1","","","3","","","2010-11-10 00:00:00","","","2010-11-12 14:13:28","","320505",苏房安鉴[2010]审A字第3986号,文昌花园19幢805室,"",,2025-12-25 17:41:29.420,,2025-12-25 17:41:29.420,,0
1988795295935410177,"1","2022-11-04 00:00:00",北雪泾路99号,苏州市相城检测股份有限公司,"3205070144766",相城,"1",http://218.4.84.173:8003\fileAnnexes/a2261d72-decc-4d6c-bcbd-e0847b72469c/20231117/wu_1hfdhacjl15hu17kc1vqc1mvb1rq98.pdf,"","1","",Bsu,"",北雪泾路99号渭塘护理院门卫,渭塘镇,"2023-09-07 00:00:00","","320507",【相城】苏鉴字第007号2301367,北雪泾路99号渭塘护理院门卫,"",,2025-11-13 10:25:23.238,,2025-11-13 10:25:23.238,,0
2004125335216656386,"","2012-03-26 00:00:00",晨曦馨苑2幢503室,"","3205070069406",相城,"1","","","3","","","2012-03-28 00:00:00","","","2012-03-28 17:00:15","","320507",苏房安鉴[2012]改B字第814号,晨曦馨苑2幢503室,"",,2025-12-25 17:41:29.420,,2025-12-25 17:41:29.420,,0
2004125335220850689,"","2010-03-02 00:00:00",文昌花园19幢206室,"","3205050030943",虎丘,"1","","","3","","","2010-03-09 00:00:00","","","2010-03-09 09:01:43","","320505",苏房安鉴[2010]装咨A字第479号,文昌花园19幢206室,"",,2025-12-25 17:41:29.421,,2025-12-25 17:41:29.421,,0
1988795314683949057,"1","2023-07-27 00:00:00",澄阳路2568号,中国建材检验认证集团江苏有限公司,"3205070054223",相城,"1",http://218.4.84.173:8003\fileAnnexes/1fe27115-0ec1-463f-aeba-325092ea285f/20231127/wu_1hg7ul6tp2gk101ucao1fp9nje8.pdf,"","1","",Bsu,"",看台,渭塘镇,"2023-10-16 00:00:00","","320507",【相城】苏鉴字第004号2301415,看台,"",,2025-11-13 10:25:27.708,,2025-11-13 10:25:27.708,,0
2005452631743631361,"1","2024-11-22 00:00:00",李闸路167号2幢,江苏省建筑工程质量检测中心有限公司,"3205810209970",常熟,"1","","","1","",Dsu,"",常熟市虞山街道李闸路167号2#楼,虞山街道,"2024-12-23 00:00:00","","320581",【常熟】苏鉴字第012号2401458,常熟市虞山街道李闸路167号2#楼,"",,2025-12-29 09:35:41.574,,2025-12-29 09:35:41.574,,0
2004125335220850690,"","2011-06-16 00:00:00",晨曦馨苑2幢301室,"","3205070069406",相城,"1","","","3","","","2011-06-20 00:00:00","","","2011-06-21 17:12:37","","320507",苏房安鉴[2011]审B字第1556号,晨曦馨苑2幢301室,"",,2025-12-25 17:41:29.421,,2025-12-25 17:41:29.421,,0
2004125336240066561,"1","2022-10-24 00:00:00",相城阳澄湖度假区老盛饭店,苏州中正工程检测有限公司,"3205070128730",相城,"2","","","1","0",Bsu,"",相城阳澄湖度假区老盛饭店,"","2022-10-28 00:00:00","","320507",【相城】苏鉴字第005号2200463,相城阳澄湖度假区老盛饭店,"",,2025-12-25 17:41:29.664,,2025-12-25 17:41:29.664,,0
2004125337003429889,"","2014-06-09 00:00:00",梧桐树花园8幢601室,"","3205050020818",虎丘,"1","","","3","","","2014-06-09 00:00:00","","","2014-06-12 14:47:57","","320505",苏房安鉴[2014]改B字第2640号,梧桐树花园8幢601室,"",,2025-12-25 17:41:29.846,,2025-12-25 17:41:29.846,,0
1988795337781981185,"1","2023-08-01 00:00:00",渭星街111号,中国建材检验认证集团江苏有限公司,"3205070059457",相城,"1",http://218.4.84.173:8003\fileAnnexes/1fe27115-0ec1-463f-aeba-325092ea285f/20240925/wu_1i8k88fkfda46iu12qjhk911en8.pdf,"","1","",Bsu,"",教学楼1（怀珠楼）,渭塘镇,"2024-08-25 00:00:00","","320507",【相城】苏鉴字第004号2301485,教学楼1（怀珠楼）,"",,2025-11-13 10:25:33.215,,2025-11-13 10:25:33.215,,0
2004125337003429890,"","2016-04-28 00:00:00",梧桐树花园8幢901室,"","3205050020818",虎丘,"1","","","3","","","","","","2016-04-28 16:29:03","","320505",苏房安鉴[2016]内改B字第1248号,梧桐树花园8幢901室,"",,2025-12-25 17:41:29.847,,2025-12-25 17:41:29.847,,0
2004125337007624194,"","2014-06-09 00:00:00",梧桐树花园8幢602室,"","3205050020818",虎丘,"1","","","3","","","2014-06-09 00:00:00","","","2014-06-12 14:54:22","","320505",苏房安鉴[2014]改B字第2642号,梧桐树花园8幢602室,"",,2025-12-25 17:41:29.847,,2025-12-25 17:41:29.847,,0
2004125337007624195,"","2014-06-09 00:00:00",梧桐树花园8幢302室,"","3205050020818",虎丘,"1","","","3","","","2014-06-09 00:00:00","","","2014-06-12 14:51:05","","320505",苏房安鉴[2014]改B字第2641号,梧桐树花园8幢302室,"",,2025-12-25 17:41:29.848,,2025-12-25 17:41:29.848,,0
2004125338504990722,"","2020-11-23 00:00:00",新康花园137幢1005室,"","3205080010193",姑苏,"1","","","3","","","2020-11-25 00:00:00","","","2020-11-25 16:52:53","","320508",苏房安鉴[2020]意A维字第502号,新康花园137幢1005室,"",,2025-12-25 17:41:30.204,,2025-12-25 17:41:30.204,,0
2005452632406331393,"","2008-03-19 00:00:00",丑弄8号,"","3205080049144",姑苏,"1","","","3","","","2008-03-26 00:00:00","","","2008-03-26 16:58:56","","320508",苏房鉴处[2008]危咨A字第11号,丑弄8号,"",,2025-12-29 09:35:41.730,,2025-12-29 09:35:41.730,,0
1988795399501164546,"1","2023-07-28 00:00:00",渭中路508,中国建材检验认证集团江苏有限公司,"3205070157041",相城,"1",http://218.4.84.173:8003\fileAnnexes/1fe27115-0ec1-463f-aeba-325092ea285f/20231127/wu_1hg7pnoi6chm11ac1sfb11av3f48.pdf,"","1","",Bsu,"",门卫,渭塘镇,"2023-10-18 00:00:00","","320507",【相城】苏鉴字第004号2301449,门卫,"",,2025-11-13 10:25:47.930,,2025-11-13 10:25:47.930,,0
1988795422083297281,"1","2023-07-29 00:00:00",渭中路34号,中国建材检验认证集团江苏有限公司,"3205070059437",相城,"1",http://218.4.84.173:8003\fileAnnexes/1fe27115-0ec1-463f-aeba-325092ea285f/20231212/wu_1hhdrifdu7pbe24eqa19vm1u0n8.pdf,"","1","",Bsu,"",体育馆,渭塘镇,"2023-12-12 00:00:00","","320507",【相城】苏鉴字第004号2301519,体育馆,"",,2025-11-13 10:25:53.314,,2025-11-13 10:25:53.314,,0
2000884799231950849,"2","2022-12-26 14:19:02","14组20号陈勇","","3205820246254",张家港,"2","","","2","1",D,"","",经开区（杨舍镇）,"","","","","14组20号陈勇_","",,2025-12-16 19:04:45.437,,2025-12-16 19:04:45.437,,0
2004125338509185026,"","2012-10-08 00:00:00",博雅苑16幢101室,"","3205060000361",姑苏,"1","","","3","","","2012-10-09 00:00:00","","","2012-10-10 09:01:16","","320508",苏房安鉴[2012]改B字第3432号,博雅苑16幢101室,"",,2025-12-25 17:41:30.205,,2025-12-25 17:41:30.205,,0
2004125338509185027,"","2020-11-23 00:00:00",新康花园137幢301室,"","3205080010193",姑苏,"1","","","3","","","2020-11-25 00:00:00","","","2020-11-25 16:40:26","","320508",苏房安鉴[2020]意A维字第481号,新康花园137幢301室,"",,2025-12-25 17:41:30.206,,2025-12-25 17:41:30.206,,0
2004125338513379329,"","2017-04-14 00:00:00",新康花园137幢1003室,"","3205080010193",姑苏,"1","","","3","","","2017-05-18 00:00:00","","","2017-05-18 19:06:09","","320508",苏房安鉴[2017]咨B用字第213号,新康花园137幢1003室,"",,2025-12-25 17:41:30.206,,2025-12-25 17:41:30.206,,0
2004125338513379330,"","2020-11-23 00:00:00",新康花园137幢903室,"","3205080010193",姑苏,"1","","","3","","","2020-11-25 00:00:00","","","2020-11-25 16:51:44","","320508",苏房安鉴[2020]意A维字第500号,新康花园137幢903室,"",,2025-12-25 17:41:30.206,,2025-12-25 17:41:30.206,,0
2004125338513379331,"","2017-04-14 00:00:00",新康花园137幢805室,"","3205080010193",姑苏,"1","","","3","","","2017-05-18 00:00:00","","","2017-05-18 19:11:25","","320508",苏房安鉴[2017]咨B用字第220号,新康花园137幢805室,"",,2025-12-25 17:41:30.207,,2025-12-25 17:41:30.207,,0
2004125338517573634,"","2017-04-14 00:00:00",新康花园137幢504室,"","3205080010193",姑苏,"1","","","3","","","2017-05-18 00:00:00","","","2017-05-18 19:09:45","","320508",苏房安鉴[2017]咨B用字第217号,新康花园137幢504室,"",,2025-12-25 17:41:30.207,,2025-12-25 17:41:30.207,,0
2005452632410525697,"1","2022-11-20 00:00:00",苏州市吴中区花卉街31号,苏州市建设工程质量检测中心有限公司,"3205060025320",吴中,"1","","","1","0",Csu,"",苏苑市场提升改造项目（二期）,长桥街道,"2022-11-29 00:00:00","","320506",【吴中】苏鉴字第001号2200641,苏苑市场提升改造项目（二期）,"",,2025-12-29 09:35:41.731,,2025-12-29 09:35:41.731,,0
2004125338517573635,"","2019-08-22 00:00:00",新康花园137幢802室,"","3205080010193",姑苏,"1","","","3","","","2019-08-27 00:00:00","","","2019-08-27 11:24:12","","320508",苏房安鉴[2019]意A维字第331号,新康花园137幢802室,"",,2025-12-25 17:41:30.207,,2025-12-25 17:41:30.207,,0
1988795433156259841,"1","2023-08-01 00:00:00",渭星街111号,中国建材检验认证集团江苏有限公司,"3205070059461",相城,"1",http://218.4.84.173:8003\fileAnnexes/1fe27115-0ec1-463f-aeba-325092ea285f/20240902/wu_1i6pcmemifk51i2n13l01cls1ju8.pdf,"","1","",Bsu,"",传达室,渭塘镇,"2023-10-18 00:00:00","","320507",【相城】苏鉴字第004号2301491,传达室,"",,2025-11-13 10:25:55.954,,2025-11-13 10:25:55.954,,0
1988795435303743490,"","2016-09-18 00:00:00",渭中路100号,"","3205070054035",相城,"1",http://218.4.84.173:8199/identify-report/C289421D-9D26-474D-9A26-08E3D65AD190.pdf,"","3","","","2016-10-08 00:00:00","",渭塘镇,"2016-10-08 13:44:24","","320507",苏房安鉴[2016]鉴A字第32号,渭中路100号,"",,2025-11-13 10:25:56.466,,2025-11-13 10:25:56.466,,0
1988795465808916482,"1","2023-07-29 00:00:00",渭中路34号,中国建材检验认证集团江苏有限公司,"3205070059438",相城,"1",http://218.4.84.173:8003\fileAnnexes/1fe27115-0ec1-463f-aeba-325092ea285f/20231127/wu_1hg7ofpgk18v51g9g1e4c17e51at48.pdf,"","1","",Bsu,"",前教学楼,渭塘镇,"2023-10-16 00:00:00","","320507",【相城】苏鉴字第004号2301451,前教学楼,"",,2025-11-13 10:26:03.739,,2025-11-13 10:26:03.739,,0
2004125338517573636,"","2009-04-21 00:00:00",博雅苑16幢104室,"","3205060000361",姑苏,"1","","","3","","","2009-04-23 00:00:00","","","2009-04-24 08:58:42","","320508",苏房鉴处[2009]装咨B字第820号,博雅苑16幢104室,"",,2025-12-25 17:41:30.208,,2025-12-25 17:41:30.208,,0
1988795480602226690,"1","2024-10-11 00:00:00",爱格豪路88号,苏州市相城检测股份有限公司,"3205070052254",相城,"1",http://218.4.84.173:8003\fileAnnexes/a2261d72-decc-4d6c-bcbd-e0847b72469c/20250401/wu_1ino6mtct147ucjj3uaq21h728.pdf,"","1","",Bsu,"",博南欣,渭塘镇,"2025-03-31 00:00:00","","320507",【相城】苏鉴字第007号2500338,博南欣,"",,2025-11-13 10:26:07.266,,2025-11-13 10:26:07.266,,0
2004125338521767938,"","2016-08-16 00:00:00",新康花园137幢1006室,"","3205080010193",姑苏,"1","","","3","","","2016-08-24 00:00:00","","","2016-08-24 10:21:40","","320508",苏房安鉴[2016]咨B用字第22号,新康花园137幢1006室,"",,2025-12-25 17:41:30.208,,2025-12-25 17:41:30.208,,0
2004125338521767939,"","2020-11-23 00:00:00",新康花园137幢105室,"","3205080010193",姑苏,"1","","","3","","","2020-11-25 00:00:00","","","2020-11-25 16:44:12","","320508",苏房安鉴[2020]意A维字第487号,新康花园137幢105室,"",,2025-12-25 17:41:30.208,,2025-12-25 17:41:30.208,,0
1988795533324627969,"1","2023-07-30 00:00:00",渭中路10号,中国建材检验认证集团江苏有限公司,"3205070059444",相城,"1",http://218.4.84.173:8003\fileAnnexes/1fe27115-0ec1-463f-aeba-325092ea285f/20231110/wu_1herb5t2b1blb5ua1mep69d1kne8.pdf,"","1","",Bsu,"",门卫,渭塘镇,"2023-10-18 00:00:00","","320507",【相城】苏鉴字第004号2301459,门卫,"",,2025-11-13 10:26:19.837,,2025-11-13 10:26:19.837,,0
2004125338521767940,"","2019-08-22 00:00:00",新康花园137幢902室,"","3205080010193",姑苏,"1","","","3","","","2019-08-27 00:00:00","","","2019-08-27 18:03:34","","320508",苏房安鉴[2019]意A维字第341号,新康花园137幢902室,"",,2025-12-25 17:41:30.209,,2025-12-25 17:41:30.209,,0
1988795559291564034,"1","2023-07-27 00:00:00",渭中路508号,中国建材检验认证集团江苏有限公司,"3205070058375",相城,"1",http://218.4.84.173:8003\fileAnnexes/1fe27115-0ec1-463f-aeba-325092ea285f/20231127/wu_1hg7ute9j9eb1up7ck219onusk8.pdf,"","1","",au,"",门卫,渭塘镇,"2023-10-16 00:00:00","","320507",【相城】苏鉴字第004号2301414,门卫,"",,2025-11-13 10:26:26.027,,2025-11-13 10:26:26.027,,0
1988795566707093505,"1","2025-09-13 00:00:00",金鲤鱼大酒店,江苏方建质量鉴定检测有限公司,"3205070059221",相城,"1","","","1","","","",渭塘镇渭星街北侧2幢房屋,渭塘镇,"","","320507","",渭塘镇渭星街北侧2幢房屋,"",,2025-11-13 10:26:27.795,,2025-11-13 10:26:27.795,,0
1988795591453487106,"1","2023-07-30 00:00:00",渭中路10号,中国建材检验认证集团江苏有限公司,"3205070059443",相城,"1",http://218.4.84.173:8003\fileAnnexes/1fe27115-0ec1-463f-aeba-325092ea285f/20231110/wu_1herb7hr1118e119916u6tpu12tc8.pdf,"","1","",Bsu,"",综合楼,渭塘镇,"2023-10-27 00:00:00","","320507",【相城】苏鉴字第004号2301457,综合楼,"",,2025-11-13 10:26:33.694,,2025-11-13 10:26:33.694,,0
1988795615084195842,"3","2025-05-30 00:00:00",广济北路与石牌泾路交汇处东北方向,苏州市相城检测股份有限公司,"3205070104994",相城,"1",http://218.4.84.173:8003\fileAnnexes/a2261d72-decc-4d6c-bcbd-e0847b72469c/20250916/wu_1j58h2jldc4sgiigck1lj5phb8.pdf,"","1","",二,"",一泓污水处理厂变配电间及鼓风机房,北桥街道,"2025-06-20 00:00:00","","320507",【相城】苏鉴字第007号2501123,一泓污水处理厂变配电间及鼓风机房,"",,2025-11-13 10:26:39.329,,2025-11-13 10:26:39.329,,0
2005452633639456770,"3","2023-04-13 00:00:00",江苏省太仓港港口开发区银港路88号,苏州市建设工程质量检测中心有限公司,"3205850216771",太仓,"1","","","1","",一,"",太仓市浮桥镇银港路88号2幢,浮桥镇,"2023-04-17 00:00:00","","320585",【太仓】苏鉴字第001号2300499,太仓市浮桥镇银港路88号2幢,"",,2025-12-29 09:35:42.024,,2025-12-29 09:35:42.024,,0
1988795636449980417,"3","2025-05-30 00:00:00",广济北路与石牌泾路交汇处东北方向,苏州市相城检测股份有限公司,"3205070105012",相城,"1",http://218.4.84.173:8003\fileAnnexes/a2261d72-decc-4d6c-bcbd-e0847b72469c/20250917/wu_1j5amvfno14gtj5q308f2j1bf8.pdf,"","1","",二,"",一泓污水处理厂加药间,北桥街道,"2025-06-20 00:00:00","","320507",【相城】苏鉴字第007号2501118,一泓污水处理厂加药间,"",,2025-11-13 10:26:44.423,,2025-11-13 10:26:44.423,,0
2004125338525962243,"","2017-04-14 00:00:00",新康花园137幢702室,"","3205080010193",姑苏,"1","","","3","","","2017-05-18 00:00:00","","","2017-05-18 19:12:20","","320508",苏房安鉴[2017]咨B用字第222号,新康花园137幢702室,"",,2025-12-25 17:41:30.209,,2025-12-25 17:41:30.209,,0
2004125338525962244,"","2020-11-23 00:00:00",新康花园137幢801室,"","3205080010193",姑苏,"1","","","3","","","2020-11-25 00:00:00","","","2020-11-25 16:47:24","","320508",苏房安鉴[2020]意A维字第493号,新康花园137幢801室,"",,2025-12-25 17:41:30.210,,2025-12-25 17:41:30.210,,0
1988795711746125825,"3","2025-05-30 00:00:00",广济北路与石牌泾路交汇处东北方向,苏州市相城检测股份有限公司,"3205070105011",相城,"1",http://218.4.84.173:8003\fileAnnexes/a2261d72-decc-4d6c-bcbd-e0847b72469c/20250916/wu_1j58h121a1kmi1jcn1i4olug17eo8.pdf,"","1","",二,"",一泓污水处理厂滤布滤池及紫外线消毒池,北桥街道,"2025-06-20 00:00:00","","320507",【相城】苏鉴字第007号2501117,一泓污水处理厂滤布滤池及紫外线消毒池,"",,2025-11-13 10:27:02.376,,2025-11-13 10:27:02.376,,0
2004125338530156545,"","2020-11-23 00:00:00",新康花园137幢701室,"","3205080010193",姑苏,"1","","","3","","","2020-11-25 00:00:00","","","2020-11-25 16:44:46","","320508",苏房安鉴[2020]意A维字第488号,新康花园137幢701室,"",,2025-12-25 17:41:30.210,,2025-12-25 17:41:30.210,,0
2004125338530156546,"","2017-04-14 00:00:00",新康花园137幢1002室,"","3205080010193",姑苏,"1","","","3","","","2017-05-18 00:00:00","","","2017-05-18 19:07:57","","320508",苏房安鉴[2017]咨B用字第214号,新康花园137幢1002室,"",,2025-12-25 17:41:30.210,,2025-12-25 17:41:30.210,,0
2004125381416914945,"3","2022-09-30 00:00:00",苏州市虎丘区青花路,苏州市建设工程质量检测中心有限公司,"3205050045358",虎丘,"1","","","1","0",二,"",浒关工业园标准厂房三期9#,浒墅关镇,"2022-10-14 00:00:00","","320505",【高新】苏鉴字第001号2200313,浒关工业园标准厂房三期9#,"",,2025-12-25 17:41:40.435,,2025-12-25 17:41:40.435,,0
2004125381421109250,"1","2025-09-23 00:00:00",春申湖西路6号门卫,苏州中正工程检测有限公司,"3205070139021",相城,"1","","","1","",Bsu,"",苏州市相城实验中学校门卫,相城高新区（元和街道）,"2025-11-05 00:00:00","","320507",【相城】苏鉴字第005号2301063,苏州市相城实验中学校门卫,"",,2025-12-25 17:41:40.436,,2025-12-25 17:41:40.436,,0
2005452634813861889,"","2014-04-02 00:00:00",夏家桥129号1幢901室,"","3205710018717",园区,"1","","","3","","","2014-04-02 00:00:00","","","2014-04-02 12:21:49","","320571",苏房安鉴[2014]改A字第1782号,夏家桥129号1幢901室,"",,2025-12-29 09:35:42.304,,2025-12-29 09:35:42.304,,0
1988795747494178818,"3","2025-05-30 00:00:00",广济北路与石牌泾路交汇处东北方向,苏州市相城检测股份有限公司,"3205070105004",相城,"1",http://218.4.84.173:8003\fileAnnexes/a2261d72-decc-4d6c-bcbd-e0847b72469c/20250916/wu_1j58gtoqh1io61d571nf6sp41fv58.pdf,"","1","",二,"",一泓污水处理厂粗格栅及污水提升泵房,北桥街道,"2025-06-20 00:00:00","","320507",【相城】苏鉴字第007号2501115,一泓污水处理厂粗格栅及污水提升泵房,"",,2025-11-13 10:27:10.898,,2025-11-13 10:27:10.898,,0
2004125381421109251,"3","2024-04-11 00:00:00",江苏省苏州市相城区阳澄湖镇湘陆路21号,常州市建筑科学研究院集团股份有限公司,"3205070111190",相城,"1","","","1","",二,"",阳澄湖镇湘陆路21号2#厂房,度假区（阳澄湖镇）,"2024-04-20 00:00:00","","320507",【相城】苏鉴字第014号2400428,阳澄湖镇湘陆路21号2#厂房,"",,2025-12-25 17:41:40.436,,2025-12-25 17:41:40.436,,0
2004125381421109252,"3","2023-10-24 00:00:00",湘陆路85-5号,苏州中正工程检测有限公司,"3205070125022",相城,"1","","","1","",二,"",苏州市枫林服饰有限公司湘陆路85号-5房屋,度假区（阳澄湖镇）,"2023-11-05 00:00:00","","320507",【相城】苏鉴字第005号2301624,苏州市枫林服饰有限公司湘陆路85号-5房屋,"",,2025-12-25 17:41:40.436,,2025-12-25 17:41:40.436,,0
