"时间戳","国民经济中类","国民经济大类","企业历史id","备注","国民经济小类","国民经济门类","主键id","创建人","修改人","创建时间","修改时间","排序","删除标识","是否为主要分类","市"
2025-06-19 20:37:28.000,"331","33","2c7c7860412f4411bb36aa0e3fc655e5",,"3311",C,"00001260e49f4a04baa0a69cb8b1e278",admin,admin,2025-01-07,2025-01-07,1,"0","1","320500"
2025-06-19 20:37:28.000,"404","40","449e95a4e3944758b9e829b030027164",,,C,"000025d9696d41718977add8b706d721",admin,admin,2023-01-28,2023-01-28,1,"0","1","320500"
2025-06-19 20:37:28.000,"211","21",be8fbd5589e741d69e83262a5b6dd510,,,C,"0000927b6a234c23b4f4cf10953ae5a4",admin,admin,2022-03-02,2022-03-02,1,"0","1","320500"
2025-06-19 20:37:28.000,"231","23",a192d465bd814c9c97123e5890bd5645,,"2319",C,"0000993c036b46e28d93da5a7bb45cf4",admin,admin,2023-02-07,2023-02-07,1,"0","1","320500"
2025-06-19 20:37:28.000,"348","34","93830d7dcd68467c95ce6248f4d6cccd",,"3484",C,"0000b40f442b487c8a9f04ff91e34717",admin,admin,2025-01-16,2025-01-16,1,"0","1","320500"
2025-06-19 20:37:28.000,"336","33","5c443c6ddb7c4f24bc4b0f1f283cd910",,,C,"0000dd42508c412e991ccafe58d7d971",admin,admin,2023-03-07,2023-03-07,1,"0","1","320500"
2025-06-19 20:37:28.000,"292","29","8fa650368f524d08913c234b6ff0f9ba",,"2929",C,"0000f362443c4836b9476a67e80cbd9f",admin,admin,2022-01-27,2022-01-27,1,"0","1","320500"
2025-06-19 20:37:28.000,"342","34",f98183d0914c4c5aad42391a67a649b1,,"3429",C,"00011df74e474c9db2fa9fef9cb40e42",admin,admin,2024-01-23,2024-01-23,1,"0","1","320500"
2025-06-19 20:37:28.000,"367","36","39654bd92a5d43a2b38f3511a8c08211",,,C,"00016f38be2c484f91143ddebc21f82b",admin,admin,2023-02-02,2023-02-02,1,"0","1","320500"
2025-06-19 20:37:28.000,"348","34","9d89ec1dd9e14433984b776be3f569c9",,"3489",C,"00016f90e808440b90fb31657adcef55",admin,admin,2022-09-20,2022-09-20,1,"0","1","320500"
2025-06-19 20:37:28.000,"213","21",ebf06ecc4a4548388b5657b7e8b002c8,,,C,"00018f65f0dc4305bbdbc2f10947187d",admin,admin,2022-01-10,2022-01-10,2,"0","0","320500"
2025-06-19 20:37:28.000,"181","18","3c644a3e71c54fd7ac6c264222345ac7",,"1819",C,"0001b2ea39bd489abc27147d375c30d9",admin,admin,2023-03-08,2023-03-08,1,"0","1","320500"
2025-06-19 20:37:28.000,"398","39",b49e0b049698457e947dcb229fcdb905,,"3989",C,"0001f7805c7f416cb7fb4dcaeda36455",admin,admin,2023-01-31,2023-01-31,1,"0","1","320500"
2025-06-19 20:37:28.000,"349","34","9749c7ce802843eaa24c142cc73f7565",,"3499",C,"00020daf6b434616ace0b0cfe4daa568",admin,admin,2023-02-08,2023-02-08,1,"0","1","320500"
2025-06-19 20:37:28.000,"203","20","7f602ea9a2ab4bf689e6a84aec4544f3",,"2039",C,"00027829f9ff49c98fd6fd5d5c1ca989",admin,admin,2022-08-16,2022-08-16,1,"0","1","320500"
2025-06-19 20:37:28.000,"348","34","6645f1362d704a04805437ec6320db67",,"3484",C,"000282149d0d43a09977673f4ec33725",admin,admin,2022-01-12,2022-01-12,1,"0","1","320500"
2025-06-19 20:37:28.000,"332","33","675c43b560374453afce32902f74802b",,"3329",C,"00029b442d3344409a43b53288d7cfbe",admin,admin,2023-02-02,2023-02-02,1,"0","1","320500"
2025-06-19 20:37:28.000,"302","30","94132a7d553c4574ad7f7f1fc82d0806",,"3024",C,"0002a47cd16a4eff9b6d0c0873e4dd09",admin,admin,2023-03-15,2023-03-15,1,"0","1","320500"
2025-06-19 20:37:28.000,"211","21","55fd730116f14db4bedcddbd430c8eed",,,C,"0002ac901a7f4da6abb234511459b1cc",admin,admin,2024-02-19,2024-02-19,1,"0","1","320500"
2025-06-19 20:37:28.000,"133","13",cb0743a9f8514bae9e5462237f1aa9c3,,"1331",C,"0003168ee11f415b8dfdb4669d43041d",admin,admin,2022-01-17,2022-01-17,1,"0","1","320500"
2025-06-19 20:37:28.000,"292","29","314182ec23814bc2babd527c9dc0d5ad",,"2922",C,"00036524291641b7a24f551071ccf93e",admin,admin,2025-02-28,2025-02-28,1,"0","1","320500"
2025-06-19 20:37:28.000,"231","23",c06852fd13b44cd79ba61d3232b3b89a,,"2319",C,"000372142ee84bac85cfe073b9ad509d",admin,admin,2022-01-26,2022-01-26,1,"0","1","320500"
2025-06-19 20:37:28.000,"409","40","5050a6ffab6a42a39dc307818204394a",,,C,"00037aaa67c14fe98fe0bd0fff70986a",admin,admin,2023-01-31,2023-01-31,1,"0","1","320500"
2025-06-19 20:37:28.000,"349","34","21b72a70a8734a949b3c580184e8df15",,"3499",C,"00039a74be8b42dfa33334981a26ce78",admin,admin,2024-01-17,2024-01-17,1,"0","1","320500"
2025-06-19 20:37:28.000,"331","33",e136b8bd388947b29b6c4cc2f4f40258,,"3311",C,"0003b0cd830c464fbe23e8b2a28c8adc",admin,admin,2024-01-17,2024-01-17,1,"0","1","320500"
2025-06-19 20:37:28.000,"402","40","629826289e7946838e024f56d68ce91b",,"4029",C,"000401cef45b408eab8f54806c9ff059",admin,admin,2024-01-19,2024-01-19,1,"0","1","320500"
2025-06-19 20:37:28.000,"177","17","5dff04db13934fdd993d0ed314ad94ad",,,C,"000446d0438345a08241a23c276f3aea",admin,admin,2023-02-07,2023-02-07,1,"0","1","320500"
2025-06-19 20:37:28.000,"152","15","6f7bd219196f489d9cab07f926c91d36",,"1524",C,"0004532f13ab4521a488d4c5008a3fbb",admin,admin,2025-02-11,2025-02-11,1,"0","1","320500"
2025-06-19 20:37:28.000,"349","34","1b51e45be46c49f8a944acc15f922052",,"3499",C,"0004608c16034b659b1bf85fc2c6d145",admin,admin,2025-02-13,2025-02-13,1,"0","1","320500"
2025-06-19 20:37:28.000,"348","34",a4ec2945f922464084766fca014f41b0,,"3489",C,"00047b5864214c46a1f5c8d85579ea16",admin,admin,2023-03-10,2023-03-10,1,"0","1","320500"
2025-06-19 20:37:28.000,"175","17",ce649c3d823c45c39034b616e06f4e28,,"1751",C,"0004ac4c72d54d21bd3eef774870d0a3",admin,admin,2025-01-10,2025-01-10,1,"0","1","320500"
2025-06-19 20:37:28.000,"182","18",b95265af17e943c7a8d439aa836eb6a1,,"1829",C,"0004b76b0cf04e41a961607d3d0c3fb2",admin,admin,2025-02-24,2025-02-24,1,"0","1","320500"
2025-06-19 20:37:28.000,"177","17","2f9d68f067394cf0932a424ebdf234a8",,"1779",C,"0004e14468c844c59e1705a244a24c41",admin,admin,2025-03-19,2025-03-19,1,"0","1","320500"
2025-06-19 20:37:28.000,"399","39",ed3e10b8c1d2434a92ae528c0381e59c,,,C,"0004e5479e174197af87e7405c2e3419",admin,admin,2023-02-03,2023-02-03,1,"0","1","320500"
2025-06-19 20:37:28.000,"419","41",a439a6bd5b734a88bc22efb5a3eea9c8,,,C,"0005068dfe5f40e5b39385a98fe801fd",admin,admin,2024-01-16,2024-01-16,1,"0","1","320500"
2025-06-19 20:37:28.000,"342","34",d29a6fd4f46b40b49b4e66cc8957af48,,"3429",C,"00052844bb8c48719980022ad75882ae",admin,admin,2023-02-13,2023-02-13,1,"0","1","320500"
2025-06-19 20:37:28.000,"292","29","8b071c126e91457999312a7a9b2ca1e5",,"2929",C,"00057035ef164ea9b562403e96705702",admin,admin,2025-03-13,2025-03-13,1,"0","1","320500"
2025-06-19 20:37:28.000,"325","32","82788aecc34c4a6e8a8dfa8dc26da38e",,"3252",C,"0005f77f91174f71bd8985f108558296",admin,admin,2023-02-07,2023-02-07,1,"0","1","320500"
2025-06-19 20:37:28.000,"397","39",be331f1555304a778c2cd3564bb977b8,,"3979",C,"000627bcd4f34e5aa198e3be0cd32d75",admin,admin,2024-01-16,2024-01-16,1,"0","1","320500"
2025-06-19 20:37:28.000,"223","22","245be2e257c241f89855ffcf405dbf6e",,"2239",C,"000677684b544a1baebe26059dba80c8",admin,admin,2022-01-26,2022-01-26,1,"0","1","320500"
2025-06-19 20:37:28.000,"331","33","4d3b8994f86b481eb6aa6c6399184d47",,"3311",C,"0006864dca3e4748a464d98809cdfa10",admin,admin,2022-03-01,2022-03-01,1,"0","1","320500"
2025-06-19 20:37:28.000,"331","33","0bc0b29ded1747319a90e21245848fee",,"3311",C,"00068b4fa7914070b071c54df91db0c7",admin,admin,2023-01-10,2023-01-10,1,"0","1","320500"
2025-06-19 20:37:28.000,"181","18",a6597270e43540a19bd8d29fb751ec43,,"1819",C,"00068c639c3d46e5ae27d41ed55b3203",admin,admin,2025-02-14,2025-02-14,1,"0","1","320500"
2025-06-19 20:37:28.000,"345","34",ea6bc6b597ca41979083582470ed9010,,"3453",C,"00069100e6b14cfcba93a58b522273ed",admin,admin,2022-01-13,2022-01-13,1,"0","1","320500"
2025-06-19 20:37:28.000,"431","43","6a8cf9c366714ae1ab8370257c211d74",,,C,"0006961781544062ba35ddcf2c4987a4",admin,admin,2022-01-08,2022-01-08,1,"0","1","320500"
2025-06-19 20:37:28.000,"342","34","085619f307ae497a9be55f56d83aed39",,"3429",C,"0006aa8821fb4a1e923ed1311a70b8ab",admin,admin,2024-01-30,2024-01-30,1,"0","1","320500"
2025-06-19 20:37:28.000,"348","34","30b2363645bd42a69387ce54faf697a1",,"3484",C,"0006abc2817949dd86d26fb496ec014a",admin,admin,2025-02-25,2025-02-25,1,"0","1","320500"
2025-06-19 20:37:28.000,"332","33",e589c5650ffc4e79a37c290c0f97321b,,"3322",C,"0006c5af14c84927a8f5b5c191e39b80",admin,admin,2023-02-20,2023-02-20,1,"0","1","320500"
2025-06-19 20:37:28.000,"178","17","1cb1bc1eb5b14be18d031443b59fdce9",,"1789",C,"0006f97e8fcf463cbed0bf63bedf7ecb",admin,admin,2025-05-15,2025-05-15,1,"0","1","320500"
2025-06-19 20:37:28.000,"348","34","8501639df8b34dfdbaa81e7b9977201b",,"3489",C,"0007700e6eff4383ae2c0d12e468ea48",admin,admin,2023-02-04,2023-02-04,1,"0","1","320500"
2025-06-19 20:37:28.000,"419","41",ffd7760d4eb243218beab65be19c6c61,,,C,"000771cc923b475d9427674781f5430a",admin,admin,2022-01-10,2022-01-10,1,"0","1","320500"
2025-06-19 20:37:28.000,"342","33",ca78f91981e44dfb97a069e1abeea3b5,,,C,"00079b3d45d04911804105a3230a469a",admin,admin,2024-03-04,2024-03-04,1,"0","1","320500"
2025-06-19 20:37:28.000,"419","41","3cf7b885bd1f4b82ab081af7ce231ba1",,,C,"0007a3090dee438784e4b9b6f089fbf9",admin,admin,2022-01-26,2022-01-26,1,"0","1","320500"
2025-06-19 20:37:28.000,"332","33","19512f64d48f40c19207e7e9fc68c06c",,"3322",C,"0008018149b84086b5f1ba1dc5cebd18",admin,admin,2023-03-12,2023-03-12,1,"0","1","320500"
2025-06-19 20:37:28.000,"331","33",f8cdec4f52604b418c42d6c31cc7a53a,,"3311",C,"00080a468d714feeaa8ab89975cb0f30",admin,admin,2025-02-27,2025-02-27,1,"0","1","320500"
2025-06-19 20:37:28.000,"348","34",ca571c929f634526a723015e94c2e158,,"3484",C,"0008101e3b6e4c05a425f10a3028c52b",admin,admin,2023-03-10,2023-03-10,1,"0","1","320500"
2025-06-19 20:37:28.000,"398","39","7cb59a6e67884d43a834660778c640f6",,"3982",C,"00081dcb97974f2bbb4e1cec144c3b43",admin,admin,2024-01-10,2024-01-10,3,"0","0","320500"
2025-06-19 20:37:28.000,"178","17","8bed3d5fcc2b4f698c4fe7a897a12abd",,"1789",C,"00084848cccd48da88ac3ed49ea5752c",admin,admin,2023-02-03,2023-02-03,1,"0","1","320500"
2025-06-19 20:37:28.000,"342","34","5f721341b84049c7a447f487310a8bea",,,C,"00084dae17b249c88c1f32d06ea16eac",admin,admin,2023-03-09,2023-03-09,1,"0","1","320500"
2025-06-19 20:37:28.000,"339","33","4a78f0e354624f3dbd7d58340fce90a7",,"3399",C,"00085836b7aa48109d7fdc93f3f6cd3b",admin,admin,2022-01-17,2022-01-17,1,"0","1","320500"
2025-06-19 20:37:28.000,"292","29","9c913667c7504d5c8f3fd7cb353e10fe",,"2927",C,"00087e39eb8745a991e904833bfca496",admin,admin,2022-02-16,2022-02-16,1,"0","1","320500"
2025-06-19 20:37:28.000,"332","33",db7b0c9288714ae6b4e811ebb9760f6e,,"3329",C,"0008cc7030dd4bd994bad6442890beb9",admin,admin,2025-01-20,2025-01-20,1,"0","1","320500"
2025-06-19 20:37:28.000,"223","22",b0cd1343a438495e8e9eac858285ba5b,,"2231",C,"000943102d3e43f69e30a3af840a7afd",admin,admin,2023-02-20,2023-02-20,1,"0","1","320500"
2025-06-19 20:37:28.000,"342","34",c9bc94916aa1488897b866fae1d544c1,,"3429",C,"00094c033d984819aacfdd590689f22d",admin,admin,2025-03-18,2025-03-18,1,"0","1","320500"
2025-06-19 20:37:28.000,"303","30","36143c125df94e378aa84efe43e6c83a",,"3039",C,"0009608eb2ce4b8d9f771be599a787ca",admin,admin,2024-03-18,2024-03-18,1,"0","1","320500"
2025-06-19 20:37:28.000,"331","33",b904fde214d849bc92b9806ae0cd351d,,"3311",C,"000966f90a304d10ac88bf17f5e822db",admin,admin,2023-02-16,2023-02-16,1,"0","1","320500"
2025-06-19 20:37:28.000,"292","29","2739da3f7b374423963aaacdbfb5a542",,"2929",C,"00096db7868243ec99ab8ffa9d053c64",admin,admin,2023-01-31,2023-01-31,1,"0","1","320500"
2025-06-19 20:37:28.000,"349","34",e802296617064e9cbad0fe21db88c2d5,,,C,"0009884752374f88b9d552d8a2c1baab",admin,admin,2022-03-03,2022-03-03,1,"0","1","320500"
2025-06-19 20:37:28.000,"176","17","781ba2bf45aa46f09530a3151c8014fc",,"1761",C,"0009b62a0cb4478a87339db65b97d190",admin,admin,2023-01-11,2023-01-11,1,"0","1","320500"
2025-06-19 20:37:28.000,"352","35",b68adb63e70f42cf829b5e7a2f3f6584,,"3525",C,"0009db1357814fd69675e2f4b0429aac",admin,admin,2022-01-17,2022-01-17,1,"0","1","320500"
2025-06-19 20:37:28.000,"348","34",b416544886f546dd8dc9e033d9e9ff54,,"3484",C,"0009e6e7c32147db8e90a2f791d315f0",admin,admin,2025-01-14,2025-01-14,1,"0","1","320500"
2025-06-19 20:37:28.000,"203","20","6add4415017d41bfbebd41efddd9da06",,"2039",C,"0009e812f5b4466f98cca861faa564a8",admin,admin,2023-02-07,2023-02-07,1,"0","1","320500"
2025-06-19 20:37:28.000,"352","35","24176567bbda433e9fd0a2ea6663a234",,"3521",C,"0009ffb7b98f4a6bb2a6ffc4053aaf1b",admin,admin,2022-02-08,2022-02-08,1,"0","1","320500"
2025-06-19 20:37:28.000,"392","39",b3558c41b98642819c566fadb6be25d4,,"3922",C,"000a5c468fee44b9834b43fe28707555",admin,admin,2024-01-15,2024-01-15,1,"0","1","320500"
2025-06-19 20:37:28.000,"419","41","197611bc256b4618873ee9cc78ae5ce5",,,C,"000a7fe70b124d248ecd8eaa882a0153",admin,admin,2023-01-11,2023-01-11,2,"0","0","320500"
2025-06-19 20:37:28.000,"176","17","1155db816e1b44ba89818c0deadc2fcd",,"1761",C,"000aaccae00740adb79d4a65198dc12e",admin,admin,2024-07-04,2024-07-04,1,"0","1","320500"
2025-06-19 20:37:28.000,"367","36","16ca595111b9410880b9a56c2c702498",,,C,"000abc245ced406888c42351f8a39f57",admin,admin,2022-01-21,2022-01-21,1,"0","1","320500"
2025-06-19 20:37:28.000,"182","18",db64a0d153c94c3aa5c3808c5fc82c09,,"1829",C,"000ac851eacb4c708ffc52b9fb072a0d",admin,admin,2022-01-17,2022-01-17,1,"0","1","320500"
2025-06-19 20:37:28.000,"356","35",e548f484abf24a0f9a2095be728d428f,,"3563",C,"000ad6863dd440f0808b25473c4fc1ab",admin,admin,2023-02-08,2023-02-08,2,"0","0","320500"
2025-06-19 20:37:28.000,"389","38","5b8e097e1b85409d852805a32eee07b4",,"3899",C,"000ae2923722468880cc2ef734c8837f",admin,admin,2024-03-15,2024-03-15,1,"0","1","320500"
2025-06-19 20:37:28.000,"399","39",ac5397ec61bc446591727160fc17ca43,,,C,"000b1105722846b4936503e321609246",admin,admin,2022-01-10,2022-01-10,1,"0","1","320500"
2025-06-19 20:37:28.000,"331","33",e422f9382b3540e3a2f67477de4db9f5,,"3311",C,"000b251a822b47229b1d3947c7202e00",admin,admin,2024-01-22,2024-01-22,1,"0","1","320500"
2025-06-19 20:37:28.000,"359","35",d082765b8d8c4528a093dfc5a2019a27,,"3594",C,"000b2c038f0f49dd9c9cd06077f4b18c",admin,admin,2023-01-11,2023-01-11,1,"0","1","320500"
2025-06-19 20:37:28.000,"331","33",b36e6e9fec8b4cc692605835e407d79e,,"3311",C,"000b5c9d841644769813e9099df45bb1",admin,admin,2024-03-15,2024-03-15,1,"0","1","320500"
2025-06-19 20:37:28.000,"398","39","2bcbf00fbded47e9a15d7acf9118b17a",,"3989",C,"000b5dc7a5e14c31982ea6961a438b2e",admin,admin,2025-03-12,2025-03-12,5,"0","0","320500"
2025-06-19 20:37:28.000,"177","17","025d50428cc94371a23427fa4ac1de4a",,"1779",C,"000b69ed6cec4acc86527021cfac0177",admin,admin,2024-03-09,2024-03-09,1,"0","1","320500"
2025-06-19 20:37:28.000,"398","39","772dbfcbfbbc460a82ae7e4a2d252c0e",,"3989",C,"000bc80636d9453c92883cd56f576a56",admin,admin,2022-02-10,2022-02-10,1,"0","1","320500"
2025-06-19 20:37:28.000,"349","34",d9a80d62b6eb42e189028bcc8d498cc3,,"3499",C,"000bdb95cd004aaeb90ee15e2f0925e2",admin,admin,2022-01-18,2022-01-18,1,"0","1","320500"
2025-06-19 20:37:28.000,"343","34","2f80922f7a744d88bdd1e053c8486757",,"3432",C,"000be7d9b06a42aba83b585aafa85075",admin,admin,2024-03-01,2024-03-01,1,"0","1","320500"
2025-06-19 20:37:28.000,"336","33",cdce5d2c000542eea8c69c71c86098e0,,,C,"000c0f11f8ff49509ce5e48f8054970d",admin,admin,2024-01-22,2024-01-22,1,"0","1","320500"
2025-06-19 20:37:28.000,"292","29","034a82653fbe4b29be3607ae10147611",,"2929",C,"000c142a0ac4429386100fc1ee9db7d1",admin,admin,2023-03-26,2023-03-26,1,"0","1","320500"
2025-06-19 20:37:28.000,"398","39",e568a2f362af481a88e117d083bf5d93,,"3981",C,"000c2a2829bd4e28bf7a62e0a4300a2c",admin,admin,2022-01-18,2022-01-18,1,"0","1","320500"
2025-06-19 20:37:28.000,"342","34","12ab26d292d24e87a886b8872114db71",,"3429",C,"000c3ad69d07410fa2cd0b039a8f540e",admin,admin,2022-02-24,2022-02-24,1,"0","1","320500"
2025-06-19 20:37:28.000,"431","43","25ae3f863d69477aaefe9c67aad596fe",,,C,"000cc9992b224a8682d8a1888074bd4e",admin,admin,2025-02-08,2025-02-08,1,"0","1","320500"
2025-06-19 20:37:28.000,"292","29","82c2ebf41d2b430dad9e75790b861676",,"2921",C,"000ce923984f40fe8a48d2872da0291c",admin,admin,2024-01-17,2024-01-17,1,"0","1","320500"
2025-06-19 20:37:28.000,"398","39",e3c96c518bde43298a6ee57474c5e403,,"3989",C,"000cea9f0c994b7dbfc59ce07edc08cc",admin,admin,2022-01-17,2022-01-17,1,"0","1","320500"
2025-06-19 20:37:28.000,"389","38","6114afcb797f41ada1ea07e2405efdf6",,,C,"000cf5d81ddd45af80142a9e883491cd",admin,admin,2025-02-13,2025-02-13,1,"0","1","320500"
2025-06-19 20:37:28.000,"172","17",cec5b5c44637478bb97a50ac5ab95eb6,,"1723",C,"000d378932cd4a3bba7c51160ee4ba6c",admin,admin,2025-02-26,2025-02-26,1,"0","1","320500"
2025-06-19 20:37:28.000,"292","29","8097307413b84cb9bef4529eb2eb8c04",,"2929",C,"000d3ac78e594bf190812ce7f39168f5",admin,admin,2023-01-31,2023-01-31,1,"0","1","320500"
2025-06-19 20:37:28.000,"176","17","58f23b4ad9d4454686325aab2e6ab31c",,"1761",C,"000d98214da744a9a558aaa5e72b4af7",admin,admin,2025-02-12,2025-02-12,1,"0","1","320500"
2025-06-19 20:37:28.000,"347","34","656a9f9367e7455cb616421718a42308",,"3479",C,"000da25aa729418a8fc27cae41b0a6af",admin,admin,2025-01-16,2025-01-16,1,"0","1","320500"
2025-06-19 20:37:28.000,"331","33","24df6332502c45a5b4642667e7aa58d5",,"3312",C,"000e3b1e439d4931ac9aed22258ab395",admin,admin,2023-03-16,2023-03-16,1,"0","1","320500"
2025-06-19 20:37:28.000,"292","29",adea1aafb4c8411392602e67e6547cb2,,"2921",C,"000e8747ce3d4465a403abf8ff1996ab",admin,admin,2022-11-09,2022-11-09,1,"0","1","320500"
2025-06-19 20:37:28.000,"292","29",fb815e8398de49f89ee99f534d1f2578,,"2924",C,"000eb160a0f548b599185aa47b1599a2",admin,admin,2024-01-14,2024-01-14,1,"0","1","320500"
2025-06-19 20:37:28.000,"332","33","69486afa955642fa8e94ced2e56e2f67",,"3329",C,"000edee0a77a4d288e08587139c369d8",admin,admin,2024-01-11,2024-01-11,1,"0","1","320500"
2025-06-19 20:37:28.000,"432","43",c45d2bce1d494049acf734b031d07640,,,C,"000f41bd24924d3baa1f24c43f90805b",admin,admin,2023-02-03,2023-02-03,1,"0","1","320500"
2025-06-19 20:37:28.000,"331","33","74fe7ce3ca46409aaffb1f93db962c6c",,"3311",C,"000f463514cd44199ba524cc2c0b7eca",admin,admin,2022-08-30,2022-08-30,1,"0","1","320500"
2025-06-19 20:37:28.000,"358","35","3f2c3227bd384e8eb2ae1e58ad163433",,"3582",C,"000f8d96e5c3402eae8379f56e8aa2b1",admin,admin,2023-12-04,2023-12-04,1,"0","1","320500"
2025-06-19 20:37:28.000,"462","46","808b90d19cfa425db1fce5cf0fa56e01",,,D,"000fc87ed2f94894bcb33bd2b50200f3",admin,admin,2023-11-29,2023-11-29,1,"0","1","320500"
2025-06-19 20:37:28.000,"338","33",bbf6b132b67e4ffea28cb06087a0c9b1,,"3381",C,"00100efd9c4a4e9cad3ecb1373d7e7aa",admin,admin,2023-02-10,2023-02-10,2,"0","0","320500"
2025-06-19 20:37:28.000,"348","34","5a478bcc1c3b4c9eb8721e461ddb672a",,"3484",C,"00102db422164bde8e4c1ba469bb3631",admin,admin,2025-02-11,2025-02-11,1,"0","1","320500"
2025-06-19 20:37:28.000,"359","35","0d934bfbc974488c9dc37d970c1b7213",,"3599",C,"00107137f590474cbf768586008eaddb",admin,admin,2022-02-22,2022-02-22,1,"0","1","320500"
2025-06-19 20:37:28.000,"344","34","27dbbf61f48340258cbd3f2a5a42e4c4",,"3443",C,"0010a89a791b4443bfa351a64e4d1c43",admin,admin,2025-01-08,2025-01-08,1,"0","1","320500"
2025-06-19 20:37:28.000,"419","41",c301febdd9b744a98560c88271084a96,,,C,"0010aea5e15a4e528ac8263473dbd26d",admin,admin,2022-03-01,2022-03-01,1,"0","1","320500"
2025-06-19 20:37:28.000,"243","24",a9340669db2f481fa7e87eb8c668c2e4,,"2437",C,"0010c91962f745d0bae5916b385aa404",admin,admin,2025-02-15,2025-02-15,1,"0","1","320500"
2025-06-19 20:37:28.000,"422","42",ae592983441045f8bf9aad06d3ee2db9,,,C,"00111876712d4182aaea670ebc705f0d",admin,admin,2024-01-18,2024-01-18,1,"0","1","320500"
2025-06-19 20:37:28.000,"342","34",fb36b8cd738b40d99e5214acb1af002c,,"3421",C,"00111a65c4ee4ec2adbc7e48756e4110",admin,admin,2023-01-08,2023-01-08,1,"0","1","320500"
2025-06-19 20:37:28.000,"398","39",e0bc70f20fec451195d50120694de4cc,,"3985",C,"001179268565441b8301374caafd213d",admin,admin,2024-01-11,2024-01-11,1,"0","1","320500"
2025-06-19 20:37:28.000,"439","43","2de8e005abe046ee8aaa95fd61206b72",,,C,"0011ded007d441e08a09642d6b3f9381",admin,admin,2023-01-30,2023-01-30,1,"0","1","320500"
2025-06-19 20:37:28.000,"339","33","6d2fe0d8e7d243739bc114d3f19eac4a",,"3391",C,"0011ea0683214666a34ec7c6709314a4",admin,admin,2023-03-30,2023-03-30,1,"0","1","320500"
2025-06-19 20:37:28.000,"331","33",bf5d9cbc0b274819a5940eaa0e157130,,"3311",C,"0012079667334e3d962fff33ccf1a794",admin,admin,2022-03-01,2022-03-01,1,"0","1","320500"
2025-06-19 20:37:28.000,"183","18","98007f551a26482089d356795c4482f0",,,C,"00125294ba754b70b5a376de0a34ff84",admin,admin,2024-01-09,2024-01-09,1,"0","1","320500"
2025-06-19 20:37:28.000,"292","29",ba6c022bdf494759ad5d6d1f8c1fcacd,,"2929",C,"00125dbca4704a42a0b3c267e75a7236",admin,admin,2023-01-13,2023-01-13,1,"0","1","320500"
2025-06-19 20:37:28.000,"349","34",db80214273d6469abdcb949ff574ef94,,"3499",C,"0012823499aa418096cef348d03613ed",admin,admin,2024-01-31,2024-01-31,1,"0","1","320500"
2025-06-19 20:37:28.000,"332","33","5eaaa00d42fb4002b4a631cca3ee7b39",,"3324",C,"00128ec2b60b4b7db589091ed45e4620",admin,admin,2022-02-21,2022-02-21,1,"0","1","320500"
2025-06-19 20:37:28.000,"348","34","6f786521c50c48a49a070fd7b2f863e5",,"3484",C,"0012b7f2bd3246568b8353e7a5b06887",admin,admin,2023-02-02,2023-02-02,1,"0","1","320500"
2025-06-19 20:37:28.000,"292","29","3abd9693ec694012b63af764aa792394",,"2927",C,"0012c5be5df5492fb5317a54712dc29d",admin,admin,2023-01-31,2023-01-31,1,"0","1","320500"
2025-06-19 20:37:28.000,"292","29",d1a83f489e9c4e03b41c19f7999f3fe9,,"2929",C,"00132da445364589aa4aa7d54de996a0",admin,admin,2022-03-05,2022-03-05,1,"0","1","320500"
2025-06-19 20:37:28.000,"292","29","39958ceec97544b1be19c31de89a284a",,"2921",C,"00137621ef434c9aa25173ce567e8c24",admin,admin,2022-03-15,2022-03-15,1,"0","1","320500"
2025-06-19 20:37:28.000,"223","22","3c48bd98d08c40479f88ae3a79b0bf9c",,"2231",C,"0013792841e542919f9d72ce514d40f6",admin,admin,2022-03-22,2022-03-22,1,"0","1","320500"
2025-06-19 20:37:28.000,"431","43",e0ebe55345d24405a681123e3b0b19df,,,C,"00137b169d2948cf9feafa39ea67ff3e",admin,admin,2023-02-17,2023-02-17,1,"0","1","320500"
2025-06-19 20:37:28.000,"175","17","023186168d5841d9b03bc57272da7cac",,"1752",C,"0013b17ea32a46a38f552c98565a30df",admin,admin,2023-01-09,2023-01-09,1,"0","1","320500"
2025-06-19 20:37:28.000,"331","33","26b0ae796095475da7711bd6b9c82abe",,"3311",C,"0013c6d9c082440e85d4f2676446c586",admin,admin,2024-03-05,2024-03-05,1,"0","1","320500"
2025-06-19 20:37:28.000,"391","39","8893816bcf0d467caaf872844ce2f442",,"3915",C,"0013e0acc22647c48675ccacee84e7f6",admin,admin,2025-01-03,2025-01-03,1,"0","1","320500"
2025-06-19 20:37:28.000,"439","43",b4ed22fb084848c6bb8ecd7cd8093e62,,,C,"0013f29d3fb243798e58865475b8b36e",admin,admin,2024-01-17,2024-01-17,1,"0","1","320500"
2025-06-19 20:37:28.000,"177","17","28d30381731c4248b1a086cf621ade1d",,,C,"00141cf0b4b044b5a5041d46bdfbf630",admin,admin,2024-03-06,2024-03-06,1,"0","1","320500"
2025-06-19 20:37:28.000,"181","18","6c557768ca4245d7873eccfe8c031160",,"1819",C,"00143e4722bd4b59aaa57c289e5b9851",admin,admin,2022-01-16,2022-01-16,1,"0","1","320500"
2025-06-19 20:37:28.000,"339","33","5d6e41b02b50442aae1e80f5cab02773",,"3399",C,"001462e432354b578631086210249c75",admin,admin,2024-01-23,2024-01-23,1,"0","1","320500"
2025-06-19 20:37:28.000,"421","42","1f340f06ad4d4416bcdce3269092c298",,,C,"00147767f35d40bba14a4c658c536b99",admin,admin,2022-02-22,2022-02-22,1,"0","1","320500"
2025-06-19 20:37:28.000,"338","33",e09204e7b17243b88e1c6c72d70aad4f,,"3389",C,"001486722f854b2c8b760538af0d5566",admin,admin,2025-03-21,2025-03-21,1,"0","1","320500"
2025-06-19 20:37:28.000,"149","14","84a04fb936f64aab937547a075e291ba",,"1499",C,"0014e12a37f64a3bbc775a796d3be0b7",admin,admin,2022-02-11,2022-02-11,1,"0","1","320500"
2025-06-19 20:37:28.000,"348","34",dd6026a4021f41ce80654b4ff1f680fe,,"3484",C,"001512dc61774abbbdf51d0d3bb8425d",admin,admin,2025-02-06,2025-02-06,1,"0","1","320500"
2025-06-19 20:37:28.000,"332","33",d32d5a13a08d4fabb45e571dee5ee14e,,"3329",C,"001531c729874fb3b29693f4d319b383",admin,admin,2022-02-21,2022-02-21,1,"0","1","320500"
2025-06-19 20:37:28.000,"422","42",fb7dd48f4a7747a094688b0551c8d44f,,,C,"0015a25912c64646a395956a92d7d60c",admin,admin,2022-01-26,2022-01-26,1,"0","1","320500"
2025-06-19 20:37:28.000,"345","34","7d7ae11ea07b45178ba995a5413cef18",,,C,"0015ace3a5f2433a8db5da453b7ef720",admin,admin,2022-03-22,2022-03-22,1,"0","1","320500"
2025-06-19 20:37:28.000,"342","34","70f87d2da86a4bda8c35e260973cca90",,"3429",C,"0015b92c398f4db9a5250cd4b9e7ec7c",admin,admin,2023-03-23,2023-03-23,1,"0","1","320500"
2025-06-19 20:37:28.000,"338","33",b10c88985306491ca839ac28a612a908,,"3389",C,"001618ad91cf49c089b6a9d85caf8c33",admin,admin,2023-02-02,2023-02-02,1,"0","1","320500"
2025-06-19 20:37:28.000,"175","17",c79a923fd40d484d834b00ba9ef4e977,,"1751",C,"001646f1967b4973b7cd5035cce77d2c",admin,admin,2025-01-15,2025-01-15,1,"0","1","320500"
2025-06-19 20:37:28.000,"332","33","24cc8521a58c41cba49fa32f50fa089d",,"3329",C,"0016966146344658ade101957a83b90c",admin,admin,2024-01-18,2024-01-18,1,"0","1","320500"
2025-06-19 20:37:28.000,"177","17","0d405182acb145278837a07740095aed",,"1779",C,"0016f42e1bd64e4ebb812b7d43d440c1",admin,admin,2022-03-07,2022-03-07,1,"0","1","320500"
2025-06-19 20:37:28.000,"292","29","60a634d6bf0c4f71ad2726653349b485",,"2929",C,"0016f588d1da4f5698fe6813f5fc0c8e",admin,admin,2023-03-23,2023-03-23,1,"0","1","320500"
2025-06-19 20:37:28.000,"419","41","3e2dbaba7f1c43e3b42d970f19a20b49",,,C,"001705b7d7d049e9860475f1ba9ce5b2",admin,admin,2025-02-19,2025-02-19,1,"0","1","320500"
2025-06-19 20:37:28.000,"419","41","0ac6ebb23a6945f18ec535dc42ea5b3b",,,C,"001732e89c9d45568dcbea2c03a6b52b",admin,admin,2024-01-26,2024-01-26,1,"0","1","320500"
2025-06-19 20:37:28.000,"419","41",ecd2022df5c542f9b84d8d5a0d042edd,,,C,"001734f8ea9349fcbfb23554d4711852",admin,admin,2023-01-18,2023-01-18,1,"0","1","320500"
2025-06-19 20:37:28.000,"431","43","0a0dee49d98c40ff8ceb02987b2e4667",,,C,"0017c486b0aa4b6bbf1829c0b79ad8b6",admin,admin,2024-01-23,2024-01-23,1,"0","1","320500"
2025-06-19 20:37:28.000,"374","37","97703d91475f4cc49344250d2053ba50",,"3743",C,"0017cbf982644d6da9101b816c4600ac",admin,admin,2024-01-11,2024-01-11,1,"0","1","320500"
2025-06-19 20:37:28.000,"355","35","929b7424b2d143af9e600ceb9ed54986",,"3553",C,"0018036960fc44699ce9ae4d4fb68ba1",admin,admin,2025-02-19,2025-02-19,1,"0","1","320500"
2025-06-19 20:37:28.000,"334","33","3b3693657db1454ea5c703876d95c88b",,,C,"001832c76cbf4ac8a5eaa1a4c76a3c97",admin,admin,2025-02-13,2025-02-13,1,"0","1","320500"
2025-06-19 20:37:28.000,"292","29","34bdad53e6a3472f9613101760882b9a",,"2922",C,"0018389320344b92ae2e66a4d05109f4",admin,admin,2024-07-01,2024-07-01,1,"0","1","320500"
2025-06-19 20:37:28.000,"389","38",a8e88d9602a94247b7f527f4b1f6ab70,,"3899",C,"0018a9a7aeba414e976960904127b01d",admin,admin,2023-02-07,2023-02-07,1,"0","1","320500"
2025-06-19 20:37:28.000,"348","34",fbacbd4addd2444bb44753f4c86f3a2a,,"3484",C,"0018fedc4d9e4cf9860403d8476e83b8",admin,admin,2023-02-09,2023-02-09,1,"0","1","320500"
2025-06-19 20:37:28.000,"292","29","1e665fd3f1af4d6d9654a387b332e258",,"2929",C,"00190f1fdaca4ef08f9c3c6835ab933e",admin,admin,2022-02-19,2022-02-19,1,"0","1","320500"
2025-06-19 20:37:28.000,"291","29","2e2ee68ded11485b99442eb306ecd3d4",,"2913",C,"001935cba34a41eba899e3ee861b9ea7",admin,admin,2024-01-31,2024-01-31,1,"0","1","320500"
2025-06-19 20:37:28.000,"171","17","7915937896f745488439e4d8322bf56f",,"1712",C,"001935fa6ce34821b6cf9c535572de37",admin,admin,2022-02-28,2022-02-28,1,"0","1","320500"
2025-06-19 20:37:28.000,"383","38",a77308dea070455e9fc6470866dff4fd,,"3839",C,"001971b0a4784c6ea54acd3974ea5e30",admin,admin,2024-03-13,2024-03-13,1,"0","1","320500"
2025-06-19 20:37:28.000,"201","20","91c61e1b48024afc821753319d724657",,"2011",C,"0019983ea9f7453a909d3ddaabd91a97",admin,admin,2025-01-20,2025-01-20,1,"0","1","320500"
2025-06-19 20:37:28.000,"348","34",dd6184e7afc74521ac64179fffee0619,,"3484",C,"0019d5e9696149b38ed91720c966a155",admin,admin,2025-02-11,2025-02-11,1,"0","1","320500"
2025-06-19 20:37:28.000,"389","38","7bd79f17565f46fabfc72813a48ba497",,"3899",C,"0019d7017ac0403db8d533edbbb6023a",admin,admin,2024-01-10,2024-01-10,1,"0","1","320500"
2025-06-19 20:37:28.000,"292","29","0a3f85bda87b447a87032ad86bade855",,"2926",C,"0019d79e69624e53a0d29f8172876643",admin,admin,2024-01-17,2024-01-17,1,"0","1","320500"
2025-06-19 20:37:28.000,"331","33",c33ac3788701437e95ffa39845ed036b,,"3311",C,"001a6ba139fd42d2ba063ac8c0e0d465",admin,admin,2024-03-01,2024-03-01,1,"0","1","320500"
2025-06-19 20:37:28.000,"419","41","52d0d41d84044f299a956a754284167c",,,C,"001a7b8af6a344c88ea211bd10e0a797",admin,admin,2025-02-12,2025-02-12,1,"0","1","320500"
2025-06-19 20:37:28.000,"182","18",e96d43a3aac2472cb811d392861d1c2f,,"1821",C,"001aa147aef448849d2c0983313d781a",admin,admin,2022-02-26,2022-02-26,1,"0","1","320500"
2025-06-19 20:37:28.000,"349","34","778b8cc365814e99a170afcb4941888d",,"3499",C,"001aa36412a04e8b9872510bf310def9",admin,admin,2025-02-17,2025-02-17,1,"0","1","320500"
2025-06-19 20:37:28.000,"231","23",a4cb5fac8c98401aa6378b37c44b7b7a,,"2319",C,"001ac902cf2b4192b62a1e01a75d837f",admin,admin,2022-01-17,2022-01-17,1,"0","1","320500"
2025-06-19 20:37:28.000,"348","34",e68d5781b136441fbf89c442cff5db6b,,"3489",C,"001ae54ff7794bebae07b808a1e4c5f6",admin,admin,2022-02-28,2022-02-28,1,"0","1","320500"
2025-06-19 20:37:28.000,"367","36",d4ee136f254e4e89bfb684e57cee4dcd,,,C,"001b21ae75f946479707da18f1b221cd",admin,admin,2024-01-30,2024-01-30,1,"0","1","320500"
2025-06-19 20:37:28.000,"201","20",ab86debd23174320b9ea33e56602b56f,,"2019",C,"001b6d5adec44588b256cb116178c02e",admin,admin,2023-06-19,2023-06-19,1,"0","1","320500"
2025-06-19 20:37:28.000,"309","30","7bbcc85a25ba4aca997d6767a278a464",,"3099",C,"001b89c2ad7247ca85f556b71cd733ad",admin,admin,2024-01-04,2024-01-04,1,"0","1","320500"
2025-06-19 20:37:28.000,"292","29","57327a3de907423880cdac9fe651ee87",,"2929",C,"001bbdf5efe44dbcad863fe52fb647ed",admin,admin,2025-01-16,2025-01-16,1,"0","1","320500"
2025-06-19 20:37:28.000,"383","38","2d582c15e05c42a89853a34d3bfe5d78",,"3831",C,"001c898ef5a14a64886b57671c69f027",admin,admin,2022-03-03,2022-03-03,1,"0","1","320500"
2025-06-19 20:37:28.000,"332","33",ac0d33f6a43d42a1b55dc4139f910b76,,"3322",C,"001c926c02e84ba9ad75af58e00fd3d2",admin,admin,2023-02-04,2023-02-04,1,"0","1","320500"
2025-06-19 20:37:28.000,"351","35","960fa26dd92a4f8884161e590928a3d2",,"3514",C,"001cd105713748bd99d7918e9d65bfd4",admin,admin,2023-03-09,2023-03-09,1,"0","1","320500"
2025-06-19 20:37:28.000,"331","33","5e50ad75288648deb01eb78fc34eb4ce",,"3311",C,"001cf19ae13747f38af5ace14e8ff487",admin,admin,2025-01-17,2025-01-17,1,"0","1","320500"
2025-06-19 20:37:28.000,"398","39",bb72852c4e1d469dafc9a7d6289b8922,,"3985",C,"001d0895bbbe4c8e9f844d6c7a7422e2",admin,admin,2022-02-21,2022-02-21,1,"0","1","320500"
2025-06-19 20:37:28.000,"201","20",fabf301eb16d487880267b46daa6710a,,"2013",C,"001d0de352e94ddabcb0fff5031106a0",admin,admin,2022-01-18,2022-01-18,1,"0","1","320500"
2025-06-19 20:37:28.000,"419","41",b3700ef49bc743baab373a7e9847d20b,,,C,"001d10fc86284b5bb6d0b3adf4575cad",admin,admin,2025-02-15,2025-02-15,1,"0","1","320500"
2025-06-19 20:37:28.000,"201","20",a81f4ed8bd0740df9ef7201ff7e5d963,,"2019",C,"001d2e188afd492e88de02d37e161de2",admin,admin,2025-01-22,2025-01-22,1,"0","1","320500"
2025-06-19 20:37:28.000,"339","33",bff08d45c97a4b318c7a71b17c37fd23,,"3399",C,"001d789758394c9f8e9d0bb3221c3b07",admin,admin,2022-03-04,2022-03-04,1,"0","1","320500"
2025-06-19 20:37:28.000,"183","18","9721da14b35044849d77cad6f2a82c14",,,C,"001d81a3efa148a39f29791d1badd388",admin,admin,2025-04-14,2025-04-14,1,"0","1","320500"
2025-06-19 20:37:28.000,"175","17","17acb44ea98c47709a92470316676e59",,"1752",C,"001dbf55331049e3bed8e5723baa20ab",admin,admin,2023-01-31,2023-01-31,1,"0","1","320500"
2025-06-19 20:37:28.000,"292","29",f2eefd856e0947b8aaf736f0dcd42935,,"2927",C,"001e0168676f48b58d49466c8787ba78",admin,admin,2022-03-19,2022-03-19,1,"0","1","320500"
2025-06-19 20:37:28.000,"348","34",dbe6df14784b48a8a860f945d653ddcd,,"3489",C,"001e22532cb34ac499e01e2f32042217",admin,admin,2022-01-14,2022-01-14,1,"0","1","320500"
2025-06-19 20:37:28.000,"176","17","7723e947da8d4887ab41f577c90ff2d2",,"1761",C,"001e524638364d9b9a0cfe4cf7bebdae",admin,admin,2023-02-09,2023-02-09,1,"0","1","320500"
2025-06-19 20:37:28.000,"331","33",a444055902fa429587d7c10d4c9d42f2,,"3311",C,"001ec86bceb64da59ebe779e783a517c",admin,admin,2023-02-03,2023-02-03,1,"0","1","320500"
2025-06-19 20:37:28.000,"331","33","8a48eef1172f4f608ae7267c889ac8b2",,"3311",C,"001f237a8787455da25126e175a6040b",admin,admin,2022-03-19,2022-03-19,1,"0","1","320500"
2025-06-19 20:37:28.000,"348","34","34ea0643aa9749bf9573ffcdc4b155ea",,"3482",C,"001fa26e543f44b28ca8ad83e31461ec",admin,admin,2022-02-24,2022-02-24,1,"0","1","320500"
2025-06-19 20:37:28.000,"367","36",f2095d7dc4144c1c88f468abaa885e05,,,C,"001fbb2fc123486b89d9f93f3b031109",admin,admin,2024-01-31,2024-01-31,1,"0","1","320500"
2025-06-19 20:37:28.000,"398","39","35e909adce944151b8a0e53cc584b23f",,"3989",C,"001ff25beebb4f6b90712e9e20480fc9",admin,admin,2023-02-01,2023-02-01,1,"0","1","320500"
2025-06-19 20:37:28.000,"332","33","5a85831485ef45f292d85d147685e5d4",,"3322",C,"002006bf03544f6386ed96889c8b0c48",admin,admin,2023-02-13,2023-02-13,1,"0","1","320500"
2025-06-19 20:37:28.000,"313","31","693fb40dfd4f4bfd9afc67e5860b062c",,,C,"00200b136f7545668ddd81a51f022ac6",admin,admin,2022-02-11,2022-02-11,1,"0","1","320500"
2025-06-19 20:37:28.000,"331","33","37cab1fb44d24a308b5a7d24e975f95a",,"3311",C,"002021a11b3b44108f0db6eea2a38af8",admin,admin,2025-02-28,2025-02-28,1,"0","1","320500"
2025-06-19 20:37:28.000,"178","17","5abdef1689e248e4bd412e68c5f2b36c",,"1782",C,"00205dfc4d1a4fafa473a01b381cbc13",admin,admin,2023-01-31,2023-01-31,1,"0","1","320500"
2025-06-19 20:37:28.000,"331","33",d948eca67fe84067aff4ee095b6a47ca,,"3311",C,"0020d70e844f4c5ab56b497469bd6ee2",admin,admin,2024-01-13,2024-01-13,1,"0","1","320500"
2025-06-19 20:37:28.000,"213","21",cc5cff794f734e63bcba54ebaf161c8f,,,C,"0020dbb56c87433f8a6dbbf839733882",admin,admin,2025-03-03,2025-03-03,2,"0","0","320500"
2025-06-19 20:37:28.000,"348","34","569a0da2c2aa4b41915089627b23cc6b",,"3484",C,"0020eadc17b1465d8503300f2255d8f1",admin,admin,2022-03-14,2022-03-14,1,"0","1","320500"
2025-06-19 20:37:28.000,"223","22","6942d06ec9b64a3ca3c5346d20994fce",,"2239",C,"0020eb00b53a4b70abcc57f50198f72f",admin,admin,2024-01-29,2024-01-29,1,"0","1","320500"
2025-06-19 20:37:28.000,"339","33",eb50e9b43dff4a879437b7b60425d9ab,,"3391",C,"002114e3c3624cfeb7a332c126645bd0",admin,admin,2022-06-18,2022-06-18,1,"0","1","320500"
2025-06-19 20:37:28.000,"223","22",b39032379971449dbfe09e05dbad7a56,,"2239",C,"0021260eb153407da2bc4bab875883c1",admin,admin,2025-02-14,2025-02-14,1,"0","1","320500"
2025-06-19 20:37:28.000,"348","34",b6c50b27bcff4bbfb26b99bde698e370,,"3484",C,"00212c09f4a9475b928b3a715cf929b0",admin,admin,2024-01-17,2024-01-17,1,"0","1","320500"
2025-06-19 20:37:28.000,"381","38","8d10bc8a676f4de39bdc5da36398e20d",,"3812",C,"002138c431a84a0e91d3e07719d25166",admin,admin,2022-02-21,2022-02-21,1,"0","1","320500"
2025-06-19 20:37:28.000,"223","22",f0ff5aa1290a47c7a20302ef003bc1aa,,"2239",C,"00219e93cc6546b9a97befbbd36d4b01",admin,admin,2025-02-13,2025-02-13,1,"0","1","320500"
2025-06-19 20:37:28.000,"183","18",e231ec7afbbd4eecb146497f0a66e64c,,,C,"0021e58e42e84934955a98cc1681ce46",admin,admin,2025-02-25,2025-02-25,1,"0","1","320500"
2025-06-19 20:37:28.000,"177","17","416dcee55396494c96e1fc704924c079",,"1779",C,"0021e68839714db4a4837479c2e671aa",admin,admin,2022-02-24,2022-02-24,1,"0","1","320500"
2025-06-19 20:37:28.000,"349","34","24c0ce359d3844c796733e8df6a74954",,"3499",C,"0021f413ddb34e67a7d0ce1ca38d8a7a",admin,admin,2024-01-05,2024-01-05,1,"0","1","320500"
2025-06-19 20:37:28.000,"171","17","403bc78aed2542b1a101091d4da76617",,"1711",C,"0021f8e50f514bfba6e2060e27f4bc39",admin,admin,2025-02-18,2025-02-18,1,"0","1","320500"
2025-06-19 20:37:28.000,"244","24",be3f4c0021c847f291b48555022a0ade,,"2443",C,"00223d861c764000967dd3e97bb2164f",admin,admin,2023-01-05,2023-01-05,1,"0","1","320500"
2025-06-19 20:37:28.000,"397","39","66a696517f85434eb59b350d61e41a56",,"3979",C,"00225300b69543b08c714606eeb450ce",admin,admin,2023-02-10,2023-02-10,1,"0","1","320500"
2025-06-19 20:37:28.000,"332","33",adff5ae45b6c437e9911eaea2addc760,,"3329",C,"0022559cf95748e8bd9ccc781d10cfba",admin,admin,2022-02-11,2022-02-11,1,"0","1","320500"
2025-06-19 20:37:28.000,"332","33","42222bfeae544f72baed9478179b42b2",,"3329",C,"0022596cc6424850ac81471f324c5c04",admin,admin,2024-01-22,2024-01-22,1,"0","1","320500"
2025-06-19 20:37:28.000,"264","26",b2965441ab6a4dd0b2af01096326e3c3,,"2641",C,"002294f38e0a4ca9b85daa51c051bd65",admin,admin,2022-01-12,2022-01-12,1,"0","1","320500"
2025-06-19 20:37:28.000,"342","34","87a4a403f5d943f4a12661d6f1539600",,"3421",C,"00235a30bc8446cd89053339c9dc3486",admin,admin,2024-02-02,2024-02-02,1,"0","1","320500"
2025-06-19 20:37:28.000,"177","17",cb066757dcf149169d4b12b17b3b857e,,"1771",C,"0023a4ae7a2140b5913adfb0629e608c",admin,admin,2024-01-12,2024-01-12,2,"0","0","320500"
2025-06-19 20:37:28.000,"175","17",c30c682bb9c84d48bf6b93cef83d6a55,,"1751",C,"0023a510b45642778d4fc8aa55a2e84b",admin,admin,2024-01-09,2024-01-09,1,"0","1","320500"
2025-06-19 20:37:28.000,"345","34","0cdc4a2f4aa14dc09ce2745159776b09",,"3451",C,"0023c7e585a84c16b54efef244326248",admin,admin,2023-01-30,2023-01-30,1,"0","1","320500"
2025-06-19 20:37:28.000,"331","33",dd9c07baa78540fcae52612329fac970,,"3311",C,"0023df90a0934cd2bc19dd88849c11e5",admin,admin,2024-01-17,2024-01-17,1,"0","1","320500"
2025-06-19 20:37:28.000,"398","39","935a010cf6a04fdab84dc3d18681f189",,"3982",C,"0023e51b936e40eea0f217c2a6c24ce5",admin,admin,2025-01-10,2025-01-10,1,"0","1","320500"
2025-06-19 20:37:28.000,"432","43",e6f8a6021a114b2d8527fac1692c45e1,,,C,"00240ba2f36b4e328d58623c02db1d90",admin,admin,2025-01-07,2025-01-07,1,"0","1","320500"
2025-06-19 20:37:28.000,"277","27","6560cf2fa2bc427c820f6c4449c9b521",,,C,"0024373daa4c45b3bae12803854f6a09",admin,admin,2023-01-29,2023-01-29,1,"0","1","320500"
2025-06-19 20:37:28.000,"396","39","753413228eb3436fba20183b53f812c3",,"3969",C,"0024678bc4b142ff9b869b2dc7e307f6",admin,admin,2025-03-10,2025-03-10,1,"0","1","320500"
2025-06-19 20:37:28.000,"331","33",f8a1421dcf62432681592650bd06a344,,"3311",C,"002467aa5bde4f179a7155fdb3721455",admin,admin,2024-01-11,2024-01-11,1,"0","1","320500"
2025-06-19 20:37:28.000,"292","29",a64dca2997d24a2996b5700ba1f1b7d1,,"2929",C,"0024838e2c244f308b7b93312894de94",admin,admin,2023-02-27,2023-02-27,1,"0","1","320500"
2025-06-19 20:37:28.000,"302","30","61e51a57d15c489484dd6426c826eb99",,"3024",C,"0024d9f7fe42454da8a15475a18b116a",admin,admin,2022-01-06,2022-01-06,1,"0","1","320500"
2025-06-19 20:37:28.000,"462","46","868e3ac88f004261afe39c412bcf6bab",,,D,"002508cdfd764f748fd01cb5eae9b038",admin,admin,2024-02-27,2024-02-27,1,"0","1","320500"
2025-06-19 20:37:28.000,"352","35","68ee38979ebe4e0fb25735d02b46242c",,"3525",C,"00251de9dd184e5aaf831a7f0bd76738",admin,admin,2025-02-12,2025-02-12,1,"0","1","320500"
2025-06-19 20:37:28.000,"332","33","754df3c39d1c4c4392d8f042ea789091",,"3321",C,"00256a4b4cc14a729369d9b5566811f4",admin,admin,2025-02-21,2025-02-21,1,"0","1","320500"
2025-06-19 20:37:28.000,"339","33","0968b9b95c1c43adb1e0d14653c2d061",,"3392",C,"0025aab233de47288048078ae455cd37",admin,admin,2022-01-07,2022-01-07,1,"0","1","320500"
2025-06-19 20:37:28.000,"292","29",ccf4533aefdf4373b2b353ea0c632549,,"2927",C,"0025ab6ee089492099685f3a8160511d",admin,admin,2023-06-05,2023-06-05,1,"0","1","320500"
2025-06-19 20:37:28.000,"292","29",ef9e699071aa43ba8c8de096e6682595,,"2929",C,"0025d84cecb340c88e38cc688649456c",admin,admin,2025-02-26,2025-02-26,1,"0","1","320500"
2025-06-19 20:37:28.000,"292","29","8d573a69528c40ca934be4fd0c344f42",,"2929",C,"0025e4b31c40414b97ec823d8aff9146",admin,admin,2023-02-10,2023-02-10,1,"0","1","320500"
2025-06-19 20:37:28.000,"231","23","5516c24e3647470da7f757f5745c188c",,"2319",C,"0025ef43c759441f8fa3048939d77f92",admin,admin,2023-02-21,2023-02-21,1,"0","1","320500"
2025-06-19 20:37:28.000,"292","29","5ccf958249dd4fd0a595f4ea131e505d",,"2921",C,"0025f4d622d74e6b85f4bfbead166fcd",admin,admin,2023-01-31,2023-01-31,1,"0","1","320500"
2025-06-19 20:37:28.000,"175","17",c02ca01663db4dcfa46f0b37ca91bd52,,"1751",C,"0025fb39d2474fd58ec064fb01faee2e",admin,admin,2024-01-08,2024-01-08,1,"0","1","320500"
2025-06-19 20:37:28.000,"338","33",d67f00f50392461495909883cc297e4d,,"3389",C,"002644a5e6a1497ab38f61511282a24e",admin,admin,2022-03-01,2022-03-01,1,"0","1","320500"
2025-06-19 20:37:28.000,"183","18","9914076bf6e4469694e4e1c3a8e9b07a",,,C,"0026a730d0eb465e84ed752cf34cacc6",admin,admin,2023-11-30,2023-11-30,1,"0","1","320500"
2025-06-19 20:37:28.000,"382","38",a6a9d7a4d9ea4c89b560021e8917394f,,"3823",C,"0026e81a5094469a8d27e7ec852a5af3",admin,admin,2024-03-14,2024-03-14,1,"0","1","320500"
2025-06-19 20:37:28.000,"439","43","6a7da64bf96d4e9bb052600e0eb784b3",,,C,"00270f6df2454cbd9c7e5f81b45d8514",admin,admin,2023-02-10,2023-02-10,1,"0","1","320500"
2025-06-19 20:37:28.000,"367","36",e9f57f342bb04fa1b43cdab0122f0860,,,C,"002722f1bbb44ebd9ccef9f3f25b8d54",admin,admin,2023-02-01,2023-02-01,1,"0","1","320500"
2025-06-19 20:37:28.000,"175","17",de6718daac904df7878b17fab8e78986,,"1751",C,"0027424ce2784484a3ac891e324c9a43",admin,admin,2025-01-13,2025-01-13,1,"0","1","320500"
2025-06-19 20:37:28.000,"367","36",b3bf2ad848df44d58b79e551ce6aa14f,,,C,"0027491782f7452ebb2c20c288091a9a",admin,admin,2024-02-02,2024-02-02,1,"0","1","320500"
2025-06-19 20:37:28.000,"409","40",aac66f7c88664b39a4e87c067ec7e4e7,,,C,"0027988c9dd247f586962f15023651ef",admin,admin,2024-01-18,2024-01-18,1,"0","1","320500"
2025-06-19 20:37:28.000,"348","34","478f74806eb64f6ca3adec4ddb467055",,"3484",C,"0027b06e8375432b817345a8b4ed589e",admin,admin,2025-02-28,2025-02-28,1,"0","1","320500"
2025-06-19 20:37:28.000,"346","34",cd7aaaa6d26740b28b6a781771b6da60,,"3465",C,"0027fdb8aa5c45ca9e2f676e4980354d",admin,admin,2025-02-19,2025-02-19,1,"0","1","320500"
2025-06-19 20:37:28.000,"359","35",a8eb7c3875b14e2d84587359afe753db,,"3591",C,"00282f09a4714e66b34a22f73a2b284f",admin,admin,2023-02-08,2023-02-08,1,"0","1","320500"
2025-06-19 20:37:28.000,"342","34","747e3d64a0b04642bde96e24d31344b4",,"3422",C,"002849940fe640f69c8c956b2d25899e",admin,admin,2023-02-07,2023-02-07,1,"0","1","320500"
2025-06-19 20:37:28.000,"223","22",ef9b6d9d74814f02a93d5a957cb9ecec,,,C,"002893d0ba67491d8378dd45d8ad0c52",admin,admin,2025-02-26,2025-02-26,1,"0","1","320500"
2025-06-19 20:37:28.000,"331","33","243197eb29e44f79a9a71d34b8d3299d",,"3311",C,"0028d013a0ba46c4a4956359d55fa050",admin,admin,2024-01-16,2024-01-16,1,"0","1","320500"
2025-06-19 20:37:28.000,"292","29","3cce842388654690b15175ffcc896559",,"2929",C,"0028d567b0374be69967ed59008fcae4",admin,admin,2023-03-15,2023-03-15,1,"0","1","320500"
2025-06-19 20:37:28.000,"278","27","47cee981fd254600b1327b497871e7b4",,,C,"0028fa399b6b43639c965343cafa06ca",admin,admin,2024-01-12,2024-01-12,1,"0","1","320500"
2025-06-19 20:37:28.000,"331","33",f15570a4eab241cf8f568010d1b1dfb8,,"3311",C,"00290c7c9d4246e0adf874427381426e",admin,admin,2023-01-05,2023-01-05,1,"0","1","320500"
2025-06-19 20:37:28.000,"292","29",e9cdc757857849f0b7eb245861f5bc1f,,,C,"0029176790794b2199e274088135fb72",admin,admin,2022-02-19,2022-02-19,1,"0","1","320500"
2025-06-19 20:37:28.000,"292","29","18caadc0e18e488fa893c596fb3dd7e5",,"2929",C,"00293042e8144c9a9f7489e77230bd12",admin,admin,2024-06-28,2024-06-28,1,"0","1","320500"
2025-06-19 20:37:28.000,"349","34","9e58ce0442a04b4b85fafabd071b64ac",,"3499",C,"002949cfee984160ab601afa93464023",admin,admin,2024-01-05,2024-01-05,1,"0","1","320500"
2025-06-19 20:37:28.000,"305","30",cb98348b4d054a819e1fc71df7663dc1,,"3054",C,"00294cd30ea6427685b66e051f22ef11",admin,admin,2022-02-12,2022-02-12,1,"0","1","320500"
2025-06-19 20:37:28.000,"439","43","012ab5686e354429b6f3a430f9fe6bb9",,,C,"002961ce961d422784e6d1863c311064",admin,admin,2022-02-27,2022-02-27,1,"0","1","320500"
2025-06-19 20:37:28.000,"356","35","30ac92aeb88d4089bfed6e70dcfee565",,"3563",C,"002991f0d78d4fb5b51b8b1e5852ea6f",admin,admin,2024-02-04,2024-02-04,1,"0","1","320500"
2025-06-19 20:37:28.000,"342","34","78339901bd4d467390f7412993d6f2b6",,"3429",C,"00299b4f134f4f2e982331022e67dc8b",admin,admin,2022-01-21,2022-01-21,1,"0","1","320500"
2025-06-19 20:37:28.000,"419","41","909a6885f43c40ba9b95edbee58af77c",,,C,"0029a5466036444daea79826d241346b",admin,admin,2022-03-02,2022-03-02,1,"0","1","320500"
2025-06-19 20:37:28.000,"292","29",dd220334267b4f64bad948b9b2fc4431,,"2929",C,"0029f0683aae4c4296f2379fa30cf022",admin,admin,2023-03-31,2023-03-31,1,"0","1","320500"
2025-06-19 20:37:28.000,"181","18","7be4907e59034dbba2010fc00cd64fb6",,"1819",C,"002a0178446442a499fcdfc04657e3e2",admin,admin,2023-02-01,2023-02-01,1,"0","1","320500"
2025-06-19 20:37:28.000,"332","33","9936729421944256b78cebf42ec52c90",,"3321",C,"002a1f9dcbc04380806b5022114b145c",admin,admin,2024-01-30,2024-01-30,2,"0","0","320500"
2025-06-19 20:37:28.000,"331","33","04a4717e2756454db1c1c4feeb42c8eb",,"3311",C,"002a4a5ad3ee458e886e73bbd3ee0b5e",admin,admin,2023-02-20,2023-02-20,3,"0","0","320500"
2025-06-19 20:37:28.000,"349","34","2aca33578f9d4a07859b5e8b6a808771",,,C,"002a5956865e4f3ca43802b03502bb70",admin,admin,2023-01-16,2023-01-16,1,"0","1","320500"
2025-06-19 20:37:28.000,"352","35","32ca1c14a76b440d84adcb845ac589c9",,"3525",C,"002a9f2f61fb4eb6a9918e8fdb4f3b2c",admin,admin,2025-01-09,2025-01-09,1,"0","1","320500"
2025-06-19 20:37:28.000,"332","33","6b370091f6284bfb820a313016286b3a",,"3329",C,"002ac0dbe27340649b08b6da9f7c8d82",admin,admin,2022-03-08,2022-03-08,1,"0","1","320500"
2025-06-19 20:37:28.000,"292","29",ef6acfba68f0434f93edc2cd5bdd21a8,,"2921",C,"002ac914c762400188cb03b3b84707da",admin,admin,2024-03-16,2024-03-16,1,"0","1","320500"
2025-06-19 20:37:28.000,"353","35","31df64772d0a420185ae83429378b8e6",,"3531",C,"002acd7767ea4ebb9ec394150df48c49",admin,admin,2022-01-13,2022-01-13,1,"0","1","320500"
2025-06-19 20:37:28.000,"332","33","7868467d6d8847c7adf40b15e63bb1ef",,"3329",C,"002ae0ea001440f1b665b47d56102ce8",admin,admin,2024-01-23,2024-01-23,1,"0","1","320500"
2025-06-19 20:37:28.000,"431","43","9e34f1c48e73466ca7d674bbec0bd961",,,C,"002af23b76c14013831dad1753010539",admin,admin,2024-01-22,2024-01-22,1,"0","1","320500"
2025-06-19 20:37:28.000,"399","39",a4c5e766ecb144f891f58da8aa0bdd48,,,C,"002b14f090a542c2a98b58db8946f1df",admin,admin,2022-01-17,2022-01-17,1,"0","1","320500"
2025-06-19 20:37:28.000,"398","39",a5c05741435a4d9abaa762666624fcfe,,"3989",C,"002b1565510c4b73a1ab01c84358d275",admin,admin,2022-02-25,2022-02-25,1,"0","1","320500"
2025-06-19 20:37:28.000,"342","34","5598e2193e6948738e77ae2ad11a4096",,"3429",C,"002b4d44b70c4e738da84fb968bc9c62",admin,admin,2022-01-19,2022-01-19,1,"0","1","320500"
2025-06-19 20:37:28.000,"178","17",ec5feba811074ee4a8e57d17480b7bbd,,"1781",C,"002b66cc307e488ebd90616091ec2066",admin,admin,2024-01-26,2024-01-26,1,"0","1","320500"
2025-06-19 20:37:28.000,"292","29","75117d909e124df1aec5a0e14350ae8b",,"2927",C,"002ba26a0bd743e9854e21d1db30c74d",admin,admin,2022-01-20,2022-01-20,1,"0","1","320500"
2025-06-19 20:37:28.000,"292","29","76b07726a3c04959a5c57318da6232c0",,"2929",C,"002bbc0ceeca4af5bfec56f8de4b9409",admin,admin,2025-02-07,2025-02-07,1,"0","1","320500"
2025-06-19 20:37:28.000,"175","17",e52dca96a865403da8ee8817afc0b625,,"1751",C,"002c4732bec04890b23bfd8eeb5ef3c4",admin,admin,2025-01-09,2025-01-09,1,"0","1","320500"
2025-06-19 20:37:28.000,"292","29","6ee161fa442a4ca0a995e80d53ec2dda",,"2924",C,"002cb2c9b6734ac1b362387afbdeff70",admin,admin,2025-01-17,2025-01-17,1,"0","1","320500"
2025-06-19 20:37:28.000,"346","34","820a3cb162f8414eb2e433921fcdc938",,"3461",C,"002d19f068394c93952c83e4d65b9ad4",admin,admin,2024-02-20,2024-02-20,1,"0","1","320500"
2025-06-19 20:37:28.000,"331","33",de07ff43d0d34d40b4b077070a799b39,,"3311",C,"002d5326908f4ae7a2d48ebe41f97e09",admin,admin,2025-02-26,2025-02-26,1,"0","1","320500"
2025-06-19 20:37:28.000,"339","33",ceb5a0661ccd43d3b3a6bc16fdcfe513,,"3392",C,"002daad74a8c4ae28a6478ba103bf1ff",admin,admin,2024-01-16,2024-01-16,1,"0","1","320500"
2025-06-19 20:37:28.000,"349","34","9f4cbb43958b4b62a3ae08c498387fb2",,"3499",C,"002e05ed32ab46b98368207a153c23db",admin,admin,2024-01-29,2024-01-29,1,"0","1","320500"
2025-06-19 20:37:28.000,"223","22","657c9ef7392348dc95f0b3830d0e686a",,"2239",C,"002e167ac694487c80c61d88bbb26c66",admin,admin,2025-01-10,2025-01-10,1,"0","1","320500"
2025-06-19 20:37:28.000,"175","17",f35ee7ccc04e4975b9d2889d79313d71,,"1752",C,"002e539bd3e34e7ea068de173b33797f",admin,admin,2025-01-07,2025-01-07,1,"0","1","320500"
2025-06-19 20:37:28.000,"231","23","8cf55e5e454c4ba4b17231235b9ecfff",,"2319",C,"002e680b7f2a4b409402474e86752125",admin,admin,2022-02-26,2022-02-26,1,"0","1","320500"
2025-06-19 20:37:28.000,"338","33","7ec81ff440fd49c7b058b1200bfc29b8",,"3389",C,"002eb871201f4d9b90b7d8420168fb65",admin,admin,2024-03-12,2024-03-12,1,"0","1","320500"
2025-06-19 20:37:28.000,"397","39","01f6de0fb04949829058c35c2a618088",,"3972",C,"002ebbdd4ee6420789bfaf3911346a29",admin,admin,2024-01-22,2024-01-22,1,"0","1","320500"
2025-06-19 20:37:28.000,"451","45","6784ca3785ac49f89fd89a63a6bf2f02",,"4512",D,"002ec86f02f849578f4b8cb892902d79",admin,admin,2023-02-21,2023-02-21,1,"0","1","320500"
2025-06-19 20:37:28.000,"178","17","171e298a98674299a28524351691ccc8",,"1783",C,"002ed77c5be441418b5d5b6f667f2c00",admin,admin,2022-03-03,2022-03-03,1,"0","1","320500"
2025-06-19 20:37:28.000,"419","41",d2ec35d6d32d4378a2e77a86a8521654,,,C,"002ef0e15df444949196c0f71b7e1eec",admin,admin,2025-02-19,2025-02-19,1,"0","1","320500"
2025-06-19 20:37:28.000,"292","29",ad39837484b54d2dbd41cbe2924c53bc,,"2922",C,"002f37863dd0467483f4f11715652227",admin,admin,2025-03-03,2025-03-03,1,"0","1","320500"
2025-06-19 20:37:28.000,"175","17","4eb9f34d1fd845fcb669c3b77ba6d5b9",,"1751",C,"002f37a235654a7f944008ae281e27d9",admin,admin,2023-03-12,2023-03-12,1,"0","1","320500"
2025-06-19 20:37:28.000,"349","34","87d7208ae6f944ebb4431bf37a3788aa",,"3499",C,"002fb97719fc4d448e6f3b5a8a823d6f",admin,admin,2022-02-16,2022-02-16,1,"0","1","320500"
2025-06-19 20:37:28.000,"367","36","16c68803c95143889a8a0a89671d089a",,,C,"002ff4a64d3b42f6a759ab6b88f8eee1",admin,admin,2024-01-19,2024-01-19,1,"0","1","320500"
2025-06-19 20:37:28.000,"223","22","8cb81e56fcb94a058a64f2261d075253",,"2239",C,"002ff5b0eadf4bd2a67d5f4447ef5587",admin,admin,2022-02-15,2022-02-15,1,"0","1","320500"
2025-06-19 20:37:28.000,"378","37",e99bcae0877047a1bcc07ebcaebfb4f5,,,C,"00301007264243fab8689fb25a230ae9",admin,admin,2024-01-22,2024-01-22,1,"0","1","320500"
2025-06-19 20:37:28.000,"231","23","47767fd0b61541e6aec93f8223581897",,"2319",C,"00303a0e14ce47d8ae028d5978243007",admin,admin,2023-02-20,2023-02-20,2,"0","0","320500"
2025-06-19 20:37:28.000,"268","26","82395e9b2c3147a4bbe46e823abb2140",,"2682",C,"0030407b62e04f438cfff057d8925a01",admin,admin,2022-02-24,2022-02-24,1,"0","1","320500"
2025-06-19 20:37:28.000,"399","39",fd769ed9b03d4dd9ad9f7aec4ce4cf50,,,C,"00306195db014af1aa05cc46edd0c9ea",admin,admin,2023-02-08,2023-02-08,1,"0","1","320500"
2025-06-19 20:37:28.000,"175","17",fc48411f8f3c4ab0bb967e6442171237,,"1751",C,"0030fd9d2e6648b49c66fe07121ed335",admin,admin,2025-02-28,2025-02-28,1,"0","1","320500"
2025-06-19 20:37:28.000,"313","31","8f1e879a9d8543d68ee6edd04b1e7cd2",,,C,"003101a97ff8405e86db3881d571c9b9",admin,admin,2024-01-12,2024-01-12,1,"0","1","320500"
2025-06-19 20:37:28.000,"291","29","6d0cf67869b243c493d89cc5a7ffbd90",,"2919",C,"00313b2eaeb0414abfce5243c1ee6d44",admin,admin,2023-11-16,2023-11-16,1,"0","1","320500"
2025-06-19 20:37:28.000,"341","34",f75db729fc1d4298aa5072a1464efbbe,,"3411",C,"00315acc4a2e4397b23c92264762a531",admin,admin,2023-02-07,2023-02-07,1,"0","1","320500"
2025-06-19 20:37:28.000,"382","38",a135032e259b4bdf93d1a702a3062a45,,"3825",C,"00316dc2565045289685f14cae7c3d18",admin,admin,2022-01-24,2022-01-24,1,"0","1","320500"
2025-06-19 20:37:28.000,"398","39","78da837ed53e43ac9878c759b4d6098c",,"3989",C,"0031b302b0c74c68a232f8f44ed50be7",admin,admin,2024-02-28,2024-02-28,1,"0","1","320500"
2025-06-19 20:37:28.000,"397","39","54a20523e3a64192aca0254a2545766b",,,C,"0031b5f5b3e04c97a0dc517fb8f5f5cb",admin,admin,2022-03-04,2022-03-04,1,"0","1","320500"
2025-06-19 20:37:28.000,"419","41",b258f15b19d34ad4a2f509b4205d17e1,,,C,"0031d6aa1c41407e8b8c727ae9c1a333",admin,admin,2023-03-10,2023-03-10,1,"0","1","320500"
2025-06-19 20:37:28.000,"348","34","2083c74637e5424f8ece8e1ef7cfcf5e",,"3484",C,"0031d92f4c674555a5a3429873f8555e",admin,admin,2022-02-26,2022-02-26,1,"0","1","320500"
2025-06-19 20:37:28.000,"346","34",a77d15645a4b477a8ad5e9e69c627c1f,,,C,"0031dd88a7264c268867e3cc3a983661",admin,admin,2022-01-26,2022-01-26,1,"0","1","320500"
2025-06-19 20:37:28.000,"348","34",fdff91ea03bf41168a29384f5aa18c81,,"3489",C,"00326033cd7548cfb5be274c0f1f76e5",admin,admin,2022-03-11,2022-03-11,1,"0","1","320500"
2025-06-19 20:37:28.000,"203","20","20641213381440d8bb27a9489578d86f",,"2035",C,"0032f89593a24cb2846540ce0f19c241",admin,admin,2023-02-01,2023-02-01,1,"0","1","320500"
2025-06-19 20:37:28.000,"291","29",b8d5b56b840543dba63a9f76ebe36024,,"2913",C,"003314e0b5154dc28227b7eeb2851621",admin,admin,2022-02-09,2022-02-09,1,"0","1","320500"
2025-06-19 20:37:28.000,"419","41",b6ac806f2e954e5aa5c3d5479efd360f,,,C,"00333346f946475d9e1d9c07620796c0",admin,admin,2022-09-15,2022-09-15,1,"0","1","320500"
2025-06-19 20:37:28.000,"349","34","65fc3b1ec8df40ea847c14b30996ec89",,"3499",C,"00333fa91185467791b5b55dde0dcabc",admin,admin,2025-01-14,2025-01-14,1,"0","1","320500"
2025-06-19 20:37:28.000,"332","33","62dc3da0c5e84417b82d7e66df40fc4f",,"3321",C,"00334b7777984186b135e30f0ebb2b46",admin,admin,2024-01-22,2024-01-22,1,"0","1","320500"
2025-06-19 20:37:28.000,"172","17","4d8d16ec20d64335813e12165c0775a5",,"1721",C,"00336d0f89a7423a9cfdf909aa901119",admin,admin,2022-01-22,2022-01-22,1,"0","1","320500"
2025-06-19 20:37:28.000,"331","33",f0f85e0d57a44c20a210b3a89119ef11,,"3311",C,"00338aa1d9834139b5f7ba6b915ccb51",admin,admin,2023-02-05,2023-02-05,1,"0","1","320500"
2025-06-19 20:37:28.000,"172","17","76be4e083bf449148a1ebb8d674af11e",,"1721",C,"00338c0da50e4f4da9f1ef7a75ce21f2",admin,admin,2022-03-15,2022-03-15,1,"0","1","320500"
2025-06-19 20:37:28.000,"292","29",c478ce196c4246aabeb7c90b9ff7eaea,,"2929",C,"0033ff45db0b4a1d8aa7ff728211b18b",admin,admin,2023-02-01,2023-02-01,1,"0","1","320500"
2025-06-19 20:37:28.000,"303","30","96a88163404442c3b6999870c948ba00",,"3031",C,"0034109df88d4aaeb7f46b557e224c72",admin,admin,2024-01-30,2024-01-30,1,"0","1","320500"
2025-06-19 20:37:28.000,"175","17","6ace6f11dcc04f6abf4823690efa07f3",,"1751",C,"0034234b78794f339ee82854b26e99ad",admin,admin,2023-01-06,2023-01-06,1,"0","1","320500"
2025-06-19 20:37:28.000,"396","39","7a8e06de2f7b4224be9cd1488bbada1b",,"3969",C,"00342af3429442ec93dbd53b74a76e97",admin,admin,2024-02-29,2024-02-29,1,"0","1","320500"
2025-06-19 20:37:28.000,"348","34","06a38c28137844a09f1ca6e69d6ca72d",,"3489",C,"0034460b96a546dfb06dcdd240cb7f3d",admin,admin,2022-02-22,2022-02-22,1,"0","1","320500"
2025-06-19 20:37:28.000,"175","17","4c7f6b4404e64708b253f3430bcd9417",,"1751",C,"003449664a0e40c6901ce631b146d47f",admin,admin,2023-06-09,2023-06-09,1,"0","1","320500"
2025-06-19 20:37:28.000,"292","29","411a3ed3016049a4887bb45b7906376e",,"2929",C,"003478b7a68d40d3a4cf55b97ee28f3e",admin,admin,2024-05-29,2024-05-29,1,"0","1","320500"
2025-06-19 20:37:28.000,"342","34","363f633d38264238bd24708f6f062517",,"3429",C,"00348a75c93b4197a89d7ebd4ba3b638",admin,admin,2025-01-16,2025-01-16,1,"0","1","320500"
2025-06-19 20:37:28.000,"292","29",f7c934992bab4bc7a8e813e88a829bd4,,"2926",C,"0035274967994eaf84e4a7386b1cc0fd",admin,admin,2022-01-20,2022-01-20,1,"0","1","320500"
2025-06-19 20:37:28.000,"397","39","37e402c421114eeab4eaf691035da4df",,"3973",C,"00354fa4a96e4e8abb2205977cb58629",admin,admin,2024-03-01,2024-03-01,1,"0","1","320500"
2025-06-19 20:37:28.000,"342","34","37ed2cb96a51428cb8fac55fe873eb12",,"3429",C,"003581a575af475885de9fbf2be53998",admin,admin,2022-02-11,2022-02-11,1,"0","1","320500"
2025-06-19 20:37:28.000,"336","33","3710571c52ec471888ad4ab02d78a369",,,C,"003586facc3a48dea1b4c5eeefcee5e7",admin,admin,2022-01-20,2022-01-20,1,"0","1","320500"
2025-06-19 20:37:28.000,"313","31","01766a0aa3764d98b3e4848580b2c33b",,,C,"0035896c18f243ed99934129192cbbce",admin,admin,2023-02-07,2023-02-07,1,"0","1","320500"
2025-06-19 20:37:28.000,"176","17","725cce05a4de4f4c99008c161b67ba9b",,"1761",C,"0035aeba49f44855b7874c86b8d796c6",admin,admin,2024-03-11,2024-03-11,1,"0","1","320500"
2025-06-19 20:37:28.000,"367","36","560cd1298e87470886eab0b5ce0b5bda",,,C,"0035f219c9974d67967f3a5742f3c025",admin,admin,2022-01-18,2022-01-18,1,"0","1","320500"
2025-06-19 20:37:28.000,"348","34","654787ef9a994540bfc39f6baa235a63",,"3484",C,"003601446b514692ac53683f7e4de997",admin,admin,2025-02-25,2025-02-25,1,"0","1","320500"
2025-06-19 20:37:28.000,"223","22","32642b7d968a4544b8200033efc587da",,"2239",C,"00361307e9984083a58536bbc387f0cc",admin,admin,2022-01-21,2022-01-21,1,"0","1","320500"
2025-06-19 20:37:28.000,"244","24","62592e1b6e254065939ee8de762e02c3",,"2449",C,"00364326831745019b071205c398aef0",admin,admin,2022-01-14,2022-01-14,1,"0","1","320500"
2025-06-19 20:37:28.000,"292","29","2d53ebeffb174715ad0bdd3919fb82d9",,"2929",C,"00367655c2864a5ab738353cd183c979",admin,admin,2024-01-08,2024-01-08,1,"0","1","320500"
2025-06-19 20:37:28.000,"354","35",c4a2bbe11f344ecaa997a63adcfba77b,,"3542",C,"0036ad4649b14ad78ad06ded70a8e4f3",admin,admin,2023-02-07,2023-02-07,3,"0","0","320500"
2025-06-19 20:37:28.000,"352","35",db0b5b43679845bf81852e6128b1d838,,"3525",C,"0036c431ebf344eab59e79031df7db40",admin,admin,2023-02-01,2023-02-01,2,"0","0","320500"
2025-06-19 20:37:28.000,"331","33","8163f52d616b4d0bb4b44f41a3b4dba4",,"3311",C,"0036c5e6abae4478b8d00632b917f5c2",admin,admin,2022-03-17,2022-03-17,1,"0","1","320500"
2025-06-19 20:37:28.000,"203","20","198c41cd053e455f94b8f8cbd674668b",,"2035",C,"00371e87dd024107b50436aaf90fcad4",admin,admin,2023-01-28,2023-01-28,1,"0","1","320500"
2025-06-19 20:37:28.000,"348","34",ffae7f05b1f74d2198728111282043b8,,"3484",C,"0037214759204a1f815ced72e63fc290",admin,admin,2025-02-28,2025-02-28,1,"0","1","320500"
2025-06-19 20:37:28.000,"356","35",c89fc34c04b04414ab0eae15ab0ea959,,"3569",C,"003763628f704527828e5ff04ff75161",admin,admin,2022-02-21,2022-02-21,1,"0","1","320500"
2025-06-19 20:37:28.000,"419","41",e4f525a6fdff4063b3c68b45d7a8679d,,,C,"0037854627f24413b16e1ab814ce353d",admin,admin,2024-01-05,2024-01-05,1,"0","1","320500"
2025-06-19 20:37:28.000,"399","39","23d08eee05cd40dbb0fe2fbf86a4e6f0",,,C,"00379566f2e34fd085941ac9dab2eaa8",admin,admin,2023-03-24,2023-03-24,1,"0","1","320500"
2025-06-19 20:37:28.000,"175","17",a06895550d2f4ed0bd928fff8f7bf708,,"1751",C,"0037a30a692e424a98a180e097403191",admin,admin,2023-01-04,2023-01-04,1,"0","1","320500"
2025-06-19 20:37:28.000,"292","29","5e1f45cb81a7438ba6a6bda4e2fb9bb7",,"2929",C,"00380f44a16a4a47a5a7ae2233929a89",admin,admin,2024-01-31,2024-01-31,1,"0","1","320500"
2025-06-19 20:37:28.000,"292","29",bd2287dc169d450ba7528e24818e8f61,,"2927",C,"0038814099854349bae7a0b00be29200",admin,admin,2025-03-31,2025-03-31,1,"0","1","320500"
2025-06-19 20:37:28.000,"384","38",a69f936381984d1fbab82353a058d25c,,"3844",C,"0038a13ccd5f470887d0365bd4127ed1",admin,admin,2023-02-13,2023-02-13,1,"0","1","320500"
2025-06-19 20:37:28.000,"357","35","3ebd319ce71f4d90a7e58d4d5b7a2b33",,"3579",C,"0038bf1458174d388311c25de9d8ae1a",admin,admin,2024-01-17,2024-01-17,1,"0","1","320500"
2025-06-19 20:37:28.000,"292","29","21966849999f4fc0a8c4c407a8b819b5",,"2926",C,"003913b346684ac28fd61a000bb3b20a",admin,admin,2025-03-04,2025-03-04,1,"0","1","320500"
2025-06-19 20:37:28.000,"335","33","8e49719257224c3fa1c37a83e7921749",,"3353",C,"0039438870aa46e08e65c4793120de2d",admin,admin,2024-01-10,2024-01-10,1,"0","1","320500"
2025-06-19 20:37:28.000,"183","18","66adbca3b04e4e1896cec266dbfdf2c4",,,C,"003946ce10954909b66cff4c2b1e4da8",admin,admin,2023-02-03,2023-02-03,1,"0","1","320500"
2025-06-19 20:37:28.000,"367","36","456f3e06aa5d47e5aa2ad821c27e1d5e",,,C,"003968e1f64b4f84a60c400b21974439",admin,admin,2022-01-18,2022-01-18,1,"0","1","320500"
2025-06-19 20:37:28.000,"349","34","9069502c378d45518cb09d3c2f06348c",,"3499",C,"003998bdeefc49ffbc04b5e11ff13a16",admin,admin,2024-01-16,2024-01-16,1,"0","1","320500"
2025-06-19 20:37:28.000,"171","17","9ecedb614da74076b723abe896616daa",,"1713",C,"0039b5575d414453b392e32f520f51a8",admin,admin,2025-02-26,2025-02-26,1,"0","1","320500"
2025-06-19 20:37:28.000,"419","41","7b91bc49bc9c452d82d9983da49255af",,,C,"0039b79b7a474977b2162d34c2d0d1e8",admin,admin,2022-03-02,2022-03-02,1,"0","1","320500"
2025-06-19 20:37:28.000,"331","33",fc5bc6ea30c04336a74c5aafd787ff8a,,"3311",C,"0039bd12edee486397a96d309904f78d",admin,admin,2025-01-21,2025-01-21,1,"0","1","320500"
2025-06-19 20:37:28.000,"175","17",fdba261a51604a0b9fccb5e53b9f2a8a,,"1751",C,"0039c11a6f8140da9a4b90912f7feb8e",admin,admin,2024-01-15,2024-01-15,1,"0","1","320500"
2025-06-19 20:37:28.000,"343","34",f478cfb89e7c490b9ce75d8af56454d5,,"3435",C,"0039ec1fc7864ab7bdb3ac7884f8e445",admin,admin,2023-03-15,2023-03-15,1,"0","1","320500"
2025-06-19 20:37:28.000,"223","22",bcfa33ebf9ba4e3ea060d65b6c53eff7,,"2239",C,"0039ee98276340c4acfa345c15f3b695",admin,admin,2022-03-03,2022-03-03,1,"0","1","320500"
2025-06-19 20:37:28.000,"389","38",a35bfe07b27c40178845e292821cab54,,"3899",C,"0039f8f2e6984f538b8e09bc545a43c1",admin,admin,2024-03-28,2024-03-28,1,"0","1","320500"
2025-06-19 20:37:28.000,"292","29",bce8ebd09fe249049e00cf1d1a39fd53,,"2929",C,"0039fde9fbc84edc81c04653e0030cae",admin,admin,2025-02-28,2025-02-28,1,"0","1","320500"
2025-06-19 20:37:28.000,"203","20","06a3d23f19464dea8ea479f016251c90",,,C,"003a0df9db1446fbb4b01bde40dd1432",admin,admin,2022-06-28,2022-06-28,1,"0","1","320500"
2025-06-19 20:37:28.000,"195","19","0fdac3b38205412d80c4ef43430a4be2",,"1959",C,"003a32c4ee1d42b1b8a1dcc4cb897304",admin,admin,2023-01-06,2023-01-06,1,"0","1","320500"
2025-06-19 20:37:28.000,"397","39","6622e86c239441fd866ff7f6ebd05c6e",,"3973",C,"003a4745321b49ee91ec080b31939fd0",admin,admin,2022-01-27,2022-01-27,1,"0","1","320500"
2025-06-19 20:37:28.000,"359","35","97fcfafaa3cf4e0e8ad9583c4f29da8c",,"3599",C,"003a5c0a73eb42b987f194352617933a",admin,admin,2024-01-17,2024-01-17,1,"0","1","320500"
2025-06-19 20:37:28.000,"349","34","8c21b6c84de64718b03935c2668d73b7",,"3499",C,"003a635269e64bd49367da99746cc9d9",admin,admin,2025-05-06,2025-05-06,1,"0","1","320500"
2025-06-19 20:37:28.000,"177","17","10f156c4b85c4025b15adb2b2e4548ae",,"1779",C,"003a659c0a5148daaea31b58f5aa58b8",admin,admin,2022-09-07,2022-09-07,1,"0","1","320500"
2025-06-19 20:37:28.000,"435","43","148e2fe6bd3c46ba90942573bcdc9d8a",,,C,"003a668d30724668a34f427b52217cb6",admin,admin,2024-01-31,2024-01-31,1,"0","1","320500"
2025-06-19 20:37:28.000,"419","41",f40293b8d56340dcac0b03155b50800a,,,C,"003aa7551a404df7af33ee3faf6e812b",admin,admin,2022-01-24,2022-01-24,1,"0","1","320500"
2025-06-19 20:37:28.000,"175","17","80040db6910e457d9618db34d6ea30f2",,"1751",C,"003ac256e1454514ba444c09ce00e605",admin,admin,2023-01-06,2023-01-06,1,"0","1","320500"
2025-06-19 20:37:28.000,"175","17","022d352a87794cceb0d2c8e535be36cb",,"1752",C,"003adb68c0934025a1276410f570cfbe",admin,admin,2022-01-18,2022-01-18,1,"0","1","320500"
2025-06-19 20:37:28.000,"419","41","9f396ad3de414635980db1058eb775e3",,,C,"003aee601620436a91e63a01a3bdf1b4",admin,admin,2022-03-01,2022-03-01,1,"0","1","320500"
2025-06-19 20:37:28.000,"331","33","02cdf8666794478e9641939ee1908764",,"3311",C,"003b11993e964aa19f908514ba39e7db",admin,admin,2022-02-18,2022-02-18,1,"0","1","320500"
2025-06-19 20:37:28.000,"342","34",beae06cbe2ce4c5881bb1110aa3994d9,,"3429",C,"003b2627ff1141258099f1b18e918bb5",admin,admin,2022-01-20,2022-01-20,1,"0","1","320500"
2025-06-19 20:37:28.000,"195","19","24138009b0d5456797340694d66fb860",,"1959",C,"003b2c04f2a247b6b8efe3a91644051a",admin,admin,2022-01-13,2022-01-13,3,"0","0","320500"
2025-06-19 20:37:28.000,"342","34",b87c999c05ff4c6d9cf9e6c9e8583562,,"3429",C,"003b594e6bc7423aabff21ba8ae2727a",admin,admin,2025-02-17,2025-02-17,1,"0","1","320500"
2025-06-19 20:37:28.000,"348","34","9f8c7ca6d99b407982c09971a7353688",,"3484",C,"003bbb358cad4a00a893b991340e19ee",admin,admin,2022-01-17,2022-01-17,1,"0","1","320500"
2025-06-19 20:37:28.000,"332","33","920a3bbac6f646688874d9cf4d285ed6",,"3329",C,"003bc13068a943dca4cf6792b5e73c2e",admin,admin,2025-02-18,2025-02-18,1,"0","1","320500"
2025-06-19 20:37:28.000,"178","17","30c8f8c0d5704301ac2138fe19bbcbfe",,"1781",C,"003bf729f4854d01a3472aa1caa81ba1",admin,admin,2022-01-07,2022-01-07,1,"0","1","320500"
2025-06-19 20:37:28.000,"332","33",ab9b7f8160eb44f49af3b5afac2e2fa0,,"3329",C,"003c004599d14ee794f5d813bdd6ac22",admin,admin,2025-01-07,2025-01-07,1,"0","1","320500"
2025-06-19 20:37:28.000,"292","29","38d5ab0c56a044609c31740009f31826",,"2929",C,"003c0b18d72f404e88d0d1b723301569",admin,admin,2024-01-05,2024-01-05,1,"0","1","320500"
2025-06-19 20:37:28.000,"175","17","4bc42b34edd842a6b10d8d8c012f8910",,"1752",C,"003c368feb8f48ac8f91f47a56092e43",admin,admin,2022-11-17,2022-11-17,1,"0","1","320500"
2025-06-19 20:37:28.000,"291","29","1ecba45ec17b49269ff472e9fefcd665",,"2919",C,"003c3f0c44a2449cb26be59fcd4675a0",admin,admin,2022-03-05,2022-03-05,1,"0","1","320500"
2025-06-19 20:37:28.000,"419","41","1a3824193c1f46de9dcf8f294420382a",,,C,"003c6a6403aa46e594df3d79c2322642",admin,admin,2025-02-27,2025-02-27,1,"0","1","320500"
2025-06-19 20:37:28.000,"183","18","716205df17dd4f83a9fbdb7d79423420",,,C,"003c87e4506d4e78a06b61a8efba654f",admin,admin,2023-02-20,2023-02-20,1,"0","1","320500"
2025-06-19 20:37:28.000,"339","33",e2882567796a458f816fa1b24e3887cc,,"3392",C,"003c8bf3aaee4edfa717f6cb841e17b8",admin,admin,2022-10-07,2022-10-07,1,"0","1","320500"
2025-06-19 20:37:28.000,"349","34","3404858ed8db41dd9870f1eb5d4784f2",,"3499",C,"003caf84da6a4772818d997b4c50e518",admin,admin,2025-02-25,2025-02-25,1,"0","1","320500"
2025-06-19 20:37:28.000,"348","34","27406335c7804ab59f833ddb2d2f8530",,"3484",C,"003cf54d16a2455a9edab29b631d0eda",admin,admin,2025-03-12,2025-03-12,1,"0","1","320500"
2025-06-19 20:37:28.000,"391","39",fae7aba8b7124234bfac2b38d07b2426,,"3913",C,"003cfdc7449945ac92acbf68d815142a",admin,admin,2023-03-29,2023-03-29,1,"0","1","320500"
2025-06-19 20:37:28.000,"292","29",ea927040b20a496f99508a8d7bdd8a03,,"2921",C,"003d35b37f20447ba1f0e9d33850b53b",admin,admin,2025-03-06,2025-03-06,1,"0","1","320500"
2025-06-19 20:37:28.000,"398","39",c9f98eacb44d48b8b27dc659503d412c,,"3989",C,"003d52d4a05f40cdbc8a749e8364aac6",admin,admin,2024-01-10,2024-01-10,1,"0","1","320500"
2025-06-19 20:37:28.000,"231","23","50b6c9fb97304394a667abe4501e3600",,"2319",C,"003d5b9a552443ccb46186b31fead6e9",admin,admin,2022-01-07,2022-01-07,1,"0","1","320500"
2025-06-19 20:37:28.000,"331","33",a6421109e4ed4dde9a592321039b6577,,"3311",C,"003da41d28ee4aabb9ea1cf170913978",admin,admin,2025-01-21,2025-01-21,1,"0","1","320500"
2025-06-19 20:37:28.000,"175","17","5d622744714e45598647e28942451d84",,"1751",C,"003dc0b16d344fc3be4424b3ae63b0eb",admin,admin,2023-01-10,2023-01-10,1,"0","1","320500"
2025-06-19 20:37:28.000,"348","34",af24c9335c744e6898846142ca6c5803,,"3484",C,"003dcdacfa5c4b588398a57f1186871b",admin,admin,2025-02-17,2025-02-17,1,"0","1","320500"
2025-06-19 20:37:28.000,"331","33","4766d6f9e60245bd9f55c9d1ab1755fa",,"3311",C,"003dd0f471104f4e851a210cc95d335a",admin,admin,2025-01-06,2025-01-06,1,"0","1","320500"
2025-06-19 20:37:28.000,"439","43",afdd07ff08f94729b11abfd43cd793b1,,,C,"003e0c17e74842ec8b44a60a8e78baf3",admin,admin,2025-02-18,2025-02-18,1,"0","1","320500"
2025-06-19 20:37:28.000,"402","40","117ba55d1f1c4712a3da3fb8fb3b6e12",,"4029",C,"003e45e45d3b4f369d9b38d65585b83c",admin,admin,2023-02-28,2023-02-28,1,"0","1","320500"
2025-06-19 20:37:28.000,"139","13",b83e5fe0231e49d8bb1b2975a6d754d8,,"1391",C,"003e4da5e7b84642b3b4f5a0bec31643",admin,admin,2024-01-18,2024-01-18,1,"0","1","320500"
2025-06-19 20:37:28.000,"439","43",fe5b6919c6e648caad05d75cf266986e,,,C,"003e4e7fa27641989541522366fb9450",admin,admin,2025-02-12,2025-02-12,1,"0","1","320500"
2025-06-19 20:37:28.000,"349","34","61abe6979c5e428d964a08331d1513f2",,"3491",C,"003e58a309f84d1f92c0d842fadf03d9",admin,admin,2024-01-23,2024-01-23,1,"0","1","320500"
2025-06-19 20:37:28.000,"397","39",e30edcab96834f09825352c6d47ffe6d,,"3979",C,"003e8d99c7c94913aa0fc0f857ba1d66",admin,admin,2022-01-07,2022-01-07,1,"0","1","320500"
2025-06-19 20:37:28.000,"339","33","4aff49092ee8455eb0c83cefad9119a9",,"3399",C,"003f6cd6c4ef4f4a80a8db5b8aad3da1",admin,admin,2022-02-15,2022-02-15,1,"0","1","320500"
2025-06-19 20:37:28.000,"231","23",fe76dc9ac5504db7b5f64fb25a65f44e,,"2319",C,"003f8f0ff58e498380dfd6061c53d646",admin,admin,2022-03-15,2022-03-15,1,"0","1","320500"
2025-06-19 20:37:28.000,"292","29",b0b290595e0b47fb89510bfc9845190b,,"2929",C,"003fbe3b77374e13b2644e4126af3a80",admin,admin,2024-02-23,2024-02-23,1,"0","1","320500"
2025-06-19 20:37:28.000,"177","17",b653179aae804f49935f8e903b33e3d1,,"1779",C,"003fd13efd0f4efa97b352a903109908",admin,admin,2022-02-26,2022-02-26,1,"0","1","320500"
2025-06-19 20:37:28.000,"352","35","8acadf6aeb824123a1b065ca20cc779e",,"3525",C,"00400133daca496ea6e05e1d4ca63ac9",admin,admin,2025-04-29,2025-04-29,1,"0","1","320500"
2025-06-19 20:37:28.000,"349","34","195e234dad7443dca97d337049abc925",,,C,"004040e44c9e493583bc671485086f2b",admin,admin,2023-02-20,2023-02-20,1,"0","1","320500"
2025-06-19 20:37:28.000,"182","18","1eed98970cf24eaf8d4037fa44b280b2",,"1829",C,"0040772673fd452299b96a37de6ed849",admin,admin,2022-03-11,2022-03-11,1,"0","1","320500"
2025-06-19 20:37:28.000,"292","29","2f6346f8d6084ed796f7538f5feadbbf",,"2927",C,"00407fd7e4bc4d879b25997844f76b22",admin,admin,2023-02-08,2023-02-08,1,"0","1","320500"
2025-06-19 20:37:28.000,"245","24",a0e449e739fa45f5adaed34df23037ec,,"2459",C,"00409bb63ff14b7294b01807712039a4",admin,admin,2024-01-08,2024-01-08,1,"0","1","320500"
2025-06-19 20:37:28.000,"338","33",ae637bfcff104a1a9424653d545c4ea5,,"3389",C,"0040aaf7f25c4205bc37c415424ff438",admin,admin,2023-02-02,2023-02-02,1,"0","1","320500"
2025-06-19 20:37:28.000,"358","35",ecc8d5286535411385499ac3efec05a1,,"3589",C,"0040ef27080e4f55aef56db24331a7ea",admin,admin,2024-02-22,2024-02-22,2,"0","0","320500"
2025-06-19 20:37:28.000,"358","35",f7bc84ebd5b341c6ad09cf8d3e0322c6,,"3589",C,"0041586e74b84ec7b649d68b96a09118",admin,admin,2022-01-11,2022-01-11,1,"0","1","320500"
2025-06-19 20:37:28.000,"339","33","072ac2b307074c558633dad7426d0226",,"3399",C,"00417e19a6904decb0c61197857fea48",admin,admin,2025-02-18,2025-02-18,1,"0","1","320500"
2025-06-19 20:37:28.000,"331","33","1c246fa375664a298f7e3724d3a61184",,"3311",C,"00418f69c57c412686fdb34def6a1bc2",admin,admin,2025-02-11,2025-02-11,1,"0","1","320500"
2025-06-19 20:37:28.000,"339","33",a2adb3711fc74cc0aa7cc8f44612468c,,"3393",C,"0041b2611d974aedb60c689fb2438c87",admin,admin,2025-01-08,2025-01-08,1,"0","1","320500"
2025-06-19 20:37:28.000,"354","35",d608fa7a868d4f13b8754716eca49564,,"3549",C,"0041eb1e317045d4aea2cc6b92d52aba",admin,admin,2023-03-13,2023-03-13,1,"0","1","320500"
2025-06-19 20:37:28.000,"397","39",ca5169ca62c641c5944862a16f54de6a,,"3979",C,"004202b039064dcba5362a2666fff997",admin,admin,2024-01-16,2024-01-16,1,"0","1","320500"
2025-06-19 20:37:28.000,"331","33","1477147be4d14791af74cca0471a27d0",,"3311",C,"004240d9a4ee4a3283bf0b38f343a001",admin,admin,2025-01-08,2025-01-08,1,"0","1","320500"
2025-06-19 20:37:28.000,"352","35","41fbb560b042489ca8d9cef4d3ec8a1f",,"3525",C,"0042c0a224344b618abdc1683c06c99e",admin,admin,2023-02-10,2023-02-10,1,"0","1","320500"
2025-06-19 20:37:28.000,"398","39",a734d9eceed0402b8b77e97cb7f5aa99,,"3989",C,"0042cc4b89f14b65a138d26a51bf860b",admin,admin,2023-03-06,2023-03-06,2,"0","0","320500"
2025-06-19 20:37:28.000,"332","33","0a005475062549e6af5f675c37847207",,"3322",C,"0042d393520d4532864f52590845964c",admin,admin,2025-01-10,2025-01-10,1,"0","1","320500"
2025-06-19 20:37:28.000,"333","33","32617608a064427caebf734279e4be5a",,"3333",C,"00432381b05a4e1292e85ba85d50571d",admin,admin,2023-04-21,2023-04-21,1,"0","1","320500"
2025-06-19 20:37:28.000,"419","41",f383b53f839d474eb9d2b671136d4e4c,,,C,"004397fc669a41389f7dcdaca0a83eab",admin,admin,2023-01-09,2023-01-09,1,"0","1","320500"
2025-06-19 20:37:28.000,"223","22","187f087c24c94c80b76894b6fb382ee2",,"2231",C,"0043abdba8b6437d9658fdafa8ecd960",admin,admin,2022-02-25,2022-02-25,1,"0","1","320500"
2025-06-19 20:37:28.000,"348","34",f869a88cc1884ccc963897caebcb3c40,,"3484",C,"0043ecbf7dba40ffbd716f83ddb13735",admin,admin,2024-01-18,2024-01-18,1,"0","1","320500"
2025-06-19 20:37:28.000,"266","26","29f26e76640c406a9dbede1d0dad8f9b",,"2669",C,"0044025251d14b59bdefce0ac4c85a9e",admin,admin,2023-11-27,2023-11-27,1,"0","1","320500"
2025-06-19 20:37:28.000,"409","40",b405e3c06a064263ba525c28dd863022,,,C,"004449fb4c2045b3a63939dcc65cce91",admin,admin,2022-01-22,2022-01-22,1,"0","1","320500"
2025-06-19 20:37:28.000,"349","34",d71eeeb924c3493a89f348bf05d487f3,,"3499",C,"004455d6c94743a281774d30a922f13a",admin,admin,2023-01-30,2023-01-30,1,"0","1","320500"
2025-06-19 20:37:28.000,"175","17","8451cf04cbd24634a911915e1d28716d",,"1751",C,"0044aa8ae99c4af889995abb32500796",admin,admin,2024-01-12,2024-01-12,1,"0","1","320500"
2025-06-19 20:37:28.000,"331","33","7d4bdb96df7b4dc087fdb65bd5b21f41",,"3311",C,"0044d2bd699344ff913ec86cc4d041f4",admin,admin,2022-02-07,2022-02-07,1,"0","1","320500"
2025-06-19 20:37:28.000,"176","17","04fbf41ebcd4440ea0413449af4abb01",,"1761",C,"0045087c71ef4fc3aac22da746410f22",admin,admin,2023-02-11,2023-02-11,1,"0","1","320500"
2025-06-19 20:37:28.000,"183","18","810dfd8df9f241a18d3df4b9710e126f",,,C,"00451342d61d4bcfad2e9257d3796b7f",admin,admin,2022-01-26,2022-01-26,2,"0","0","320500"
2025-06-19 20:37:28.000,"348","34","4394f74d1ca4426eba54238ec176209b",,"3489",C,"00451525c65c484686634f998b441a70",admin,admin,2022-01-25,2022-01-25,1,"0","1","320500"
2025-06-19 20:37:28.000,"336","33","64312258d0a242eeba4552e7c5328a83",,,C,"0045285077d54ce4b4b8d4e4e8610970",admin,admin,2022-03-09,2022-03-09,1,"0","1","320500"
2025-06-19 20:37:28.000,"175","17",d749b748022e4dd0a8d72fd437313daa,,"1751",C,"00455bc39c6a44f9a175b2d6c0a4d23d",admin,admin,2023-02-09,2023-02-09,1,"0","1","320500"
2025-06-19 20:37:28.000,"398","39","63a7df4daee94283b836874fe7a2927c",,"3985",C,"004565acf6164c33b536834350ae504d",admin,admin,2025-02-10,2025-02-10,1,"0","1","320500"
2025-06-19 20:37:28.000,"353","35",b616c4c591e2459dbace00d6789bf157,,"3531",C,"0045b8453a2246b2ab580333fae8c736",admin,admin,2022-02-28,2022-02-28,1,"0","1","320500"
2025-06-19 20:37:28.000,"397","39","08e1f366faf649b5ba529b7dbb8b9da6",,"3979",C,"0045bd5249134ba2800202ea60216cf9",admin,admin,2023-02-06,2023-02-06,1,"0","1","320500"
2025-06-19 20:37:28.000,"442","44","2d63cf6dd5a94accb883b6a51b7df5a1",,,D,"0045bfcf6c1a49f8ac73361884ab48df",admin,admin,2023-03-01,2023-03-01,1,"0","1","320500"
2025-06-19 20:37:28.000,"265","26",dc070cb2a15c4009827d7e844aff1b15,,"2651",C,"0045dc0680454d398e6eae5cf078b5d4",admin,admin,2022-02-15,2022-02-15,1,"0","1","320500"
2025-06-19 20:37:28.000,"201","20","9e16f1434fde475a8e7d92d10d50dc0a",,"2012",C,"00460bfb83474fe094e3bc0d5b4915cf",admin,admin,2023-03-23,2023-03-23,1,"0","1","320500"
2025-06-19 20:37:28.000,"292","29","45ee307a82724afca69a09b5eb846a7f",,"2926",C,"00462f92e3fe425db6fbd801edd0a41e",admin,admin,2022-02-15,2022-02-15,1,"0","1","320500"
2025-06-19 20:37:28.000,"382","38",a65a43ddc9634d5baf584387ee9fc3b4,,"3821",C,"004635bef14947c3b7bfb99f1ca50017",admin,admin,2023-02-24,2023-02-24,1,"0","1","320500"
2025-06-19 20:37:28.000,"725","72","7e05ad08f532442da6c9c78f6da7a3a4",,"7259",L,"00468ce5b6e04e1d8400927e6faa6169",admin,admin,2025-01-10,2025-01-10,1,"0","1","320500"
2025-06-19 20:37:28.000,"183","18","3da6381c693a4176915edacdc8e83478",,,C,"0046aaa778a0474ebce106f392c26acc",admin,admin,2022-03-03,2022-03-03,1,"0","1","320500"
2025-06-19 20:37:28.000,"203","20","8487aad611c7408a83686782dc0592b8",,"2035",C,"0046b3fe98c94f1bbf7efdbe6b271721",admin,admin,2025-01-07,2025-01-07,1,"0","1","320500"
2025-06-19 20:37:28.000,"203","20","2081eaef1de34236afa1ff77484b0710",,"2039",C,"0046fa48bfd541e393c1cb6d27d0e4db",admin,admin,2024-01-03,2024-01-03,1,"0","1","320500"
2025-06-19 20:37:28.000,"348","34","9257c00f5def48b6967943977c9c98b9",,"3482",C,"0046fbfa8e1541e099aa885c77555d30",admin,admin,2023-03-29,2023-03-29,1,"0","1","320500"
2025-06-19 20:37:28.000,"223","22","07c40edb765b427ba894d4a65c8331cd",,"2231",C,"004734ba8ec4454e98cf43365e76409d",admin,admin,2023-01-18,2023-01-18,1,"0","1","320500"
2025-06-19 20:37:28.000,"175","17","38274b05fafd44d3a55e505e022413ce",,"1751",C,"00474606324e4072810e737a73776cb1",admin,admin,2022-02-25,2022-02-25,1,"0","1","320500"
2025-06-19 20:37:28.000,"276","27",a7126ac05567454ea13be6182b44c733,,"2761",C,"00475209dd1b4b298a4ba38be1859341",admin,admin,2022-01-14,2022-01-14,1,"0","1","320500"
2025-06-19 20:37:28.000,"181","18","155d61db66724e7d82ca5953c0d72a96",,"1811",C,"00476b225ae2429bb1dca5aecf540fb4",admin,admin,2022-03-15,2022-03-15,1,"0","1","320500"
2025-06-19 20:37:28.000,"339","33",c416b8366df8426f86980c56f66b66dc,,"3399",C,"00477b64ec8547458fd03e36d757a866",admin,admin,2022-02-15,2022-02-15,1,"0","1","320500"
2025-06-19 20:37:28.000,"399","39","39ba26eb8ef54b5791042aa2b2984e08",,,C,"00477ba1de454b098cb324db21cb30ca",admin,admin,2022-01-19,2022-01-19,1,"0","1","320500"
2025-06-19 20:37:28.000,"419","41",f6a608f17d1847be86a5c22734da00b3,,,C,"0047952dafc6477893d5227eb9f6f1c5",admin,admin,2023-03-07,2023-03-07,1,"0","1","320500"
2025-06-19 20:37:28.000,"332","33",bed0e2427da34af8a8f78c7a39046663,,"3329",C,"0047e0203d634a79b756f9932e12df95",admin,admin,2024-02-04,2024-02-04,1,"0","1","320500"
2025-06-19 20:37:28.000,"282","28","7c4f18d7d35c466ba3bba66668507847",,"2822",C,"0047eea5590449a499967763adda6a4d",admin,admin,2022-03-01,2022-03-01,1,"0","1","320500"
2025-06-19 20:37:28.000,"348","34","7ea21bb0b689448d8d8241f104300d27",,"3484",C,"0047ef85546945f494711f741c324184",admin,admin,2023-02-03,2023-02-03,1,"0","1","320500"
2025-06-19 20:37:28.000,"176","17","43a9fd1e0cea4871b6039355bfd8c728",,"1761",C,"0047fea7f22d4713bc55cce19185733b",admin,admin,2023-02-02,2023-02-02,1,"0","1","320500"
2025-06-19 20:37:28.000,"367","36","2687fdf6d9a24de58cb690921b316716",,,C,"00480e37ec3e4394bb772cb21562e282",admin,admin,2025-02-21,2025-02-21,1,"0","1","320500"
2025-06-19 20:37:28.000,"419","41",ce3a5c2db5e74995bb162a3de8177a28,,,C,"0048859172b34fe98fb67806588c4d26",admin,admin,2025-02-10,2025-02-10,1,"0","1","320500"
2025-06-19 20:37:28.000,"401","40",d23282b678bd47daa44a3b55deaadfe8,,"4019",C,"004890d2f5ca47d2b597d213d732ac6c",admin,admin,2025-02-19,2025-02-19,1,"0","1","320500"
2025-06-19 20:37:28.000,"223","22","5b8378e91bf1479abd4e4f43cdceaa6e",,"2231",C,"00489bb016c94487afb97c470ef965c2",admin,admin,2022-02-10,2022-02-10,1,"0","1","320500"
2025-06-19 20:37:28.000,"302","30","22f213135dff4c479a8b7dd20e2de27a",,"3021",C,"0048e0d438be4f50b7c5036a2e2ad7fb",admin,admin,2025-05-13,2025-05-13,1,"0","1","320500"
2025-06-19 20:37:28.000,"378","37",bea4c8d0d0b04e2c81d094ca43c796ee,,,C,"00492fc817394d2294b9483b5c46ed62",admin,admin,2023-03-13,2023-03-13,1,"0","1","320500"
2025-06-19 20:37:28.000,"339","33",a13b9804c38946f6be36493fab494083,,"3399",C,"0049371008cc4eb4a0e042676dc32a4d",admin,admin,2022-01-14,2022-01-14,1,"0","1","320500"
2025-06-19 20:37:28.000,"331","33",c8c0f88261ea4883b9b5c003ca571682,,"3311",C,"004960b40cde47f3a6407e61eec90464",admin,admin,2025-02-10,2025-02-10,1,"0","1","320500"
2025-06-19 20:37:28.000,"201","20",b6e7e3b06fad4c519a5441e728935696,,"2011",C,"00499ae670024088b75c036e352592b3",admin,admin,2023-02-07,2023-02-07,1,"0","1","320500"
2025-06-19 20:37:28.000,"348","34",fd05e9e961fd47479ce69334914a2fbb,,"3484",C,"00499ea25f1f446d9c72251c0214ac8d",admin,admin,2022-02-11,2022-02-11,1,"0","1","320500"
2025-06-19 20:37:28.000,"334","33",a0f49aa385924879a541baa89099fa45,,,C,"004a08acb09b43bfa5436071885f3a3f",admin,admin,2025-01-09,2025-01-09,1,"0","1","320500"
2025-06-19 20:37:28.000,"342","34","0ceddf84794e4b12892f3f9ed7cb9056",,"3429",C,"004a0b0f9df94316b21083957d1e8fac",admin,admin,2024-01-22,2024-01-22,1,"0","1","320500"
2025-06-19 20:37:28.000,"342","34","9ce95b45b08546919870b612a3c9b5d1",,"3429",C,"004a0bacc4ab4b67b33e1729f77e6a62",admin,admin,2024-01-22,2024-01-22,1,"0","1","320500"
2025-06-19 20:37:28.000,"292","29","893c118bcd1145b9a41a42de73ace213",,"2926",C,"004a0eea21f3457cb848b0528827a1f7",admin,admin,2023-02-04,2023-02-04,1,"0","1","320500"
2025-06-19 20:37:28.000,"352","35","610a62f9f48b4c309b5ac91bcb502cb6",,"3525",C,"004a1cf4d5084642b66bb87607b6e851",admin,admin,2022-01-12,2022-01-12,1,"0","1","320500"
2025-06-19 20:37:28.000,"349","34","7a6568d7d01c4838a64a8629c7bfa32b",,"3491",C,"004a5ba83a0e48bb9501174694c3efb5",admin,admin,2022-03-07,2022-03-07,1,"0","1","320500"
2025-06-19 20:37:28.000,"183","18","494cc30629f54686b832998e30a77146",,,C,"004a6ff0ff554d38a4a611a0aa61e3da",admin,admin,2022-03-03,2022-03-03,1,"0","1","320500"
2025-06-19 20:37:28.000,"336","33","7c67552ff57d4af995522089e83ed1e0",,,C,"004a7e7cc01e45539b4dff8bafa42437",admin,admin,2023-01-06,2023-01-06,1,"0","1","320500"
2025-06-19 20:37:28.000,"349","34","592746c3fd624be791c557f6260f1c6a",,"3499",C,"004a7fc120864a4fa2a011dfd65b7abf",admin,admin,2024-01-19,2024-01-19,1,"0","1","320500"
2025-06-19 20:37:28.000,"348","34","8e6239c6e63b4f2882867c03b7c10d2b",,"3489",C,"004a838411b441af8a04a824c5c7d183",admin,admin,2024-01-11,2024-01-11,1,"0","1","320500"
2025-06-19 20:37:28.000,"332","33","3f51b1771ba04a4d82c7481aca7c6a8a",,"3329",C,"004a9fb6e87e41b18d8ad04cb22d477c",admin,admin,2022-02-18,2022-02-18,1,"0","1","320500"
2025-06-19 20:37:28.000,"358","35","1e2d6fee54334e2a9ce470100f9cc4f3",,"3584",C,"004ac831ecee4d67ab5e656458fc6866",admin,admin,2025-02-11,2025-02-11,1,"0","1","320500"
2025-06-19 20:37:28.000,"335","33","2f0515a9b6f047d890ebda5914a069ae",,"3359",C,"004ae702a2784a529305dab90ac492cd",admin,admin,2023-01-10,2023-01-10,1,"0","1","320500"
2025-06-19 20:37:28.000,"342","34",dbc01ee5d6b84eb183beae915f18f49f,,"3429",C,"004af0e3eb4541a3b9c261e131949925",admin,admin,2022-02-07,2022-02-07,2,"0","0","320500"
2025-06-19 20:37:28.000,"419","41","2a289d783d694eb4a6906c9346089b63",,,C,"004b07b35352467fb149de9e6cb12252",admin,admin,2023-02-02,2023-02-02,1,"0","1","320500"
2025-06-19 20:37:28.000,"342","34",f2338998690548ceab4936ed907a942b,,"3429",C,"004b2262c1a845669c0c7b192da0ad6d",admin,admin,2024-01-17,2024-01-17,1,"0","1","320500"
2025-06-19 20:37:28.000,"348","34","852dc0cd22cc4be6a53946195a4f9a8e",,"3484",C,"004b2f0b0c1544f8ba14ed6f9e7cffc5",admin,admin,2023-03-04,2023-03-04,1,"0","1","320500"
2025-06-19 20:37:28.000,"419","41","453afa2cbf8549ec8298bc78b749e1bd",,,C,"004b5934d8604384a42b66540452e32d",admin,admin,2022-01-12,2022-01-12,1,"0","1","320500"
2025-06-19 20:37:28.000,"203","20","30adffd0b3334fc18a06f40b30b33b97",,"2039",C,"004bd861963b4650bd2a56aabc81e185",admin,admin,2022-10-09,2022-10-09,1,"0","1","320500"
