"时间戳","主键","创建人","创建时间","修改人","修改时间","企业id","标签id","标签名称","数据来源"
2025-10-26 19:33:13.000,"00007856f829313ca797c514bc569ed5",,,,,"91320583MA1W4X421Y",bb482be4ad7c4313ae774ba8d7b29e85,乡镇（街道）级,
2025-10-26 19:33:08.000,"00010768f1061d2b05a512353c9fafe6",,,,,"913205066668078715",bb482be4ad7c4313ae774ba8d7b29e85,乡镇（街道）级,
2025-10-26 19:33:13.000,"00011da28f26836a2bd6db0a55a39120",,,,,"91320585562930146A","4e0899e990724afdb54fb1559a89053e",厂中厂-承租方,
2025-10-26 19:33:11.000,"000158addae99f9c97a97ca9bc412720",,,,,"91320582MA20QBHF3L","4e0899e990724afdb54fb1559a89053e",厂中厂-承租方,
2025-10-26 19:33:09.000,"000195e1f390ceb9d823d9fa2e3ddf1a",,,,,"913205091382316458","99ab4b32297541aabad837ed9541f024",危化品使用企业,
2025-10-26 19:33:11.000,"0001fca05ac6fd420feeef7ade27d7a5",,,,,"91320581785579912H",bb482be4ad7c4313ae774ba8d7b29e85,乡镇（街道）级,
2025-10-26 19:33:10.000,"0002fec68c9c421f75e26bdaacab8056",,,,,"913205810882551110",bb482be4ad7c4313ae774ba8d7b29e85,乡镇（街道）级,
2025-10-26 19:33:09.000,"000301a23a05e07b36e2b0b56dfd942f",,,,,"91320509346489835L",bb482be4ad7c4313ae774ba8d7b29e85,乡镇（街道）级,
2025-10-26 19:33:09.000,"0003462856e5c4bf870d15949198b968",,,,,"91320507734419951U",bb482be4ad7c4313ae774ba8d7b29e85,乡镇（街道）级,
2025-10-26 19:33:11.000,"0003af445a346acc28751f32fc8e3824",,,,,"91320582MACBCREN5K","4e0899e990724afdb54fb1559a89053e",厂中厂-承租方,
2025-10-26 19:33:11.000,"0003fc5328c5dcd79cc2538a4856467e",,,,,"913205827724689658",bb482be4ad7c4313ae774ba8d7b29e85,乡镇（街道）级,
2025-10-26 19:33:12.000,"00051747970b7a42d3364936c1b8fff4",,,,,"913205830941253646","2ed65e7e852b4b29837b00f9b243d5d1",厂中厂（省级）,
2025-10-26 19:33:13.000,"0006a065449eba9002a7ce3ab8b6eda3",,,,,"91320594398226033H","2ed65e7e852b4b29837b00f9b243d5d1",厂中厂（省级）,
2025-10-26 19:33:14.000,"000728dd22240103226649d9ccea389f",,,,,"92320583MA1WFF7Y30",bb482be4ad7c4313ae774ba8d7b29e85,乡镇（街道）级,
2025-10-26 19:33:09.000,"000830ae9f7578c3d9cc5d016ea8760f",,,,,"91320509673047671Y",bb482be4ad7c4313ae774ba8d7b29e85,乡镇（街道）级,
2025-10-26 19:33:12.000,"00083a1f979c68e7da7af2b20c0d38b3",,,,,"91320583MA1MYE5X4L","2ed65e7e852b4b29837b00f9b243d5d1",厂中厂（省级）,
2025-10-26 19:33:11.000,"0008f9b4da02136864473cf098b5a1fa",,,,,"91320582569152607Y","4e0899e990724afdb54fb1559a89053e",厂中厂-承租方,
2025-10-26 19:33:09.000,"0008fe10a0ea7605f93fe2411a4a8b9f",,,,,"913205075603216546","1a282fd947354a6295071c1e9b84948b",厂中厂-出租方,
2025-10-26 19:33:13.000,"000a2eadd3a9b95343b8f4516df24eb5",,,,,"91320583MA7NHFQMX0","2ed65e7e852b4b29837b00f9b243d5d1",厂中厂（省级）,
2025-10-26 19:33:14.000,"000a818ae0a984c258c3f30c28130d9b",,,,,"91320594MA23HYP83N",bb482be4ad7c4313ae774ba8d7b29e85,乡镇（街道）级,
2025-10-26 19:33:14.000,"000adce146796dc75c2cf1d60575fda3",,,,,"91320594MA1MQDE48J","2ed65e7e852b4b29837b00f9b243d5d1",厂中厂（省级）,
2025-10-26 19:33:12.000,"000b02388ac01afe1ecaed559686575d",,,,,"91320583331116921D",bb482be4ad7c4313ae774ba8d7b29e85,乡镇（街道）级,
2025-10-26 19:33:10.000,"000bf01a161fec569399b00f6eb1b67d",,,,,"913205815810279801","4e0899e990724afdb54fb1559a89053e",厂中厂-承租方,
2025-10-26 19:33:08.000,"000c096556e40a8a39356112f119c668",,,,,"91320506MA1MQRF936","99ab4b32297541aabad837ed9541f024",危化品使用企业,
2025-10-26 19:33:10.000,"000c113d3ad6b333f9e799f8705b9fc4",,,,,"91320581727392658Y",bb482be4ad7c4313ae774ba8d7b29e85,乡镇（街道）级,
2025-10-26 19:33:11.000,"000c357997cd4a0b03a07ebcea6dc6bc",,,,,"91320582MA1ML1U666","2ed65e7e852b4b29837b00f9b243d5d1",厂中厂（省级）,
2025-10-26 19:33:09.000,"000c408805689b426d37edf5dbb39910",,,,,"913205090518056699",bb482be4ad7c4313ae774ba8d7b29e85,乡镇（街道）级,
2025-10-26 19:33:10.000,"000c5cc80040982cec5ea298e3b630ee",,,,,"91320509784974072C","2ed65e7e852b4b29837b00f9b243d5d1",厂中厂（省级）,
2025-10-26 19:33:11.000,"000d07b1b29ba3a14f99da0bfdfb9492",,,,,"9132058273378886X2","2ed65e7e852b4b29837b00f9b243d5d1",厂中厂（省级）,
2025-10-26 19:33:10.000,"000d82ccbcce98908a3f094c46428ca5",,,,,"91320581142014301W",bb482be4ad7c4313ae774ba8d7b29e85,乡镇（街道）级,
2025-10-26 19:33:12.000,"000dae2906619781475c97f8bd3042d2",,,,,"91320583550259279F","2ed65e7e852b4b29837b00f9b243d5d1",厂中厂（省级）,
2025-10-26 19:33:13.000,"000e38d1c92789b4a0717256b4e9bb44",,,,,"91320583MA247GMY47","2ed65e7e852b4b29837b00f9b243d5d1",厂中厂（省级）,
2025-10-26 19:33:12.000,"000e6e94a088d86d4801a59da716d4ee",,,,,"9132058362838349X0",bb482be4ad7c4313ae774ba8d7b29e85,乡镇（街道）级,
2025-10-26 19:33:10.000,"000e9636bf166f86a5f37be19c47173e",,,,,"91320509MA1MEJ1M3E","2ed65e7e852b4b29837b00f9b243d5d1",厂中厂（省级）,
2025-10-26 19:33:11.000,"000e9a86f28eb772c72c831d854bca4d",,,,,"91320582776424484P","4e0899e990724afdb54fb1559a89053e",厂中厂-承租方,
2025-10-26 19:33:11.000,"000f4d70af05838323eb73f77c4882b0",,,,,"913205826816486536","4e0899e990724afdb54fb1559a89053e",厂中厂-承租方,
2025-10-26 19:33:12.000,"000f4ebb3d757c54a78f022746e41c98",,,,,"91320583689194887X","2ed65e7e852b4b29837b00f9b243d5d1",厂中厂（省级）,
2025-10-26 19:33:12.000,"000f673357f62f1a69891787f61108ab",,,,,"91320583586636152J","2ed65e7e852b4b29837b00f9b243d5d1",厂中厂（省级）,
2025-10-26 19:33:09.000,"000fc8552ed45c7836f3d867770a5f1e",,,,,"91320507789084765Y","2ed65e7e852b4b29837b00f9b243d5d1",厂中厂（省级）,
2025-10-26 19:33:10.000,"001014037f549e2d3629de430e326e55",,,,,"91320509MAD22WXM0Q","4e0899e990724afdb54fb1559a89053e",厂中厂-承租方,
2025-10-26 19:33:08.000,"00101e57e7c53fdf0734873566359060",,,,,"91320505699359446D",bb482be4ad7c4313ae774ba8d7b29e85,乡镇（街道）级,
2025-10-26 19:33:14.000,"0010220246665b24d01f96284036bf95",,,,,"92320507MA1PKAWQ40","4e0899e990724afdb54fb1559a89053e",厂中厂-承租方,
2025-10-26 19:33:08.000,"001052a6ed2f5a8aa1f1e62631c214e9",,,,,"913205063391268840",bb482be4ad7c4313ae774ba8d7b29e85,乡镇（街道）级,
2025-10-26 19:33:12.000,"0011671face7afe2c53e681dc01e171d",,,,,"91320583564298041T","4e0899e990724afdb54fb1559a89053e",厂中厂-承租方,
2025-10-26 19:33:11.000,"001186a94a6706d887274a254b70a6c7",,,,,"91320582301999356H","4e0899e990724afdb54fb1559a89053e",厂中厂-承租方,
2025-10-26 19:33:14.000,"00119b0e56b4eb2db577c2d6618ad9f2",,,,,"92320583MA1T8C7737","4e0899e990724afdb54fb1559a89053e",厂中厂-承租方,
2025-10-26 19:33:10.000,"0011ba54d4bb6bded81792562052823d",,,,,"91320581251450751C",bb482be4ad7c4313ae774ba8d7b29e85,乡镇（街道）级,
2025-10-26 19:33:07.000,"0011dd58ae77ad4bc9c9fb44c2fa4e4c",,,,,"913205007539426414",bb482be4ad7c4313ae774ba8d7b29e85,乡镇（街道）级,
2025-10-26 19:33:14.000,"001230508198613a9963a64c70a0b75b",,,,,"92320509MA1N4E2Q5J","4e0899e990724afdb54fb1559a89053e",厂中厂-承租方,
2025-10-26 19:33:12.000,"00124729525dbbce1fe9f4eb0a7f6ee3",,,,,"91320583MA1MRNY563",bb482be4ad7c4313ae774ba8d7b29e85,乡镇（街道）级,
2025-10-26 19:33:09.000,"0012847a41950691cfade29b16958de4",,,,,"91320507MA1WU3GB1G","2ed65e7e852b4b29837b00f9b243d5d1",厂中厂（省级）,
2025-10-26 19:33:09.000,"001399ff3fb23a135f6bca84a6b71a43",,,,,"91320507776444485N","4e0899e990724afdb54fb1559a89053e",厂中厂-承租方,
2025-10-26 19:33:10.000,"0013c2f5843028f9a3addfd720bf8e01",,,,,"913205815899731112","4e0899e990724afdb54fb1559a89053e",厂中厂-承租方,
2025-10-26 19:33:13.000,"001425d20e41b2a62d459d8cff0c99a5",,,,,"913205945703079444","2ed65e7e852b4b29837b00f9b243d5d1",厂中厂（省级）,
2025-10-26 19:33:13.000,"00145b90d0b2c92e131dd482a923c26c",,,,,"91320583MA22AXN70Q","2ed65e7e852b4b29837b00f9b243d5d1",厂中厂（省级）,
2025-10-26 19:33:11.000,"00146f80774b6d2f80d7bcc287f2bc53",,,,,"91320581MA1NM0R95F",bb482be4ad7c4313ae774ba8d7b29e85,乡镇（街道）级,
2025-10-26 19:33:13.000,"001523afa6ce74ed5450ee7765b2162e",,,,,"91320583MA1YJ2MU41",bb482be4ad7c4313ae774ba8d7b29e85,乡镇（街道）级,
2025-10-26 19:33:13.000,"0015654289fb00511b4f7167bf3c45e9",,,,,"91320594776418156B",bb482be4ad7c4313ae774ba8d7b29e85,乡镇（街道）级,
2025-10-26 19:33:11.000,"00157d94735b71787efd6c834811b93b",,,,,"913205821421747780","1a282fd947354a6295071c1e9b84948b",厂中厂-出租方,
2025-10-26 19:33:11.000,"00159413e7def7cc6f6d358ba3f36613",,,,,"91320582MA1X59TM57","2ed65e7e852b4b29837b00f9b243d5d1",厂中厂（省级）,
2025-10-26 19:33:10.000,"0015ac1896bcaa1797665b2b3555b028",,,,,"91320509MA26U1HK4K",bb482be4ad7c4313ae774ba8d7b29e85,乡镇（街道）级,
2025-10-26 19:33:12.000,"001615fedd2fa2c3b079842e459b13f5",,,,,"91320583MA1Q21AW1P","2ed65e7e852b4b29837b00f9b243d5d1",厂中厂（省级）,
2025-10-26 19:33:13.000,"00166fe7fa9a64159e0d3a2b8ff6b9b1",,,,,"91320585678323129J",bb482be4ad7c4313ae774ba8d7b29e85,乡镇（街道）级,
2025-10-26 19:33:12.000,"001696b8674b9217aa40d57ffb02c42e",,,,,"91320583331085707Y","4e0899e990724afdb54fb1559a89053e",厂中厂-承租方,
2025-10-26 19:33:10.000,"001697bd660405fa84a69281fd4d40e3",,,,,"91320581142016075X",bb482be4ad7c4313ae774ba8d7b29e85,乡镇（街道）级,
2025-10-26 19:33:14.000,"0016ad3e9c8de81ea41ae3905ffa4127",,,,,"92320585MA1YW8CD9H","4e0899e990724afdb54fb1559a89053e",厂中厂-承租方,
2025-10-26 19:33:10.000,"0016b460179f7f0d083bd8bd33deece2",,,,,"91320509MA20XLGD67",bb482be4ad7c4313ae774ba8d7b29e85,乡镇（街道）级,
2025-10-26 19:33:09.000,"00170ed79c49e0304b3e94ec08607366",,,,,"91320509714956311L","1a282fd947354a6295071c1e9b84948b",厂中厂-出租方,
2025-10-26 19:33:09.000,"001714226e115b9564695654870fffa5",,,,,"91320507MA1Y6GH98A","4e0899e990724afdb54fb1559a89053e",厂中厂-承租方,
2025-10-26 19:33:13.000,"00178704e026a671e0986d8060f51447",,,,,"91320583MA1Y0EUQ12",bb482be4ad7c4313ae774ba8d7b29e85,乡镇（街道）级,
2025-10-26 19:33:09.000,"001789b29945d337808a754142b6ced4",,,,,"9132050957255720XT",bb482be4ad7c4313ae774ba8d7b29e85,乡镇（街道）级,
2025-10-26 19:33:08.000,"001803efbc372eff597d03ed0c4d27b0",,,,,"913205065524881044",bb482be4ad7c4313ae774ba8d7b29e85,乡镇（街道）级,
2025-10-26 19:33:09.000,"001810c8e8a0a425a420f9c2ca11b774",,,,,"9132050856176166XJ","2ed65e7e852b4b29837b00f9b243d5d1",厂中厂（省级）,
2025-10-26 19:33:13.000,"0018aa54c439ccb8b24de29195648868",,,,,"91320585666845835B","2ed65e7e852b4b29837b00f9b243d5d1",厂中厂（省级）,
2025-10-26 19:33:07.000,"0018bc422d9b827600ba9d5d427f4d61",,,,,"91320500331139795K",bb482be4ad7c4313ae774ba8d7b29e85,乡镇（街道）级,
2025-10-26 19:33:13.000,"001988edc615489a586ab8a674b7be85",,,,,"91320585716849456P","2ed65e7e852b4b29837b00f9b243d5d1",厂中厂（省级）,
2025-10-26 19:33:09.000,"001ad8ec3b76c2bc027a7f62f122b9ee",,,,,"913205076783451923",bb482be4ad7c4313ae774ba8d7b29e85,乡镇（街道）级,
2025-10-26 19:33:08.000,"001ae72caf913636d76ce519ee94b46d",,,,,"91320505MA1TA2KB2P","4e0899e990724afdb54fb1559a89053e",厂中厂-承租方,
2025-10-26 19:33:13.000,"001be1b7f771edb31db772438167765c",,,,,"91320594772458812Q","99ab4b32297541aabad837ed9541f024",危化品使用企业,
2025-10-26 19:33:08.000,"001c66df322a0f92a89a69b495dbd51b",,,,,"91320505745583183G","2ed65e7e852b4b29837b00f9b243d5d1",厂中厂（省级）,
2025-10-26 19:33:08.000,"001d0832515e35a340334ffc903145d9",,,,,"91320505MA1NWBH023",bb482be4ad7c4313ae774ba8d7b29e85,乡镇（街道）级,
2025-10-26 19:33:11.000,"001d5b18924792c6ca8f45f370227eb3",,,,,"91320581796513169D",bb482be4ad7c4313ae774ba8d7b29e85,乡镇（街道）级,
2025-10-26 19:33:14.000,"001d8b6d305dee1aee4f0d36d723e0c4",,,,,"92320583MA1P791B0T",bb482be4ad7c4313ae774ba8d7b29e85,乡镇（街道）级,
2025-10-26 19:33:11.000,"001dd0541ecbfd9790103cf43887528b",,,,,"91320582MA1W8KLC82","2ed65e7e852b4b29837b00f9b243d5d1",厂中厂（省级）,
2025-10-26 19:33:09.000,"001dd972fb9d53fe73585a30f042e938",,,,,"9132050731418632XL",bb482be4ad7c4313ae774ba8d7b29e85,乡镇（街道）级,
2025-10-26 19:33:09.000,"001e740c3cb3a224c70b12da6c166776",,,,,"91320507593995102R","4e0899e990724afdb54fb1559a89053e",厂中厂-承租方,
2025-10-26 19:33:14.000,"001eb5aeff930d6c1fbb79f2607c1eb8",,,,,"92320583MA1PJT3G4P","4e0899e990724afdb54fb1559a89053e",厂中厂-承租方,
2025-10-26 19:33:13.000,"001f8ae9eb874ad21a5027a974fd07da",,,,,"91320583MA203YAG46","2ed65e7e852b4b29837b00f9b243d5d1",厂中厂（省级）,
2025-10-26 19:33:07.000,"002000f82f9ecbc330d8eda029c05f8b",,,,,"91320500MA1WT0T788",bb482be4ad7c4313ae774ba8d7b29e85,乡镇（街道）级,
2025-10-26 19:33:10.000,"0020c188af61ff530142c206e263467f",,,,,"91320509MABMJNNBXM","4e0899e990724afdb54fb1559a89053e",厂中厂-承租方,
2025-10-26 19:33:12.000,"0020e5aa3eb0139f71462fe67d092355",,,,,"913205833392022505","2ed65e7e852b4b29837b00f9b243d5d1",厂中厂（省级）,
2025-10-26 19:33:09.000,"0021043829a265868c197cba6ee44f84",,,,,"91320509561827550F","2ed65e7e852b4b29837b00f9b243d5d1",厂中厂（省级）,
2025-10-26 19:33:09.000,"002141f033b12405cc0722c41afe93fb",,,,,"913205077890851869","2ed65e7e852b4b29837b00f9b243d5d1",厂中厂（省级）,
2025-10-26 19:33:09.000,"002223e45d6ad4527f8eda1b861b9e11",,,,,"91320507MA1RNT606K","2ed65e7e852b4b29837b00f9b243d5d1",厂中厂（省级）,
2025-10-26 19:33:13.000,"0022be38e943dd3361c26689004c59b3",,,,,"91320583MA1W468L9T",bb482be4ad7c4313ae774ba8d7b29e85,乡镇（街道）级,
2025-10-26 19:33:13.000,"00238e3ff24bce9d3a70684e0cc8341c",,,,,"91320585MA1MDYF591",aca9a01815684397bd880b9ec0d62aee,粉尘涉爆企业,
2025-10-26 19:33:09.000,"00238f33e028a35113e7e1c2cb52c12d",,,,,"91320508798637886J","4e0899e990724afdb54fb1559a89053e",厂中厂-承租方,
2025-10-26 19:33:14.000,"0023b9402d89c7c2db78476976c51a70",,,,,"92320509MA1PW2JC07",bb482be4ad7c4313ae774ba8d7b29e85,乡镇（街道）级,
2025-10-26 19:33:10.000,"00252494dadb93fab2392399c3d76033",,,,,"91320509MA21J8FK6E","4e0899e990724afdb54fb1559a89053e",厂中厂-承租方,
2025-10-26 19:33:11.000,"002568aa91f2fb93908e5278a2181fc5",,,,,"91320581MA2513121Q",bb482be4ad7c4313ae774ba8d7b29e85,乡镇（街道）级,
2025-10-26 19:33:10.000,"002637efe1f0cffaff73763e128ee587",,,,,"91320509MA20HFHH1G",bb482be4ad7c4313ae774ba8d7b29e85,乡镇（街道）级,
2025-10-26 19:33:08.000,"002688da6d614f9df9d6dde6ebadedab",,,,,"913205066979020384","2ed65e7e852b4b29837b00f9b243d5d1",厂中厂（省级）,
2025-10-26 19:33:13.000,"0026ba16cd3c30056bad9e78b0f31042",,,,,"91320583MA20K55K9K","4e0899e990724afdb54fb1559a89053e",厂中厂-承租方,
2025-10-26 19:33:10.000,"0027abd6bf619adde451707132571ef8",,,,,"91320509838250732B","2ed65e7e852b4b29837b00f9b243d5d1",厂中厂（省级）,
2025-10-26 19:33:14.000,"002829f1a9146869f5f7f00bc814b5ef",,,,,"92320507MA1PKA9Y37","2ed65e7e852b4b29837b00f9b243d5d1",厂中厂（省级）,
2025-10-26 19:33:13.000,"0028558c9dddbbd33990cfc2592918a1",,,,,"91320585MA1N1HEG1M","2ed65e7e852b4b29837b00f9b243d5d1",厂中厂（省级）,
2025-10-26 19:33:13.000,"00289f0e6f710ad86ce0840219b3a49b",,,,,"913205943464855007",bb482be4ad7c4313ae774ba8d7b29e85,乡镇（街道）级,
2025-10-26 19:33:11.000,"002962c90313af43d1d3ba7a94ec2a25",,,,,"91320581MA1WP08L7F","4e0899e990724afdb54fb1559a89053e",厂中厂-承租方,
2025-10-26 19:33:11.000,"0029932a68908a406e2848b24e64de3a",,,,,"91320581MA235EJY85","4e0899e990724afdb54fb1559a89053e",厂中厂-承租方,
2025-10-26 19:33:12.000,"0029c01b4e94c08e303a982d3c8bac23",,,,,"91320583MA1R7CA91W","2ed65e7e852b4b29837b00f9b243d5d1",厂中厂（省级）,
2025-10-26 19:33:08.000,"002a39644da46e8e3239b9c725ae7f08",,,,,"91320505732513733J","99ab4b32297541aabad837ed9541f024",危化品使用企业,
2025-10-26 19:33:11.000,"002a72f24386d81427b420039f4ed32b",,,,,"91320583051874859P","2ed65e7e852b4b29837b00f9b243d5d1",厂中厂（省级）,
2025-10-26 19:33:10.000,"002a7e8aa440e3e5ec93ac2faa20c231",,,,,"91320509MA265HE5XT","4e0899e990724afdb54fb1559a89053e",厂中厂-承租方,
2025-10-26 19:33:11.000,"002a877e90b72c4ba73308fe014d0d5d",,,,,"91320582736522477U","2ed65e7e852b4b29837b00f9b243d5d1",厂中厂（省级）,
2025-10-26 19:33:08.000,"002ab747ea54f26c8e58426b48080b59",,,,,"91320506301940426A","4e0899e990724afdb54fb1559a89053e",厂中厂-承租方,
2025-10-26 19:33:13.000,"002d35aaaf7eef4af879e2f0e26a349a",,,,,"91320585MAC2P3H54A","4e0899e990724afdb54fb1559a89053e",厂中厂-承租方,
2025-10-26 19:33:12.000,"002d638762ba0388980643c96dd11f90",,,,,"91320583668373974D",bb482be4ad7c4313ae774ba8d7b29e85,乡镇（街道）级,
2025-10-26 19:33:10.000,"002da20c59db0accdbba4a027f0889cb",,,,,"91320509MA1N2E2G2L","4e0899e990724afdb54fb1559a89053e",厂中厂-承租方,
2025-10-26 19:33:08.000,"002e9e3bf3fd5f0571a1e9ccca329d35",,,,,"91320506074706567D","4e0899e990724afdb54fb1559a89053e",厂中厂-承租方,
2025-10-26 19:33:13.000,"002edda954f060e89e2301a711339847",,,,,"91320583MA235JKT7D","4e0899e990724afdb54fb1559a89053e",厂中厂-承租方,
2025-10-26 19:33:09.000,"002f3fdef907b3c3b83424c72c8aa839",,,,,"91320507MA1NTKC76H","2ed65e7e852b4b29837b00f9b243d5d1",厂中厂（省级）,
2025-10-26 19:33:07.000,"002fb0cb4a9c3fd3c5b5449b6db84ad0",,,,,"91320500738277671B",bb482be4ad7c4313ae774ba8d7b29e85,乡镇（街道）级,
2025-10-26 19:33:11.000,"002fb3a1b55208f93fc4969da953da83",,,,,"91320582565348186P",bb482be4ad7c4313ae774ba8d7b29e85,乡镇（街道）级,
2025-10-26 19:33:11.000,"00309baaff3bb6cd28ba119cda8f1c94",,,,,"913205826944960464",bb482be4ad7c4313ae774ba8d7b29e85,乡镇（街道）级,
2025-10-26 19:33:08.000,"00313e53270ccef34ea9c95f399b1b87",,,,,"91320506330862551Y","2ed65e7e852b4b29837b00f9b243d5d1",厂中厂（省级）,
2025-10-26 19:33:13.000,"00319cf070fd92e4a4f3248fcaad9508",,,,,"91320583MAC963E15R","4e0899e990724afdb54fb1559a89053e",厂中厂-承租方,
2025-10-26 19:33:10.000,"0033315b7c8881200018bc33d70e5eec",,,,,"91320509750548796Y","99ab4b32297541aabad837ed9541f024",危化品使用企业,
2025-10-26 19:33:13.000,"0033bfc12f7d1051e226eefaa972fd0d",,,,,"91320585069468293J","2ed65e7e852b4b29837b00f9b243d5d1",厂中厂（省级）,
2025-10-26 19:33:12.000,"0034a7c39ee41994d8d6ef4848620f8c",,,,,"91320583724400050W",bb482be4ad7c4313ae774ba8d7b29e85,乡镇（街道）级,
2025-10-26 19:33:10.000,"003511a2a258672625b9c7f64bb001e1",,,,,"91320509747312133Y","1a282fd947354a6295071c1e9b84948b",厂中厂-出租方,
2025-10-26 19:33:10.000,"0035d0370e5526e77c981acee14ba04e",,,,,"91320509MA1WGMT269",bb482be4ad7c4313ae774ba8d7b29e85,乡镇（街道）级,
2025-10-26 19:33:09.000,"0036310f758cda6c41f268cdc3a3358a",,,,,"91320509086936175P","4e0899e990724afdb54fb1559a89053e",厂中厂-承租方,
2025-10-26 19:33:09.000,"0036a6c863401d95a99e7d7c0c809056",,,,,"91320507713231247U",bb482be4ad7c4313ae774ba8d7b29e85,乡镇（街道）级,
2025-10-26 19:33:13.000,"0037337952c2b88fe67c65345a3306e1",,,,,"91320585MA25JH38XK","2ed65e7e852b4b29837b00f9b243d5d1",厂中厂（省级）,
2025-10-26 19:33:10.000,"00375890ee7e0dfc6768f24fa74bc2f4",,,,,"913205816979322377","2ed65e7e852b4b29837b00f9b243d5d1",厂中厂（省级）,
2025-10-26 19:33:14.000,"003798ce1703f04235ca799b6f5a5060",,,,,"92320582MA1PHCYT0K",bb482be4ad7c4313ae774ba8d7b29e85,乡镇（街道）级,
2025-10-26 19:33:11.000,"00384734b386415399a9ff7a80cc7360",,,,,"91320581MA7J0KYG91","2ed65e7e852b4b29837b00f9b243d5d1",厂中厂（省级）,
2025-10-26 19:33:09.000,"00384e67891bad91646993cdd0d7f1d9",,,,,"91320509561756860Y","4e0899e990724afdb54fb1559a89053e",厂中厂-承租方,
2025-10-26 19:33:13.000,"003884d2ab384ec90bddf9cf63213b15",,,,,"91320585746212173C",bb482be4ad7c4313ae774ba8d7b29e85,乡镇（街道）级,
2025-10-26 19:33:13.000,"003988cd1ad51266ccb78fddec117aa0",,,,,"91320585MA26PNCU7K","4e0899e990724afdb54fb1559a89053e",厂中厂-承租方,
2025-10-26 19:33:12.000,"0039e794692a03af9de16a211a90929b",,,,,"91320583569194524X","99ab4b32297541aabad837ed9541f024",危化品使用企业,
2025-10-26 19:33:09.000,"003a6feafa4ef953d7f400f50f9af323",,,,,"91320507MA1MXRD72T","2ed65e7e852b4b29837b00f9b243d5d1",厂中厂（省级）,
2025-10-26 19:33:11.000,"003b1c75e240e49be334d4c9e891b3c0",,,,,"91320582MA25PGKL4H","2ed65e7e852b4b29837b00f9b243d5d1",厂中厂（省级）,
2025-10-26 19:33:12.000,"003b99ec8e5659b886c399c9bdf4b428",,,,,"91320583670976854B","2ed65e7e852b4b29837b00f9b243d5d1",厂中厂（省级）,
2025-10-26 19:33:08.000,"003beca3ddce96bd222e24a9a9af193c",,,,,"91320505MA1MF6DP4Y","4e0899e990724afdb54fb1559a89053e",厂中厂-承租方,
2025-10-26 19:33:08.000,"003d5d0cf8544614b8360e5c88a8c622",,,,,"91320506796543691P","99ab4b32297541aabad837ed9541f024",危化品使用企业,
2025-10-26 19:33:07.000,"003db3482b0d45f64fc6727654775775",,,,,"91320500798328370N","99ab4b32297541aabad837ed9541f024",危化品使用企业,
2025-10-26 19:33:11.000,"003dcf64bb86b69ff5129f752f626387",,,,,"913205830601565175","2ed65e7e852b4b29837b00f9b243d5d1",厂中厂（省级）,
2025-10-26 19:33:14.000,"003df23e895cbbb56eeeee455131efc5",,,,,"92320507MA1PBELDXK",bb482be4ad7c4313ae774ba8d7b29e85,乡镇（街道）级,
2025-10-26 19:33:12.000,"003e1326cfc1b3268dc3ab9add0a36bb",,,,,"913205837732499916",bb482be4ad7c4313ae774ba8d7b29e85,乡镇（街道）级,
2025-10-26 19:33:09.000,"003e893e906051ebf7d79eb72c5b4dd2",,,,,"91320509565282009D","4e0899e990724afdb54fb1559a89053e",厂中厂-承租方,
2025-10-26 19:33:14.000,"003f2e37852896f7d6a6bbdae5ef7c07",,,,,"92320509MABWY2G17G","4e0899e990724afdb54fb1559a89053e",厂中厂-承租方,
2025-10-26 19:33:13.000,"003f76ad41a0a3732a43542be341a9a7",,,,,"91320585MA20Y87B2Q","4e0899e990724afdb54fb1559a89053e",厂中厂-承租方,
2025-10-26 19:33:11.000,"00403412e3c755164984c19fb2530c27",,,,,"913205825593158478",bb482be4ad7c4313ae774ba8d7b29e85,乡镇（街道）级,
2025-10-26 19:33:12.000,"00405852601f65bad225fe7743c853ad",,,,,"91320583MA1M90RG0L",bb482be4ad7c4313ae774ba8d7b29e85,乡镇（街道）级,
2025-10-26 19:33:13.000,"00409d9762b3551d974fb036232f0c69",,,,,"91320585729294445B",bb482be4ad7c4313ae774ba8d7b29e85,乡镇（街道）级,
2025-10-26 19:33:11.000,"00417a67e85479dce1663996ebc14253",,,,,"91320582592537839D","99ab4b32297541aabad837ed9541f024",危化品使用企业,
2025-10-26 19:33:12.000,"004183499c33ce5b54aec7dd55ef6e4c",,,,,"9132058374067713XK",bb482be4ad7c4313ae774ba8d7b29e85,乡镇（街道）级,
2025-10-26 19:33:12.000,"00424d070327b9497186161e39faf330",,,,,"91320583398306594C",bb482be4ad7c4313ae774ba8d7b29e85,乡镇（街道）级,
2025-10-26 19:33:10.000,"00426c7febc799fa7986f76eeed26b28",,,,,"91320509728733362D","99ab4b32297541aabad837ed9541f024",危化品使用企业,
2025-10-26 19:33:08.000,"0042c5f092b6cae9d401c4befbff661b",,,,,"91320506314027134L","2ed65e7e852b4b29837b00f9b243d5d1",厂中厂（省级）,
2025-10-26 19:33:08.000,"0042d3c6757430598f735b3bbeaa31ec",,,,,"913205067505392917",bb482be4ad7c4313ae774ba8d7b29e85,乡镇（街道）级,
2025-10-26 19:33:11.000,"0042e533afed414a91e25c55475c3301",,,,,"913205817938448359",bb482be4ad7c4313ae774ba8d7b29e85,乡镇（街道）级,
2025-10-26 19:33:12.000,"0042fc041b5bb54f56bb6a6e51f259a5",,,,,"913205835866111079",bb482be4ad7c4313ae774ba8d7b29e85,乡镇（街道）级,
2025-10-26 19:33:12.000,"00430ce23dc13ebae0663b9c4fe529ba",,,,,"9132058366637237X5",bb482be4ad7c4313ae774ba8d7b29e85,乡镇（街道）级,
2025-10-26 19:33:09.000,"004341616c62ead232cf082c51a58736",,,,,"91320506MAC2WH6R0J",bb482be4ad7c4313ae774ba8d7b29e85,乡镇（街道）级,
2025-10-26 19:33:10.000,"0043bd68b5fcd7d42f6292701e82b985",,,,,"91320509746812937F","4e0899e990724afdb54fb1559a89053e",厂中厂-承租方,
2025-10-26 19:33:10.000,"0043fe479a90656756ae98633fa4b4dd",,,,,"91320581678347163N",bb482be4ad7c4313ae774ba8d7b29e85,乡镇（街道）级,
2025-10-26 19:33:13.000,"00445d84b46c45095939a055d9158300",,,,,"91320594776896895X",bb482be4ad7c4313ae774ba8d7b29e85,乡镇（街道）级,
2025-10-26 19:33:09.000,"0045789bf6b30bac869c5aaefcb69ff6",,,,,"91320506MA7G8WE55L","2ed65e7e852b4b29837b00f9b243d5d1",厂中厂（省级）,
2025-10-26 19:33:09.000,"0045ae370b19ae613aa7d2b58d6d24ad",,,,,"913205073141342200",bb482be4ad7c4313ae774ba8d7b29e85,乡镇（街道）级,
2025-10-26 19:33:13.000,"0045c877dd4d3cffc81ca3ffb28f119a",,,,,"91320583X082759654","1a282fd947354a6295071c1e9b84948b",厂中厂-出租方,
2025-10-26 19:33:10.000,"00460457b5b2f54bd596a36f95813160",,,,,"91320581323590455T","2ed65e7e852b4b29837b00f9b243d5d1",厂中厂（省级）,
2025-10-26 19:33:09.000,"00461d89e857cf7636b05bc3f5821209",,,,,"913205073020218947","2ed65e7e852b4b29837b00f9b243d5d1",厂中厂（省级）,
2025-10-26 19:33:12.000,"0046e1825e8f4c72a2bee0336da84b90",,,,,"91320583752005840W","1a282fd947354a6295071c1e9b84948b",厂中厂-出租方,
2025-10-26 19:33:09.000,"0047dfe21c68b072298d04cab1094aff",,,,,"91320507MA20JPC25M",bb482be4ad7c4313ae774ba8d7b29e85,乡镇（街道）级,
2025-10-26 19:33:10.000,"00480821036dec0ab61b4325442ecd7d",,,,,"91320509MA2285M349","2ed65e7e852b4b29837b00f9b243d5d1",厂中厂（省级）,
2025-10-26 19:33:12.000,"0049245513fbba5a5920748ca0952c35",,,,,"91320583MA1MHP7K8E",bb482be4ad7c4313ae774ba8d7b29e85,乡镇（街道）级,
2025-10-26 19:33:09.000,"004943c46e25e2be8f1bacf118fbd87a",,,,,"91320509718618387Y","1a282fd947354a6295071c1e9b84948b",厂中厂-出租方,
2025-10-26 19:33:08.000,"0049be92fc5991df5b9e4dcc1cce2200",,,,,"91320505MA20RTHA7F","4e0899e990724afdb54fb1559a89053e",厂中厂-承租方,
2025-10-26 19:33:08.000,"0049c4c2d0f673cda8760e357fdb107a",,,,,"91320506MA1X62UK1H","4e0899e990724afdb54fb1559a89053e",厂中厂-承租方,
2025-10-26 19:33:10.000,"004a149d6a312440dcd63064d75ef566",,,,,"91320509MA1T6P5R9Y","2ed65e7e852b4b29837b00f9b243d5d1",厂中厂（省级）,
2025-10-26 19:33:10.000,"004b08c2aa7c7a2d9a962091ff808142",,,,,"91320509MAC1Y5J188","2ed65e7e852b4b29837b00f9b243d5d1",厂中厂（省级）,
2025-10-26 19:33:09.000,"004b32abe7fcb1cddf30ffc7d81088c3",,,,,"913205095794559783","2ed65e7e852b4b29837b00f9b243d5d1",厂中厂（省级）,
2025-10-26 19:33:12.000,"004bdbe77b7d00f3da6b3458e42fb372",,,,,"913205837520043899","4e0899e990724afdb54fb1559a89053e",厂中厂-承租方,
2025-10-26 19:33:12.000,"004ca06b940b89d6044ed08e1fb4f748",,,,,"91320583MA1M93N537","4e0899e990724afdb54fb1559a89053e",厂中厂-承租方,
2025-10-26 19:33:12.000,"004cb5a1509685dba9d1ebe8ca20aeb3",,,,,"91320583663283005C","2ed65e7e852b4b29837b00f9b243d5d1",厂中厂（省级）,
2025-10-26 19:33:13.000,"004d509a0b66d3a24e473d537d865916",,,,,"91320583MACT9W8U8K",bb482be4ad7c4313ae774ba8d7b29e85,乡镇（街道）级,
2025-10-26 19:33:12.000,"004d947bccc164381b38da6a133af1fa",,,,,"913205836082772780","4118beaa6ca34d12b7ff9ee4698144c9",有限空间作业,
2025-10-26 19:33:08.000,"004daf4e6caa4126db6e752756bf7864",,,,,"91320506MA1P88MD3T",bb482be4ad7c4313ae774ba8d7b29e85,乡镇（街道）级,
2025-10-26 19:33:13.000,"004e3a906946ca5ef7c01bfc811d581d",,,,,"91320583MA7F59HA58","2ed65e7e852b4b29837b00f9b243d5d1",厂中厂（省级）,
2025-10-26 19:33:10.000,"004e42449a8bec78c1764210c945b9e1",,,,,"91320509MA267U9Y19","99ab4b32297541aabad837ed9541f024",危化品使用企业,
2025-10-26 19:33:12.000,"004e4a497165d6c43d9836de4df5ea33",,,,,"91320583759671176Y","1a282fd947354a6295071c1e9b84948b",厂中厂-出租方,
2025-10-26 19:33:12.000,"004ea6ae2ad9aaeebf34dd0a82c93f78",,,,,"913205837293373100","2ed65e7e852b4b29837b00f9b243d5d1",厂中厂（省级）,
2025-10-26 19:33:12.000,"004eb09076af83f87b9d947d11d02eb4",,,,,"91320583MA1T8XF129",bb482be4ad7c4313ae774ba8d7b29e85,乡镇（街道）级,
2025-10-26 19:33:07.000,"004f02fd3ffd652e1f2dab8cd102d9f4",,,,,"91320500MA1XKLE128",bb482be4ad7c4313ae774ba8d7b29e85,乡镇（街道）级,
2025-10-26 19:33:09.000,"004f1c3612fc3e352aadffac4c3b0464",,,,,"91320507MA1Q227K75","4e0899e990724afdb54fb1559a89053e",厂中厂-承租方,
2025-10-26 19:33:11.000,"004f562944fdd50c5b3db3010c7a1d3c",,,,,"9132058308696765X0",bb482be4ad7c4313ae774ba8d7b29e85,乡镇（街道）级,
2025-10-26 19:33:09.000,"004fb0a226115c35652221d4bf3b03bf",,,,,"91320507628393065H","4e0899e990724afdb54fb1559a89053e",厂中厂-承租方,
2025-10-26 19:33:11.000,"00505b1c43fd0ea9adf9445e93e5fc07",,,,,"91320581765123125X",bb482be4ad7c4313ae774ba8d7b29e85,乡镇（街道）级,
2025-10-26 19:33:09.000,"005061a1be4c048e9b9affb81155bca4",,,,,"913205095643214403","2ed65e7e852b4b29837b00f9b243d5d1",厂中厂（省级）,
2025-10-26 19:33:13.000,"005063e202cae5dac3901dec95507c6e",,,,,"91320583MA7G4K7EX1",bb482be4ad7c4313ae774ba8d7b29e85,乡镇（街道）级,
2025-10-26 19:33:13.000,"00508b8ee828c4b22671e75784990839",,,,,"913205946871863149",bb482be4ad7c4313ae774ba8d7b29e85,乡镇（街道）级,
2025-10-26 19:33:11.000,"0051669473d67d4281678559e3985fc6",,,,,"9132058273784614X6","99ab4b32297541aabad837ed9541f024",危化品使用企业,
2025-10-26 19:33:13.000,"0051a87f5a0f7af1e01d82f69d512e61",,,,,"91320585557142962U","4e0899e990724afdb54fb1559a89053e",厂中厂-承租方,
2025-10-26 19:33:11.000,"0051ba62fdc89c69e001233673cbbf38",,,,,"91320581MA254EUE0C",bb482be4ad7c4313ae774ba8d7b29e85,乡镇（街道）级,
2025-10-26 19:33:13.000,"0051bcf084092cc7acb1eb9e532b8de2",,,,,"91320583MA1XF9BJ0B","2ed65e7e852b4b29837b00f9b243d5d1",厂中厂（省级）,
2025-10-26 19:33:10.000,"0051cea2552140cccb00ccf9799ea465",,,,,"91320509MA1WCK9724",bb482be4ad7c4313ae774ba8d7b29e85,乡镇（街道）级,
2025-10-26 19:33:08.000,"0051e8af2bd4bbd0709e0afd372d4aa0",,,,,"91320506MA1MH0GQ6R",bb482be4ad7c4313ae774ba8d7b29e85,乡镇（街道）级,
2025-10-26 19:33:12.000,"0052fab3d3fd870561c7bdd650b54dcc",,,,,"91320583MA1NX35E4G",bb482be4ad7c4313ae774ba8d7b29e85,乡镇（街道）级,
2025-10-26 19:33:14.000,"005321f115a5dd27f65e213d962f59ff",,,,,"92320509MA1Y11K21F","4e0899e990724afdb54fb1559a89053e",厂中厂-承租方,
2025-10-26 19:33:08.000,"005323462135246bf194cfd6d2b0620f",,,,,"91320506MA1TD3FD6C",bb482be4ad7c4313ae774ba8d7b29e85,乡镇（街道）级,
2025-10-26 19:33:08.000,"00540e183e968917b29192234a50b618",,,,,"91320506MA206G5J4D","4e0899e990724afdb54fb1559a89053e",厂中厂-承租方,
2025-10-26 19:33:13.000,"0054757503736249174c3381562f8cfe",,,,,"913205856763925428","4e0899e990724afdb54fb1559a89053e",厂中厂-承租方,
2025-10-26 19:33:11.000,"005536d6c7834c266b23ec2894c8f0c0",,,,,"91320581MA20XC759K","2ed65e7e852b4b29837b00f9b243d5d1",厂中厂（省级）,
2025-10-26 19:33:14.000,"005602b16b7abf63604c54410203528c",,,,,"92320509MA1PT6KM3W","2ed65e7e852b4b29837b00f9b243d5d1",厂中厂（省级）,
2025-10-26 19:33:11.000,"005710a2956e9e019225d9bfca73bfe2",,,,,"913205830747197122","2ed65e7e852b4b29837b00f9b243d5d1",厂中厂（省级）,
2025-10-26 19:33:13.000,"0057147f6ae8302b1fe91e5c9371b1df",,,,,"91320594789949263Q","99ab4b32297541aabad837ed9541f024",危化品使用企业,
2025-10-26 19:33:13.000,"00573a1fce67ef2d408f7fe71955f2f9",,,,,"91320585MA229QXY09","4e0899e990724afdb54fb1559a89053e",厂中厂-承租方,
2025-10-26 19:33:12.000,"005776a5d887f33e1bf703a67f5f277c",,,,,"913205837596723712",bb482be4ad7c4313ae774ba8d7b29e85,乡镇（街道）级,
2025-10-26 19:33:12.000,"0057a8d8bbc99f57c7fde6d49494c8f5",,,,,"91320583586611393H","2ed65e7e852b4b29837b00f9b243d5d1",厂中厂（省级）,
2025-10-26 19:33:14.000,"005818a10c416b7433474ae72b395491",,,,,"91320594MA20N3KL38",bb482be4ad7c4313ae774ba8d7b29e85,乡镇（街道）级,
2025-10-26 19:33:09.000,"005937e5a6519678ea68b9ca2c77c6fe",,,,,"913205090710363696","4e0899e990724afdb54fb1559a89053e",厂中厂-承租方,
2025-10-26 19:33:08.000,"00593d651423c672a3ceb2d9e13fd2b3",,,,,"9132050506459651XC",bb482be4ad7c4313ae774ba8d7b29e85,乡镇（街道）级,
2025-10-26 19:33:11.000,"0059a81016fcfa997ebe125e42aa9977",,,,,"91320581MA1W0T2L1L","4e0899e990724afdb54fb1559a89053e",厂中厂-承租方,
2025-10-26 19:33:08.000,"0059b11918a435ea99f06f67c5164e5d",,,,,"91320506MA25LQUF4A","4e0899e990724afdb54fb1559a89053e",厂中厂-承租方,
2025-10-26 19:33:12.000,"0059c7e2e6ece2aa7aba69258d57d64e",,,,,"91320583MA1NT7HT2G",bb482be4ad7c4313ae774ba8d7b29e85,乡镇（街道）级,
2025-10-26 19:33:13.000,"005a06d30e81791b0e2ec45d27cceb1b",,,,,"91320585MA1XTMW27R","2ed65e7e852b4b29837b00f9b243d5d1",厂中厂（省级）,
2025-10-26 19:33:09.000,"005a0a87056a92fe557bd3423a7d4d8c",,,,,"91320507MABU9PKJ4J","2ed65e7e852b4b29837b00f9b243d5d1",厂中厂（省级）,
2025-10-26 19:33:08.000,"005a12942984145e40a5bbec4aa8691e",,,,,"91320506MA1MG1JY81","4e0899e990724afdb54fb1559a89053e",厂中厂-承租方,
2025-10-26 19:33:08.000,"005a29ce9be8f35f7038f155e1e00e5c",,,,,"91320506553770160A",bb482be4ad7c4313ae774ba8d7b29e85,乡镇（街道）级,
2025-10-26 19:33:09.000,"005a5a8eaeb3bba3d572767c7461af9a",,,,,"91320507X32303962P","2ed65e7e852b4b29837b00f9b243d5d1",厂中厂（省级）,
2025-10-26 19:33:13.000,"005aeee53647def6b4cdcd63bf404136",,,,,"91320585MACGB66Y6Q","2ed65e7e852b4b29837b00f9b243d5d1",厂中厂（省级）,
2025-10-26 19:33:12.000,"005b02ab7264e05022ad11cf2456dac7",,,,,"91320583MA1NAUJ903","2ed65e7e852b4b29837b00f9b243d5d1",厂中厂（省级）,
2025-10-26 19:33:14.000,"005bd70b91c81a6ce3749f8f68aa81be",,,,,"91320594MA1NUMHP6L","2ed65e7e852b4b29837b00f9b243d5d1",厂中厂（省级）,
2025-10-26 19:33:09.000,"005be3d0a72cca7a607c3174c0eb7a6a",,,,,"91320507591141197X","4e0899e990724afdb54fb1559a89053e",厂中厂-承租方,
2025-10-26 19:33:11.000,"005c55e3e555bd8d18ada653a8e7926c",,,,,"91320581MA20BD778E",bb482be4ad7c4313ae774ba8d7b29e85,乡镇（街道）级,
2025-10-26 19:33:08.000,"005cb5df8087fb8b015429452e97e5bd",,,,,"9132050668493556XW",bb482be4ad7c4313ae774ba8d7b29e85,乡镇（街道）级,
2025-10-26 19:33:09.000,"005de3049f6c4b5e2802c0df202a7065",,,,,"91320507MA27E91W63",bb482be4ad7c4313ae774ba8d7b29e85,乡镇（街道）级,
2025-10-26 19:33:09.000,"005df4ec055c40faa89e634788289a19",,,,,"913205093211339122",bb482be4ad7c4313ae774ba8d7b29e85,乡镇（街道）级,
2025-10-26 19:33:12.000,"005e4f00e4120355e81e763d551bcbc0",,,,,"91320583773751922W",bb482be4ad7c4313ae774ba8d7b29e85,乡镇（街道）级,
2025-10-26 19:33:12.000,"005e563eb1ccb6e717628e741498170a",,,,,"91320583728701133H","2ed65e7e852b4b29837b00f9b243d5d1",厂中厂（省级）,
2025-10-26 19:33:10.000,"005eb364fa9adf19bd9c5f293680fccb",,,,,"91320581672546794P",bb482be4ad7c4313ae774ba8d7b29e85,乡镇（街道）级,
2025-10-26 19:33:09.000,"005ef97eed25011e26bd0fce091bc0f1",,,,,"91320507MA1P842RXD","4e0899e990724afdb54fb1559a89053e",厂中厂-承租方,
2025-10-26 19:33:12.000,"005f0c0689ce1514015cff12a9ea2084",,,,,"913205835969420496",bb482be4ad7c4313ae774ba8d7b29e85,乡镇（街道）级,
2025-10-26 19:33:12.000,"005f145f7c51fd76242a2fa11720ffba",,,,,"91320583094093489J","2ed65e7e852b4b29837b00f9b243d5d1",厂中厂（省级）,
2025-10-26 19:33:10.000,"005f8450f7e78c1b8f2e7f73600fe4f8",,,,,"913205816748626003","2ed65e7e852b4b29837b00f9b243d5d1",厂中厂（省级）,
2025-10-26 19:33:08.000,"005f91944d66c0ec162890bbac929986",,,,,"91320506MA1P8J1A5L","4e0899e990724afdb54fb1559a89053e",厂中厂-承租方,
2025-10-26 19:33:11.000,"0060b8aaa39f273568fbeddaf437330e",,,,,"91320581MA1Y89DL2E",bb482be4ad7c4313ae774ba8d7b29e85,乡镇（街道）级,
2025-10-26 19:33:13.000,"0060e959b40bfa112dfe37f895ce7e25",,,,,"91320583MA20A01U75",bb482be4ad7c4313ae774ba8d7b29e85,乡镇（街道）级,
2025-10-26 19:33:12.000,"0060eb122e9805601d23a326712500a1",,,,,"91320583694469611G","2ed65e7e852b4b29837b00f9b243d5d1",厂中厂（省级）,
2025-10-26 19:33:14.000,"0061100123b4ae2b87991fa17218fef9",,,,,"91320594MA212Q1N83","4e0899e990724afdb54fb1559a89053e",厂中厂-承租方,
2025-10-26 19:33:10.000,"0061a157e9a435d0b8336309580b801b",,,,,"91320509MA1XBYXNX3",bb482be4ad7c4313ae774ba8d7b29e85,乡镇（街道）级,
2025-10-26 19:33:11.000,"00632ac4b3c0a73a75d3022b98f2ad3a",,,,,"91320582799095409Q",bb482be4ad7c4313ae774ba8d7b29e85,乡镇（街道）级,
2025-10-26 19:33:14.000,"00636b3fcaeabe77553eaa3c78051801",,,,,"91320594MA1MGGFD1K",bb482be4ad7c4313ae774ba8d7b29e85,乡镇（街道）级,
2025-10-26 19:33:13.000,"0063aae886bf85446d4a76884cf59357",,,,,"91320585MA1WXF7973","2ed65e7e852b4b29837b00f9b243d5d1",厂中厂（省级）,
2025-10-26 19:33:13.000,"0063ceaab86732188d02c38924888ed5",,,,,"913205856082688654","4e0899e990724afdb54fb1559a89053e",厂中厂-承租方,
2025-10-26 19:33:12.000,"0063dd0404201457cded34049c0c7208",,,,,"91320583761006319C",bb482be4ad7c4313ae774ba8d7b29e85,乡镇（街道）级,
2025-10-26 19:33:11.000,"0064b38153468a93d9ba35e3c8c3db36",,,,,"91320582727429545C",bb482be4ad7c4313ae774ba8d7b29e85,乡镇（街道）级,
2025-10-26 19:33:10.000,"006503a49302017c7e67686fad227f63",,,,,"913205810782175417","2ed65e7e852b4b29837b00f9b243d5d1",厂中厂（省级）,
2025-10-26 19:33:12.000,"006588fc7fcd6545838f73e3dda91dba",,,,,"91320583302052543E","2ed65e7e852b4b29837b00f9b243d5d1",厂中厂（省级）,
2025-10-26 19:33:10.000,"0065c082af63d801fac127af1e7bb46d",,,,,"91320509MA26D7W42B",bb482be4ad7c4313ae774ba8d7b29e85,乡镇（街道）级,
2025-10-26 19:33:11.000,"0065d53cf6a59064fff28d62d38b15b9",,,,,"91320581MA20K3JY77",bb482be4ad7c4313ae774ba8d7b29e85,乡镇（街道）级,
2025-10-26 19:33:14.000,"006604af74427f909eb9a611cf6c1523",,,,,"91320594MA1MAGQU8C","2ed65e7e852b4b29837b00f9b243d5d1",厂中厂（省级）,
2025-10-26 19:33:10.000,"006609a522701dad4675c8e2b2d0fc02",,,,,"91320509MAD1TTCG6E","4e0899e990724afdb54fb1559a89053e",厂中厂-承租方,
2025-10-26 19:33:13.000,"0066960a07d02e8e31d2ee18f814079b",,,,,"91320583MA1XTK4A9L","2ed65e7e852b4b29837b00f9b243d5d1",厂中厂（省级）,
2025-10-26 19:33:14.000,"0066d5296d3762d57a6c96a0bb5b1400",,,,,"92320585MA1Y6U717H",bb482be4ad7c4313ae774ba8d7b29e85,乡镇（街道）级,
2025-10-26 19:33:11.000,"0066f064e6e530d9ad331fffc5e9b1ab",,,,,"91320581MA1NM4LM49","4e0899e990724afdb54fb1559a89053e",厂中厂-承租方,
2025-10-26 19:33:10.000,"0067be8e09d4ca4bca7398db386c4216",,,,,"9132058106768681XW","2ed65e7e852b4b29837b00f9b243d5d1",厂中厂（省级）,
2025-10-26 19:33:08.000,"0067c0d6c0ab9b777e3d08d4b173035f",,,,,"91320506MA1P2KKE94",bb482be4ad7c4313ae774ba8d7b29e85,乡镇（街道）级,
2025-10-26 19:33:13.000,"0067d54580d7f3515a96f77e2062a48a",,,,,"913205853019396448","4e0899e990724afdb54fb1559a89053e",厂中厂-承租方,
2025-10-26 19:33:10.000,"00686221e1d4dad0c87dc73589003bdc",,,,,"91320581747346173F",bb482be4ad7c4313ae774ba8d7b29e85,乡镇（街道）级,
2025-10-26 19:33:08.000,"00689c4927a91be0aea5b35ccaabba33",,,,,"91320506731786721L","4e0899e990724afdb54fb1559a89053e",厂中厂-承租方,
2025-10-26 19:33:09.000,"0068d6cc2986549ae50c9a208712f33c",,,,,"91320507MA1R82C5X8","2ed65e7e852b4b29837b00f9b243d5d1",厂中厂（省级）,
2025-10-26 19:33:08.000,"00690ac11fa7af265a09e6cfb6d48eed",,,,,"91320506MA1NER3L09","2ed65e7e852b4b29837b00f9b243d5d1",厂中厂（省级）,
2025-10-26 19:33:09.000,"0069233ade51f98f7486fd3bc12e7e11",,,,,"9132050908779923XQ","2ed65e7e852b4b29837b00f9b243d5d1",厂中厂（省级）,
2025-10-26 19:33:08.000,"006964a73c5a6c725a611f68d65ea7f7",,,,,"91320505302265119T","99ab4b32297541aabad837ed9541f024",危化品使用企业,
2025-10-26 19:33:14.000,"0069f3df7cd5c16a10dabae164499ca3",,,,,"92320583MA1WDET603",bb482be4ad7c4313ae774ba8d7b29e85,乡镇（街道）级,
2025-10-26 19:33:13.000,"006a27fc5d1c05d1949c76a0173fd29e",,,,,"91320585567810987U","99ab4b32297541aabad837ed9541f024",危化品使用企业,
2025-10-26 19:33:12.000,"006a50e0f74df04d4566b247e7bd48fe",,,,,"91320583MA1P6LJP78","4e0899e990724afdb54fb1559a89053e",厂中厂-承租方,
2025-10-26 19:33:08.000,"006acf7faf868dfcd8aa0664f8e27dad",,,,,"91320505695533726X","4e0899e990724afdb54fb1559a89053e",厂中厂-承租方,
2025-10-26 19:33:09.000,"006b133fd76ce8e6327a3876227f81ef",,,,,"91320507664935319Q","4e0899e990724afdb54fb1559a89053e",厂中厂-承租方,
2025-10-26 19:33:11.000,"006b2a256434df57e777149f9a57d7ca",,,,,"91320582695549891Y",bb482be4ad7c4313ae774ba8d7b29e85,乡镇（街道）级,
2025-10-26 19:33:08.000,"006b475740e8e973259b1809361c56cc",,,,,"91320506770538835C","2ed65e7e852b4b29837b00f9b243d5d1",厂中厂（省级）,
2025-10-26 19:33:11.000,"006b6e737c428b7575da55d8f39d060e",,,,,"91320583084397454J","4e0899e990724afdb54fb1559a89053e",厂中厂-承租方,
2025-10-26 19:33:14.000,"006b98580ec08f05d77b6ce192f40ce4",,,,,"92320583MA1NK2GT3G","2ed65e7e852b4b29837b00f9b243d5d1",厂中厂（省级）,
2025-10-26 19:33:09.000,"006ba089c287d662017f88f3638116b3",,,,,"91320509558024503J",bb482be4ad7c4313ae774ba8d7b29e85,乡镇（街道）级,
2025-10-26 19:33:11.000,"006bab546ba96305782dad510398cfa4",,,,,"91320582MA1WW1DC6W","2ed65e7e852b4b29837b00f9b243d5d1",厂中厂（省级）,
2025-10-26 19:33:09.000,"006c1afdb42926ba213a66471ed0df9b",,,,,"91320507MA7NCEDJ2T",bb482be4ad7c4313ae774ba8d7b29e85,乡镇（街道）级,
2025-10-26 19:33:11.000,"006cbc43e1aa8e7a6096e3a666049eff",,,,,"91320581MA1WFNWX68",bb482be4ad7c4313ae774ba8d7b29e85,乡镇（街道）级,
2025-10-26 19:33:08.000,"006ccd8ad77dd43018320a04f7faa362",,,,,"91320500MACH05XX8J",bb482be4ad7c4313ae774ba8d7b29e85,乡镇（街道）级,
2025-10-26 19:33:09.000,"006d57de3bf17f10299d35a04617fc0e",,,,,"91320507MA1P0CM47B","4e0899e990724afdb54fb1559a89053e",厂中厂-承租方,
2025-10-26 19:33:08.000,"006e5a71216f6d8a9c49da788bba607b",,,,,"91320506684146122Q",bb482be4ad7c4313ae774ba8d7b29e85,乡镇（街道）级,
2025-10-26 19:33:09.000,"006e8eb3397b99d796c23e11f13e4457",,,,,"91320507MA271NFB0P","2ed65e7e852b4b29837b00f9b243d5d1",厂中厂（省级）,
2025-10-26 19:33:10.000,"006ea9dc0558f44a60b1c705ad4fa13d",,,,,"91320509MA1UR5M826","4e0899e990724afdb54fb1559a89053e",厂中厂-承租方,
2025-10-26 19:33:12.000,"006eea4c23f940742d2a8657269b451e",,,,,"91320583330823915N","4e0899e990724afdb54fb1559a89053e",厂中厂-承租方,
2025-10-26 19:33:12.000,"006f2b00ed1580aa194077dc8a70e1f4",,,,,"913205836082807253","1a282fd947354a6295071c1e9b84948b",厂中厂-出租方,
2025-10-26 19:33:12.000,"007099dc3fbf50418b3ed97c11de834a",,,,,"91320583761007637G","1a282fd947354a6295071c1e9b84948b",厂中厂-出租方,
2025-10-26 19:33:09.000,"0070a0271a9e64bee61361e3d019398b",,,,,"91320507MA217RGY3Y","2ed65e7e852b4b29837b00f9b243d5d1",厂中厂（省级）,
2025-10-26 19:33:11.000,"0070ba9885ef9ad3e5ac4a6d2a70a0d9",,,,,"91320582MA1YREHY1J",bb482be4ad7c4313ae774ba8d7b29e85,乡镇（街道）级,
2025-10-26 19:33:11.000,"0070c851fbacbbc1f91409c31d15077d",,,,,"91320582685349327N",bb482be4ad7c4313ae774ba8d7b29e85,乡镇（街道）级,
2025-10-26 19:33:12.000,"0070d38b36376d55d48d921f4678491d",,,,,"91320583570352374R","2ed65e7e852b4b29837b00f9b243d5d1",厂中厂（省级）,
2025-10-26 19:33:10.000,"007125ac737ccc6f2201798b54bad8f4",,,,,"9132058157135016XM",bb482be4ad7c4313ae774ba8d7b29e85,乡镇（街道）级,
2025-10-26 19:33:13.000,"007130a55935cf896455795b9e1cd230",,,,,"91320594673014968T","4e0899e990724afdb54fb1559a89053e",厂中厂-承租方,
2025-10-26 19:33:13.000,"00719d8ae7ef59d920fe91ac67e3de2f",,,,,"91320583MA250JQ02X","4e0899e990724afdb54fb1559a89053e",厂中厂-承租方,
2025-10-26 19:33:08.000,"0072915c5e9b69f042cc83e9eb1609cb",,,,,"913205067370782401","2ed65e7e852b4b29837b00f9b243d5d1",厂中厂（省级）,
2025-10-26 19:33:13.000,"0072afaf6c8e0208b0785cbf628c71cd",,,,,"91320594730135716X","4e0899e990724afdb54fb1559a89053e",厂中厂-承租方,
2025-10-26 19:33:09.000,"00732a80e8464c94ef428384b23ea76a",,,,,"91320507769111199Y","2ed65e7e852b4b29837b00f9b243d5d1",厂中厂（省级）,
2025-10-26 19:33:09.000,"0073e7ff496f78c8796542f89ff92ae6",,,,,"91320509081506205M","4e0899e990724afdb54fb1559a89053e",厂中厂-承租方,
2025-10-26 19:33:08.000,"0074b181c61e5104ad8b974e7e9ba9b9",,,,,"91320506MA24RG2917","2ed65e7e852b4b29837b00f9b243d5d1",厂中厂（省级）,
2025-10-26 19:33:10.000,"0074e05ac789f6378f06033af3475780",,,,,"91320581720551396F","99ab4b32297541aabad837ed9541f024",危化品使用企业,
2025-10-26 19:33:12.000,"0074fe0fbc66af96e529a6247855e712",,,,,"91320583MA1NDLAW37","2ed65e7e852b4b29837b00f9b243d5d1",厂中厂（省级）,
2025-10-26 19:33:11.000,"0075bbebdbc5ebf3b77c14b95f43e2b9",,,,,"91320582675456153L","4e0899e990724afdb54fb1559a89053e",厂中厂-承租方,
2025-10-26 19:33:08.000,"0075f8098cfab294655ea1858567a0db",,,,,"913205055884900891",bb482be4ad7c4313ae774ba8d7b29e85,乡镇（街道）级,
2025-10-26 19:33:08.000,"007659c700c543bea1d3057d1abf4f19",,,,,"91320505MA272G3T8B",bb482be4ad7c4313ae774ba8d7b29e85,乡镇（街道）级,
2025-10-26 19:33:11.000,"00767ccaed7156cee9fa49195cb6352e",,,,,"91320581MA1N1XG82Q","4e0899e990724afdb54fb1559a89053e",厂中厂-承租方,
2025-10-26 19:33:08.000,"007690d746c498b972c359cccc9f169c",,,,,"91320506314099429Q",bb482be4ad7c4313ae774ba8d7b29e85,乡镇（街道）级,
2025-10-26 19:33:14.000,"0076d01889cede4ea2487f072d8a76ca",,,,,"92320583MA1PR6D750",bb482be4ad7c4313ae774ba8d7b29e85,乡镇（街道）级,
2025-10-26 19:33:12.000,"0076e443dcc3dcf3af0a8cdd1c6b5e25",,,,,"91320583757346126J",bb482be4ad7c4313ae774ba8d7b29e85,乡镇（街道）级,
2025-10-26 19:33:08.000,"007748136bc3f479bbc19236feddcd87",,,,,"91320506313803090T","2ed65e7e852b4b29837b00f9b243d5d1",厂中厂（省级）,
2025-10-26 19:33:10.000,"00776a8c10bd35400a1ba45378b298c6",,,,,"91320509MA1Q1R9W0F","4e0899e990724afdb54fb1559a89053e",厂中厂-承租方,
2025-10-26 19:33:12.000,"00779476e099e1c01091863ea758f301",,,,,"91320583MA1MW9JL05","2ed65e7e852b4b29837b00f9b243d5d1",厂中厂（省级）,
2025-10-26 19:33:13.000,"0077a0ef2f2738daa828efc49c5c11ab",,,,,"91320594339247846R",bb482be4ad7c4313ae774ba8d7b29e85,乡镇（街道）级,
2025-10-26 19:33:11.000,"00784db7ebdba5e6829455cd66507b38",,,,,"91320582583748845A",bb482be4ad7c4313ae774ba8d7b29e85,乡镇（街道）级,
2025-10-26 19:33:08.000,"007866cd4ecbe8d071f7a5cfb25111b6",,,,,"913205065652552894","4e0899e990724afdb54fb1559a89053e",厂中厂-承租方,
2025-10-26 19:33:09.000,"0079187e29373f9190e36ad5d4da0290",,,,,"91320507091474454D",bb482be4ad7c4313ae774ba8d7b29e85,乡镇（街道）级,
2025-10-26 19:33:08.000,"00791c4b0e40f5a7477a92313db29135",,,,,"913205055899845152","2ed65e7e852b4b29837b00f9b243d5d1",厂中厂（省级）,
2025-10-26 19:33:10.000,"007952d240b1e7d7dc5f3267e483b8d2",,,,,"91320509MA1X43YL79",bb482be4ad7c4313ae774ba8d7b29e85,乡镇（街道）级,
2025-10-26 19:33:10.000,"00798216a38a30f766ea2226ab566299",,,,,"913205097406882698","2ed65e7e852b4b29837b00f9b243d5d1",厂中厂（省级）,
2025-10-26 19:33:09.000,"0079a83032132cba1c07dead72cb48ff",,,,,"91320507628397584R","99ab4b32297541aabad837ed9541f024",危化品使用企业,
2025-10-26 19:33:09.000,"0079ac6e67bb6e7d7168f89e08b3a3f2",,,,,"91320509058687140H",bb482be4ad7c4313ae774ba8d7b29e85,乡镇（街道）级,
2025-10-26 19:33:13.000,"007a0240a624f0fa7bd4b9285ac2313d",,,,,"91320585MA1P779KXU",bb482be4ad7c4313ae774ba8d7b29e85,乡镇（街道）级,
2025-10-26 19:33:14.000,"007a49def202df0cfeba21b336f8ea05",,,,,"92320583MA1PEUEA0U","2ed65e7e852b4b29837b00f9b243d5d1",厂中厂（省级）,
2025-10-26 19:33:13.000,"007aaa9579889933154230356ca1285c",,,,,"91320583MACKTB259L","4e0899e990724afdb54fb1559a89053e",厂中厂-承租方,
2025-10-26 19:33:11.000,"007ac1cf2f06fdbd5b9988eaff344b5e",,,,,"91320581MA1W4Y07XE",bb482be4ad7c4313ae774ba8d7b29e85,乡镇（街道）级,
2025-10-26 19:33:11.000,"007ace80c01974e94d1462839845829d",,,,,"91320581MA1MCJMB6P",bb482be4ad7c4313ae774ba8d7b29e85,乡镇（街道）级,
2025-10-26 19:33:09.000,"007ae460d4387f998ec5c3cc9933eeaf",,,,,"91320507MA1YP6MU8Y",bb482be4ad7c4313ae774ba8d7b29e85,乡镇（街道）级,
2025-10-26 19:33:09.000,"007b590e89b96486be2472957bbe7d80",,,,,"91320509561781388G","2ed65e7e852b4b29837b00f9b243d5d1",厂中厂（省级）,
2025-10-26 19:33:11.000,"007c22e357cfce2e51d149da368b6830",,,,,"9132058206761519XE","2ed65e7e852b4b29837b00f9b243d5d1",厂中厂（省级）,
2025-10-26 19:33:09.000,"007cf1ca1b18e1e438f344ad3e8f98d1",,,,,"91320507MA24M4FHXQ","2ed65e7e852b4b29837b00f9b243d5d1",厂中厂（省级）,
2025-10-26 19:33:11.000,"007d72547ab5209eb3c033580c34d8e8",,,,,"91320581MA1MD1P015",bb482be4ad7c4313ae774ba8d7b29e85,乡镇（街道）级,
2025-10-26 19:33:13.000,"007d808f772d29fabef3759f55df6070",,,,,"913205857965077463","4e0899e990724afdb54fb1559a89053e",厂中厂-承租方,
2025-10-26 19:33:08.000,"007d8653417f571dc8ef19b8b06c54d0",,,,,"91320506072785775X",bb482be4ad7c4313ae774ba8d7b29e85,乡镇（街道）级,
2025-10-26 19:33:11.000,"007e64d9cfc8fa590ae962b40a6a94c6",,,,,"91320582MA1R8WJ56J","4e0899e990724afdb54fb1559a89053e",厂中厂-承租方,
2025-10-26 19:33:09.000,"007e7a8e429f2c81f3a01291d3b365e7",,,,,"913205070566137972","2ed65e7e852b4b29837b00f9b243d5d1",厂中厂（省级）,
2025-10-26 19:33:10.000,"007f329a4c0f5b61c87fd69dec4d000f",,,,,"91320581736502134F",bb482be4ad7c4313ae774ba8d7b29e85,乡镇（街道）级,
2025-10-26 19:33:08.000,"007fbfd1a39b81e5da9ac207648636c4",,,,,"91320505608208141K","99ab4b32297541aabad837ed9541f024",危化品使用企业,
2025-10-26 19:33:11.000,"0080bb7e1fb2392484917a63c318417c",,,,,"91320582MA21F6LT0G","4e0899e990724afdb54fb1559a89053e",厂中厂-承租方,
2025-10-26 19:33:10.000,"0080ec05382f0e73db578024ad414489",,,,,"91320509MA2192MR7Q",bb482be4ad7c4313ae774ba8d7b29e85,乡镇（街道）级,
2025-10-26 19:33:08.000,"00814a3df791760cbf101b08cb27359d",,,,,"913205065939551193","4e0899e990724afdb54fb1559a89053e",厂中厂-承租方,
2025-10-26 19:33:09.000,"0081af574367c9555c641cdc37076b3b",,,,,"913205095781506894",bb482be4ad7c4313ae774ba8d7b29e85,乡镇（街道）级,
2025-10-26 19:33:08.000,"00820d6f983573e93280a6298ccd2640",,,,,"91320506MA21RQME4K","4e0899e990724afdb54fb1559a89053e",厂中厂-承租方,
2025-10-26 19:33:12.000,"008265b312d00d4041c4b08cfb104f52",,,,,"91320583MA1TAWUG9T",bb482be4ad7c4313ae774ba8d7b29e85,乡镇（街道）级,
2025-10-26 19:33:08.000,"00833a4eec0d22ca9c4e1428e6faf6d5",,,,,"91320505MA25FMLM0H","4e0899e990724afdb54fb1559a89053e",厂中厂-承租方,
2025-10-26 19:33:12.000,"0083c25f920c8aa47a7acdfa36fec20d",,,,,"9132058362838453XN",bb482be4ad7c4313ae774ba8d7b29e85,乡镇（街道）级,
2025-10-26 19:33:13.000,"0083d50bd12b74cb5c18003d2eff0200",,,,,"91320583MA1WR7QN8E",bb482be4ad7c4313ae774ba8d7b29e85,乡镇（街道）级,
2025-10-26 19:33:09.000,"0083dfe81d62a7f2246b9131e53209d6",,,,,"91320509714103845F",bb482be4ad7c4313ae774ba8d7b29e85,乡镇（街道）级,
2025-10-26 19:33:08.000,"0083efad99049fdcbb532955d36bb4ea",,,,,"91320505MA25DF672Y",bb482be4ad7c4313ae774ba8d7b29e85,乡镇（街道）级,
2025-10-26 19:33:10.000,"0084e381af8e07b476a43bef3c97d2d8",,,,,"91320509778017380Y","1a282fd947354a6295071c1e9b84948b",厂中厂-出租方,
2025-10-26 19:33:09.000,"0085462b525cad01cdb373c77dbf64b9",,,,,"91320507734419337A","2ed65e7e852b4b29837b00f9b243d5d1",厂中厂（省级）,
2025-10-26 19:33:10.000,"00864e7995748b15d383c7f639f99f4d",,,,,"91320581142040569H",bb482be4ad7c4313ae774ba8d7b29e85,乡镇（街道）级,
2025-10-26 19:33:09.000,"00877d3344803257a32f2ee9488b4176",,,,,"913205096829757874",bb482be4ad7c4313ae774ba8d7b29e85,乡镇（街道）级,
2025-10-26 19:33:10.000,"00883ee14336bac44d0c599cc4ff1dfd",,,,,"91320581743711559W","1a282fd947354a6295071c1e9b84948b",厂中厂-出租方,
2025-10-26 19:33:10.000,"008854f648f6b079e1f88e994458915c",,,,,"9132058134614057XJ","4e0899e990724afdb54fb1559a89053e",厂中厂-承租方,
2025-10-26 19:33:13.000,"00891a6355f392b1766fe668250ceb5f",,,,,"913205855911894738","2ed65e7e852b4b29837b00f9b243d5d1",厂中厂（省级）,
2025-10-26 19:33:11.000,"008957dde45e6512a7e166449edb36be",,,,,"91320581MA2739ER80","4e0899e990724afdb54fb1559a89053e",厂中厂-承租方,
2025-10-26 19:33:14.000,"00896aebc1603baa3bc53f4aaf724716",,,,,"92320583MA1NFWCT2K",bb482be4ad7c4313ae774ba8d7b29e85,乡镇（街道）级,
2025-10-26 19:33:10.000,"008a624e122985b26b28c6845b1813fa",,,,,"91320509MA20DG8491","2ed65e7e852b4b29837b00f9b243d5d1",厂中厂（省级）,
2025-10-26 19:33:10.000,"008a8e58d86a9155b35c083ed7a44206",,,,,"91320509MA20X4G2XF",bb482be4ad7c4313ae774ba8d7b29e85,乡镇（街道）级,
2025-10-26 19:33:11.000,"008a9eaa107f62fd5c087e46706e081d",,,,,"91320582MA7H6NHH85","2ed65e7e852b4b29837b00f9b243d5d1",厂中厂（省级）,
2025-10-26 19:33:10.000,"008ac5a4b3e7922aff83079a6a927184",,,,,"91320509MA7GUQE40M",bb482be4ad7c4313ae774ba8d7b29e85,乡镇（街道）级,
2025-10-26 19:33:13.000,"008b9ba1d86a85abe71a9da011393500",,,,,"91320583MA2566MJXT","4e0899e990724afdb54fb1559a89053e",厂中厂-承租方,
2025-10-26 19:33:08.000,"008ba7d832f5f2c482130b20b15c620d",,,,,"91320506302070362J",bb482be4ad7c4313ae774ba8d7b29e85,乡镇（街道）级,
2025-10-26 19:33:09.000,"008be9a2310654a646f7b4bc92e52e53",,,,,"91320509346444995D","4e0899e990724afdb54fb1559a89053e",厂中厂-承租方,
2025-10-26 19:33:13.000,"008d75922d116defc06a48c16afabf14",,,,,"91320585MA1Q13XJ1W","4e0899e990724afdb54fb1559a89053e",厂中厂-承租方,
2025-10-26 19:33:10.000,"008d84f8fbe5b2c88c2fb845299c861c",,,,,"91320581751419857F",a9d7b8ee0dfb4c5b92a07108da67d67e,金属冶炼,
2025-10-26 19:33:09.000,"008e5be61f0ba2a3075af6b1e6e34eb0",,,,,"91320507MA1Q47WE18",bb482be4ad7c4313ae774ba8d7b29e85,乡镇（街道）级,
2025-10-26 19:33:13.000,"008ee8e723b2b3267b77d6e424a04b34",,,,,"91320583MA1YW9X92M",bb482be4ad7c4313ae774ba8d7b29e85,乡镇（街道）级,
2025-10-26 19:33:12.000,"0090024fb2dd63d324a042c4502e90c5",,,,,"913205837222626785","2ed65e7e852b4b29837b00f9b243d5d1",厂中厂（省级）,
2025-10-26 19:33:13.000,"0090718914384e43060b61cf03b437e2",,,,,"91320583MA20BRJPX2","2ed65e7e852b4b29837b00f9b243d5d1",厂中厂（省级）,
2025-10-26 19:33:14.000,"00908bfc0a90e9dd87a54f38bbc4af1d",,,,,"92320585MAC9YFAG86",bb482be4ad7c4313ae774ba8d7b29e85,乡镇（街道）级,
2025-10-26 19:33:10.000,"0090ca38ed2154bce83a61d6907291c1",,,,,"91320509740687725W","2ed65e7e852b4b29837b00f9b243d5d1",厂中厂（省级）,
2025-10-26 19:33:13.000,"0090ff62dcb87325fdec9becac0c6d97",,,,,"913205853237523893","4e0899e990724afdb54fb1559a89053e",厂中厂-承租方,
2025-10-26 19:33:08.000,"00917cd63a08c3c5034b58587a99bc09",,,,,"91320506324011961T","4e0899e990724afdb54fb1559a89053e",厂中厂-承租方,
2025-10-26 19:33:14.000,"0091881fc8abe2c776a01f3a7eba4a0f",,,,,"91320594MA7L7K255G",bb482be4ad7c4313ae774ba8d7b29e85,乡镇（街道）级,
2025-10-26 19:33:12.000,"00919383b667d86d3bca8ccd19e52995",,,,,"91320583MA1MRHU11A","4e0899e990724afdb54fb1559a89053e",厂中厂-承租方,
2025-10-26 19:33:12.000,"0091bfe60ffaf6a9dc88e0421b4c5fa6",,,,,"913205833983521600",bb482be4ad7c4313ae774ba8d7b29e85,乡镇（街道）级,
2025-10-26 19:33:09.000,"009282e60ace1cbadf9c9d082912bad3",,,,,"91320507788387094E","4e0899e990724afdb54fb1559a89053e",厂中厂-承租方,
2025-10-26 19:33:10.000,"009419207477e0ee579dd317599a547e",,,,,"913205097325287400","1a282fd947354a6295071c1e9b84948b",厂中厂-出租方,
2025-10-26 19:33:13.000,"00943e9978f3d67da9760a6fc93b9186",,,,,"91320594789079157E","2ed65e7e852b4b29837b00f9b243d5d1",厂中厂（省级）,
2025-10-26 19:33:12.000,"00946b73de643aaade60866a4b1b67ff",,,,,"91320583788386788C","2ed65e7e852b4b29837b00f9b243d5d1",厂中厂（省级）,
2025-10-26 19:33:13.000,"0094c0ac5fc7f4a240a7a034141a35ad",,,,,"91320585730708705N","4e0899e990724afdb54fb1559a89053e",厂中厂-承租方,
2025-10-26 19:33:13.000,"0094dbf915156018488aa37771b68f74",,,,,"91320585MA1MQH1Q63","2ed65e7e852b4b29837b00f9b243d5d1",厂中厂（省级）,
2025-10-26 19:33:13.000,"0094e22c1637d3e951cc839d073d1d81",,,,,"9132059432123860XD",bb482be4ad7c4313ae774ba8d7b29e85,乡镇（街道）级,
2025-10-26 19:33:09.000,"0094e3c150005cb24bfe70da5304c601",,,,,"91320506MACDXQ3F37","4e0899e990724afdb54fb1559a89053e",厂中厂-承租方,
2025-10-26 19:33:12.000,"009530ae3da09f421c4a19f9a5da85c1",,,,,"91320583762404001K",bb482be4ad7c4313ae774ba8d7b29e85,乡镇（街道）级,
2025-10-26 19:33:12.000,"00957273025194a1e07250bb1dcede96",,,,,"91320583796109801C","1a282fd947354a6295071c1e9b84948b",厂中厂-出租方,
2025-10-26 19:33:08.000,"00966b5cb65483fc06d350e872ea9d70",,,,,"9132050658228361XU",bb482be4ad7c4313ae774ba8d7b29e85,乡镇（街道）级,
2025-10-26 19:33:11.000,"0097dde466d4f4c4c1daea692900cf87",,,,,"91320582MA1WQ6DQ1Y","4e0899e990724afdb54fb1559a89053e",厂中厂-承租方,
2025-10-26 19:33:08.000,"0097effb5ac40d0c19df4c07aad17481",,,,,"91320506MA25D6WT30",bb482be4ad7c4313ae774ba8d7b29e85,乡镇（街道）级,
2025-10-26 19:33:09.000,"00980686666362a5f56362f5578dbc64",,,,,"913205097186167877",bb482be4ad7c4313ae774ba8d7b29e85,乡镇（街道）级,
2025-10-26 19:33:12.000,"009854d3defb4cea567d58ea526543e9",,,,,"9132058356915715XE",bb482be4ad7c4313ae774ba8d7b29e85,乡镇（街道）级,
2025-10-26 19:33:10.000,"0098bf743c44e13c56f9ecb2f8de262f",,,,,"91320509MA25P3FN35",bb482be4ad7c4313ae774ba8d7b29e85,乡镇（街道）级,
2025-10-26 19:33:10.000,"0098c556815d490e1d97cb1e7e958a9c",,,,,"91320509MA22AXNF6E","4e0899e990724afdb54fb1559a89053e",厂中厂-承租方,
2025-10-26 19:33:10.000,"009a2b8872b120c62f67a568473d6be6",,,,,"91320509MA27GFC79W","2ed65e7e852b4b29837b00f9b243d5d1",厂中厂（省级）,
2025-10-26 19:33:10.000,"009b61cdc11816ceee9cbdc19f462a1d",,,,,"91320509MA1WQE7N0T",bb482be4ad7c4313ae774ba8d7b29e85,乡镇（街道）级,
2025-10-26 19:33:11.000,"009c1868b39600f1b7c34067b7d90d91",,,,,"913205826763641972",bb482be4ad7c4313ae774ba8d7b29e85,乡镇（街道）级,
2025-10-26 19:33:09.000,"009c5f37686147ad27e0c83a18f7445f",,,,,"91320507X08293020C",bb482be4ad7c4313ae774ba8d7b29e85,乡镇（街道）级,
2025-10-26 19:33:12.000,"009c63898ecb579349287b32c20378c6",,,,,"91320583MA1P0XTY46",bb482be4ad7c4313ae774ba8d7b29e85,乡镇（街道）级,
2025-10-26 19:33:13.000,"009cdb21e7dbd11ba15e1f8d2ec14fcc",,,,,"9132059473251359XT","4e0899e990724afdb54fb1559a89053e",厂中厂-承租方,
2025-10-26 19:33:08.000,"009cfd36742ab6836ce9fc4e90b8446e",,,,,"91320506069455505M","2ed65e7e852b4b29837b00f9b243d5d1",厂中厂（省级）,
2025-10-26 19:33:11.000,"009d6f53fd5d47a15ad77067cc6dd5bb",,,,,"913205830618287170",bb482be4ad7c4313ae774ba8d7b29e85,乡镇（街道）级,
2025-10-26 19:33:08.000,"009dfaa00a968b328c7c35e8f413261d",,,,,"91320506MA1W42DQ02","2ed65e7e852b4b29837b00f9b243d5d1",厂中厂（省级）,
2025-10-26 19:33:07.000,"009f4e1d8cbb393476378a7aa4863fb1",,,,,"91320500MA1XAET9X7","4e0899e990724afdb54fb1559a89053e",厂中厂-承租方,
2025-10-26 19:33:09.000,"009f7b3bc10980760d0b8329f9e5bdaa",,,,,"913205070850896642","4e0899e990724afdb54fb1559a89053e",厂中厂-承租方,
2025-10-26 19:33:11.000,"009fa9816ac26fca1e226ce4596618fb",,,,,"91320582560341890C","4e0899e990724afdb54fb1559a89053e",厂中厂-承租方,
2025-10-26 19:33:13.000,"009fd91924b53aeda049cf1fde786956",,,,,"9132059433892514X7",bb482be4ad7c4313ae774ba8d7b29e85,乡镇（街道）级,
2025-10-26 19:33:09.000,"009ff8860f27fbdb8976311584e7c026",,,,,"91320507MA25AGU55A","2ed65e7e852b4b29837b00f9b243d5d1",厂中厂（省级）,
2025-10-26 19:33:10.000,"009ffdd011a881ac0a504efde72ef845",,,,,"91320509MABQE6KE5J","4e0899e990724afdb54fb1559a89053e",厂中厂-承租方,
2025-10-26 19:33:12.000,"00a070ada00c24616e3924ab25724e92",,,,,"91320583MA1P784Y5T","2ed65e7e852b4b29837b00f9b243d5d1",厂中厂（省级）,
2025-10-26 19:33:13.000,"00a075c4190ab01619bd702cc94f590b",,,,,"91320585MA1P1MKT1U","99ab4b32297541aabad837ed9541f024",危化品使用企业,
2025-10-26 19:33:12.000,"00a07f092b20a7920a90cdb8769263a6",,,,,"91320583733329292C",bb482be4ad7c4313ae774ba8d7b29e85,乡镇（街道）级,
2025-10-26 19:33:10.000,"00a08036fc07ad3cfb1f0712e050ba4a",,,,,"913205097863431783",bb482be4ad7c4313ae774ba8d7b29e85,乡镇（街道）级,
2025-10-26 19:33:08.000,"00a106cb6632d894a977bfffb45e0c1f",,,,,"91320506MA1NWE029E","4e0899e990724afdb54fb1559a89053e",厂中厂-承租方,
2025-10-26 19:33:10.000,"00a11354fc8ad1dd0bd41c8828e19378",,,,,"91320509740688795B","2ed65e7e852b4b29837b00f9b243d5d1",厂中厂（省级）,
2025-10-26 19:33:09.000,"00a1353065cb9f8403cc6776c0c8d26e",,,,,"91320507MA1P5CJ888","4e0899e990724afdb54fb1559a89053e",厂中厂-承租方,
2025-10-26 19:33:08.000,"00a1879e545807327366bba03d152c02",,,,,"91320506MA1X2F318B",bb482be4ad7c4313ae774ba8d7b29e85,乡镇（街道）级,
2025-10-26 19:33:11.000,"00a1de8997c4a0416fb30d7ba5d21e0f",,,,,"91320582MA1UX6RG5B",bb482be4ad7c4313ae774ba8d7b29e85,乡镇（街道）级,
2025-10-26 19:33:13.000,"00a22bbb8c36f5387938bd6968adcd09",,,,,"91320583MA1WQ1WA8M","4e0899e990724afdb54fb1559a89053e",厂中厂-承租方,
2025-10-26 19:33:13.000,"00a22e8d3aa2fa4b385de1dd1042093a",,,,,"91320585330900896N","4e0899e990724afdb54fb1559a89053e",厂中厂-承租方,
2025-10-26 19:33:13.000,"00a235988ec03839d26474a61c6a4329",,,,,"91320585MA1WJR750C","2ed65e7e852b4b29837b00f9b243d5d1",厂中厂（省级）,
2025-10-26 19:33:13.000,"00a2a0ffe5de1ceecfe7751ada508714",,,,,"91320583MA23FJH3XU",bb482be4ad7c4313ae774ba8d7b29e85,乡镇（街道）级,
2025-10-26 19:33:11.000,"00a2aadde54578f91173f7cbdad56dde",,,,,"9132058206453663X6","2ed65e7e852b4b29837b00f9b243d5d1",厂中厂（省级）,
2025-10-26 19:33:13.000,"00a2b3f59388b8aa96522a5be805a485",,,,,"91320583MA1WE2288R","4e0899e990724afdb54fb1559a89053e",厂中厂-承租方,
2025-10-26 19:33:12.000,"00a2d8c291463a1d73bbed843a4f43b5",,,,,"91320583MA1NLDLB32","2ed65e7e852b4b29837b00f9b243d5d1",厂中厂（省级）,
2025-10-26 19:33:09.000,"00a2dbfafbb91eac267cfc07b6049017",,,,,"91320507MABQD0263K","2ed65e7e852b4b29837b00f9b243d5d1",厂中厂（省级）,
2025-10-26 19:33:11.000,"00a3824890e1665e5545952daf8e0980",,,,,"913205823236400613",bb482be4ad7c4313ae774ba8d7b29e85,乡镇（街道）级,
2025-10-26 19:33:11.000,"00a3d9b30cb06340166b45ad9e92038e",,,,,"91320581MA21KXHQ17","2ed65e7e852b4b29837b00f9b243d5d1",厂中厂（省级）,
2025-10-26 19:33:14.000,"00a45875ec2505b39f9fe40cd00bc986",,,,,"91320594MA1N9XU341",bb482be4ad7c4313ae774ba8d7b29e85,乡镇（街道）级,
2025-10-26 19:33:13.000,"00a4b3cac8532904953a86fbf80ef5ab",,,,,"91320592MA259Y1A5C",bb482be4ad7c4313ae774ba8d7b29e85,乡镇（街道）级,
2025-10-26 19:33:10.000,"00a53a5b482db2d0d92eee8d28a5c6fe",,,,,"91320509MAC9HKRM6K","4e0899e990724afdb54fb1559a89053e",厂中厂-承租方,
2025-10-26 19:33:08.000,"00a61430977c561228e7eb60bb7e5849",,,,,"91320505740695362G","2ed65e7e852b4b29837b00f9b243d5d1",厂中厂（省级）,
2025-10-26 19:33:09.000,"00a6f3c13470115183d94bbcac94795e",,,,,"913205091382763258",bb482be4ad7c4313ae774ba8d7b29e85,乡镇（街道）级,
2025-10-26 19:33:09.000,"00a77801db5235af86be0c8b898bb65a",,,,,"91320507732519836R","2ed65e7e852b4b29837b00f9b243d5d1",厂中厂（省级）,
2025-10-26 19:33:09.000,"00a7cb784c66aad85d870e01b2e73aab",,,,,"91320507MA2209Q616",bb482be4ad7c4313ae774ba8d7b29e85,乡镇（街道）级,
2025-10-26 19:33:08.000,"00a800f9c35cbc25ee22bcf6e27a9e4c",,,,,"91320506MA1WWDWD8X",bb482be4ad7c4313ae774ba8d7b29e85,乡镇（街道）级,
2025-10-26 19:33:11.000,"00a86d1a1312ef69b711a066955aa4f8",,,,,"91320582685871414C",bb482be4ad7c4313ae774ba8d7b29e85,乡镇（街道）级,
2025-10-26 19:33:12.000,"00a932a8bcfb654f92992f700fda07e0",,,,,"91320583MA1MLJCU73","4e0899e990724afdb54fb1559a89053e",厂中厂-承租方,
2025-10-26 19:33:13.000,"00a9e37539e86d82421d9f606b044051",,,,,"91320594346564188D","2ed65e7e852b4b29837b00f9b243d5d1",厂中厂（省级）,
2025-10-26 19:33:12.000,"00aa60015850d8c9403a87303084e8e1",,,,,"91320583MA1P841G30","4e0899e990724afdb54fb1559a89053e",厂中厂-承租方,
2025-10-26 19:33:08.000,"00aad7562f25059ab8fece534761bd3b",,,,,"91320505MA27T8Q53D",bb482be4ad7c4313ae774ba8d7b29e85,乡镇（街道）级,
2025-10-26 19:33:10.000,"00ab2ef93a7788f14ba8c6163d300e9b",,,,,"91320509MA1MH9HF7M","4e0899e990724afdb54fb1559a89053e",厂中厂-承租方,
2025-10-26 19:33:10.000,"00ab40f49e510a8ca83c665f70e0a6ca",,,,,"913205816853048235",bb482be4ad7c4313ae774ba8d7b29e85,乡镇（街道）级,
2025-10-26 19:33:14.000,"00abefda179f1e1c9f9079942860eaba",,,,,"92320583MA1UW2J74X",bb482be4ad7c4313ae774ba8d7b29e85,乡镇（街道）级,
2025-10-26 19:33:09.000,"00aca451937529cc6307f3c8ab8afa21",,,,,"91320507561756633W","4e0899e990724afdb54fb1559a89053e",厂中厂-承租方,
2025-10-26 19:33:11.000,"00acb188e35f4888d9db1531fd1d7f88",,,,,"91320581MA1WBJNM62",bb482be4ad7c4313ae774ba8d7b29e85,乡镇（街道）级,
2025-10-26 19:33:11.000,"00acd70713965b7b6183e97a05641028",,,,,"91320582MA1NAEJE8L","2ed65e7e852b4b29837b00f9b243d5d1",厂中厂（省级）,
2025-10-26 19:33:10.000,"00adaae0a0f3d2cd9b281262351680ac",,,,,"91320509MACF09JU3C",bb482be4ad7c4313ae774ba8d7b29e85,乡镇（街道）级,
2025-10-26 19:33:08.000,"00adf566a66d04d66303be2925289c47",,,,,"91320506MA1XR2YD4Q",bb482be4ad7c4313ae774ba8d7b29e85,乡镇（街道）级,
2025-10-26 19:33:12.000,"00ae7b2e87bfe7a73bb7b1656450b753",,,,,"91320583772450677B","1a282fd947354a6295071c1e9b84948b",厂中厂-出租方,
2025-10-26 19:33:11.000,"00aedf69ca456d23573d4521387a37af",,,,,"91320582684925978X","1a282fd947354a6295071c1e9b84948b",厂中厂-出租方,
2025-10-26 19:33:10.000,"00aee2e6d73489569b883dcd7da28295",,,,,"913205817272525248","4e0899e990724afdb54fb1559a89053e",厂中厂-承租方,
2025-10-26 19:33:11.000,"00afbe9380adc9952924a9b02c0d19f6",,,,,"91320581MA1XC2HR9R",bb482be4ad7c4313ae774ba8d7b29e85,乡镇（街道）级,
2025-10-26 19:33:09.000,"00b0867bdb98018c1967c71f07c18015",,,,,"91320507MABQD0263K","4e0899e990724afdb54fb1559a89053e",厂中厂-承租方,
2025-10-26 19:33:09.000,"00b24288f2a14d717fbc9cb39dad7252",,,,,"913205076865782014","2ed65e7e852b4b29837b00f9b243d5d1",厂中厂（省级）,
2025-10-26 19:33:10.000,"00b252fe9c1259856d262ea817c8600a",,,,,"91320509MA1WMQB25D","4e0899e990724afdb54fb1559a89053e",厂中厂-承租方,
2025-10-26 19:33:08.000,"00b2cd8d8f069bea7fa0c5a3d4dd0981",,,,,"91320506598567393Y",bb482be4ad7c4313ae774ba8d7b29e85,乡镇（街道）级,
2025-10-26 19:33:08.000,"00b2d3a20f5a77e39b444c824f5d9c64",,,,,"91320505323736792N","4e0899e990724afdb54fb1559a89053e",厂中厂-承租方,
2025-10-26 19:33:08.000,"00b3a017eb6cc1e91e254d0efa9f288e",,,,,"91320505MA1T5XP36Y",bb482be4ad7c4313ae774ba8d7b29e85,乡镇（街道）级,
2025-10-26 19:33:11.000,"00b3a5f50c62904dc642d97400a99ee2",,,,,"91320583056600136B","2ed65e7e852b4b29837b00f9b243d5d1",厂中厂（省级）,
2025-10-26 19:33:12.000,"00b3bd3397a2530fad15ac3c44cf925f",,,,,"91320583MA1NXWAM0C","4e0899e990724afdb54fb1559a89053e",厂中厂-承租方,
2025-10-26 19:33:07.000,"00b41501716214c1c4b458c372423174",,,,,"91320500MA1XPXJL85","4e0899e990724afdb54fb1559a89053e",厂中厂-承租方,
2025-10-26 19:33:12.000,"00b42b670b66b7b60efb7f39cd3f5004",,,,,"91320583560339053L",bb482be4ad7c4313ae774ba8d7b29e85,乡镇（街道）级,
2025-10-26 19:33:12.000,"00b550b04c21c0c98e18fcf4533e68b7",,,,,"91320583MA1M9WQD7U","2ed65e7e852b4b29837b00f9b243d5d1",厂中厂（省级）,
2025-10-26 19:33:12.000,"00b5a98ffa276f07c2792354f34cbc46",,,,,"91320583301858377C","4e0899e990724afdb54fb1559a89053e",厂中厂-承租方,
2025-10-26 19:33:14.000,"00b5c70bafdbc2abaac166320c43ac38",,,,,"92320509MA1NHM0D9F",bb482be4ad7c4313ae774ba8d7b29e85,乡镇（街道）级,
2025-10-26 19:33:10.000,"00b68b083e491f2230774edcff818186",,,,,"91320509790866406M",bb482be4ad7c4313ae774ba8d7b29e85,乡镇（街道）级,
2025-10-26 19:33:14.000,"00b75fec6d211d39ac1251b361dc292b",,,,,"92320583MA1PPKDX55","2ed65e7e852b4b29837b00f9b243d5d1",厂中厂（省级）,
2025-10-26 19:33:09.000,"00b7d21b91f82553da82dd78518e9d50",,,,,"91320507066205375H","2ed65e7e852b4b29837b00f9b243d5d1",厂中厂（省级）,
2025-10-26 19:33:13.000,"00b8125d2bb7bfd8ad6e340bb090340d",,,,,"91320585MA25JH6L5N","4e0899e990724afdb54fb1559a89053e",厂中厂-承租方,
2025-10-26 19:33:09.000,"00b86b3d599be48676f8a831ac4e1690",,,,,"91320507346092862C","2ed65e7e852b4b29837b00f9b243d5d1",厂中厂（省级）,
2025-10-26 19:33:11.000,"00b884e5af48bc5ed30823842dfe0412",,,,,"91320581MA1XMHXPXU","4e0899e990724afdb54fb1559a89053e",厂中厂-承租方,
2025-10-26 19:33:09.000,"00b92cb552cf79e0ec8efed98ad6c493",,,,,"91320508072774726R",bb482be4ad7c4313ae774ba8d7b29e85,乡镇（街道）级,
2025-10-26 19:33:09.000,"00b938f973607b0d0dc70343c61b1693",,,,,"913205073545904666","2ed65e7e852b4b29837b00f9b243d5d1",厂中厂（省级）,
2025-10-26 19:33:14.000,"00ba1f531bca006798b99bd87e500f2b",,,,,"91320594MA1P8BT69N",bb482be4ad7c4313ae774ba8d7b29e85,乡镇（街道）级,
2025-10-26 19:33:11.000,"00ba522b6426ca1c314a8ea8c9b3fc65",,,,,"913205830645110883",bb482be4ad7c4313ae774ba8d7b29e85,乡镇（街道）级,
2025-10-26 19:33:11.000,"00bb1663b97781e3dd4c5b2b856d8a59",,,,,"91320581782720773A","2ed65e7e852b4b29837b00f9b243d5d1",厂中厂（省级）,
2025-10-26 19:33:11.000,"00bbad4e3bc3f37fc08f57f3916bcaf9",,,,,"91320582MA1WF6N96C",bb482be4ad7c4313ae774ba8d7b29e85,乡镇（街道）级,
2025-10-26 19:33:10.000,"00bc3c66eb17f651e477b4bbb136561b",,,,,"91320581338831290M",bb482be4ad7c4313ae774ba8d7b29e85,乡镇（街道）级,
2025-10-26 19:33:10.000,"00bc74f24a1a57f907182c3f4054d302",,,,,"91320509MA2288UC7K","2ed65e7e852b4b29837b00f9b243d5d1",厂中厂（省级）,
2025-10-26 19:33:12.000,"00bcec8461a4287015df483f72ecbc16",,,,,"913205837890538469",bb482be4ad7c4313ae774ba8d7b29e85,乡镇（街道）级,
2025-10-26 19:33:13.000,"00bd1815d531ac367f61b95e6c9b2398",,,,,"913205946082082994",bb482be4ad7c4313ae774ba8d7b29e85,乡镇（街道）级,
2025-10-26 19:33:13.000,"00bddaa78e6ab1f2c2834bc0db3d3539",,,,,"91320583MA20L2R611",bb482be4ad7c4313ae774ba8d7b29e85,乡镇（街道）级,
2025-10-26 19:33:08.000,"00bf428cf36dc8ea2bc6a545b3029b42",,,,,"91320506753904100N","1a282fd947354a6295071c1e9b84948b",厂中厂-出租方,
2025-10-26 19:33:12.000,"00bf8427eec324969545384e70356401",,,,,"9132058378838677XC","2ed65e7e852b4b29837b00f9b243d5d1",厂中厂（省级）,
2025-10-26 19:33:13.000,"00bfc145c788488616a56a2d812c3263",,,,,"91320585X08267009T","2ed65e7e852b4b29837b00f9b243d5d1",厂中厂（省级）,
2025-10-26 19:33:11.000,"00bfe5300f091e9b96517cacafd28868",,,,,"91320582722833653L","2ed65e7e852b4b29837b00f9b243d5d1",厂中厂（省级）,
2025-10-26 19:33:14.000,"00c0ea154c9ead619a0a920dda6d0289",,,,,"92320507MA1PNQYK8Y","4e0899e990724afdb54fb1559a89053e",厂中厂-承租方,
2025-10-26 19:33:13.000,"00c147ebc8d74de6173619a072bcc90b",,,,,"91320583MA1YXLJB83","2ed65e7e852b4b29837b00f9b243d5d1",厂中厂（省级）,
2025-10-26 19:33:11.000,"00c1ed65b5290141ddab2b7f6a2f5ff6",,,,,"91320582MA21JLB96T",bb482be4ad7c4313ae774ba8d7b29e85,乡镇（街道）级,
