"id","writ_id","tag_name","标签内容","父项id","开始时间","修改时间","数据导入类型，是否是本系统生成的数据 默认0 ","地区编码","操作类型","uuid","分类分级","加载时间","数据导入类型，是否是本系统生成的数据 默认0 ","地区编码"
WSE320000977953343911497728,WS320000977952353950896128,tag2,江苏肯立科技股份有限公司,"0",2025-06-20 15:17:28.000,2025-06-20 15:17:28.000,"0","320500",i,"789b7418-4df7-11f0-b4a9-fa163e11a32f","1",Sat Jun 21 01:35:17 CST 2025,,苏州市
WSE320000977953343911497729,WS320000977952353950896128,tag3,玄武大道699-22号江苏软件园6幢,"0",2025-06-20 15:17:28.000,2025-06-20 15:17:28.000,"0","320500",i,"789b74f6-4df7-11f0-b4a9-fa163e11a32f","1",Sat Jun 21 01:35:17 CST 2025,,苏州市
WSE320000977953343911497730,WS320000977952353950896128,tag4,孙晓峻,"0",2025-06-20 15:17:28.000,2025-06-20 15:17:28.000,"0","320500",i,"789b7644-4df7-11f0-b4a9-fa163e11a32f","1",Sat Jun 21 01:35:17 CST 2025,,苏州市
WSE320000977953343911497731,WS320000977952353950896128,tag5,冶金等工贸,"0",2025-06-20 15:17:28.000,2025-06-20 15:17:28.000,"0","320500",i,"789b76c5-4df7-11f0-b4a9-fa163e11a32f","1",Sat Jun 21 01:35:17 CST 2025,,苏州市
WSE320000977953343911497732,WS320000977952353950896128,tag6,"2025年06月20日","0",2025-06-20 15:17:28.000,2025-06-20 15:17:28.000,"0","320500",i,"789b774e-4df7-11f0-b4a9-fa163e11a32f","1",Sat Jun 21 01:35:17 CST 2025,,苏州市
WSE320000977953343911497733,WS320000977952353950896128,tag62,"2025年06月20日","0",2025-06-20 15:17:28.000,2025-06-20 15:17:28.000,"0","320500",i,"789b78c3-4df7-11f0-b4a9-fa163e11a32f","1",Sat Jun 21 01:35:17 CST 2025,,苏州市
WSE320000977953343911497734,WS320000977952353950896128,tag7,杨晓、杜银剑,"0",2025-06-20 15:17:28.000,2025-06-20 15:17:28.000,"0","320500",i,"789b7910-4df7-11f0-b4a9-fa163e11a32f","1",Sat Jun 21 01:35:17 CST 2025,,苏州市
WSE320000977953343911497735,WS320000977952353950896128,tag9,资料检查,"0",2025-06-20 15:17:28.000,2025-06-20 15:17:28.000,"0","320500",i,"789b794b-4df7-11f0-b4a9-fa163e11a32f","1",Sat Jun 21 01:35:17 CST 2025,,苏州市
WSE320000977953343911497736,WS320000977952353950896128,tag10,测试,"0",2025-06-20 15:17:28.000,2025-06-20 15:17:28.000,"0","320500",i,"789b797a-4df7-11f0-b4a9-fa163e11a32f","1",Sat Jun 21 01:35:17 CST 2025,,苏州市
WSE320000977953343911497737,WS320000977952353950896128,tag20,计划检查,"0",2025-06-20 15:17:28.000,2025-06-20 15:17:28.000,"0","320500",i,"789b79ae-4df7-11f0-b4a9-fa163e11a32f","1",Sat Jun 21 01:35:17 CST 2025,,苏州市
WSE320000977953343911497738,WS320000977952353950896128,tag8Item,是否对承包单位、承租单位的安全生产工作统一协调、管理，是否定期进行安全检查,"0",2025-06-20 15:17:28.000,2025-06-20 15:17:28.000,"0","320500",i,"789b79dd-4df7-11f0-b4a9-fa163e11a32f","1",Sat Jun 21 01:35:17 CST 2025,,苏州市
WSE320000977953343911497739,WS320000977952353950896128,tag8Item,特种作业人员是否按照规定经专门的安全作业培训并取得相应资格，上岗作业,"0",2025-06-20 15:17:28.000,2025-06-20 15:17:28.000,"0","320500",i,"789b7a0d-4df7-11f0-b4a9-fa163e11a32f","1",Sat Jun 21 01:35:17 CST 2025,,苏州市
WSE320000977953343911497740,WS320000977952353950896128,tag8Item,金属冶炼企业主要负责人、安全生产管理人员是否按照规定经考核合格,"0",2025-06-20 15:17:28.000,2025-06-20 15:17:28.000,"0","320500",i,"789b7a38-4df7-11f0-b4a9-fa163e11a32f","1",Sat Jun 21 01:35:17 CST 2025,,苏州市
WSE320000977953343911497741,WS320000977952353950896128,tag8Item,直接关系生产安全的监控、报警、防护等设施、设备、装置，是否保证正常运行、使用，是否失效或者无效,"0",2025-06-20 15:17:28.000,2025-06-20 15:17:28.000,"0","320500",i,"789b7a66-4df7-11f0-b4a9-fa163e11a32f","1",Sat Jun 21 01:35:17 CST 2025,,苏州市
WSE320000977953343911497742,WS320000977952353950896128,tag8Item,铸造用熔炼炉、精炼炉、压铸机、氧枪的冷却水系统是否设置出水温度、进出水流量差监测报警装置，或者监测报警装置是否与熔融金属加热、输送控制系统联锁的,"0",2025-06-20 15:17:28.000,2025-06-20 15:17:28.000,"0","320500",i,"789b7a94-4df7-11f0-b4a9-fa163e11a32f","1",Sat Jun 21 01:35:17 CST 2025,,苏州市
WSE320000977953343911497743,WS320000977952353950896128,tag8Item,使用可燃性有机溶剂清洗设备设施、工装器具、地面时，是否采取防止可燃气体在周边密闭或者半密闭空间内积聚措施的,"0",2025-06-20 15:17:28.000,2025-06-20 15:17:28.000,"0","320500",i,"789b7ac3-4df7-11f0-b4a9-fa163e11a32f","1",Sat Jun 21 01:35:17 CST 2025,,苏州市
WSE320000977953343911497744,WS320000977952353950896128,tag8Item,生产期间铸造用熔炼炉、精炼炉、保温炉的炉底、炉坑和事故坑，以及熔融金属泄漏、喷溅影响范围内的炉前平台、炉基区域、造型地坑、浇注作业坑和熔融金属转运通道等8类区域是否存在积水的,"0",2025-06-20 15:17:28.000,2025-06-20 15:17:28.000,"0","320500",i,"789b7aef-4df7-11f0-b4a9-fa163e11a32f","1",Sat Jun 21 01:35:17 CST 2025,,苏州市
WSE320000977953343911497745,WS320000977952353950896128,tag8Item,使用煤气（天然气）的燃烧装置的燃气总管是否设置管道压力监测报警装置，监测报警装置是否与紧急自动切断装置联锁，燃烧装置是否设置火焰监测和熄火保护系统的,"0",2025-06-20 15:17:28.000,2025-06-20 15:17:28.000,"0","320500",i,"789b7b21-4df7-11f0-b4a9-fa163e11a32f","1",Sat Jun 21 01:35:17 CST 2025,,苏州市
WSE320000977953343911497746,WS320000977952353950896128,tag8Item,铸造用熔炼炉、精炼炉、保温炉是否设置紧急排放和应急储存设施的,"0",2025-06-20 15:17:28.000,2025-06-20 15:17:28.000,"0","320500",i,"789b7b50-4df7-11f0-b4a9-fa163e11a32f","1",Sat Jun 21 01:35:17 CST 2025,,苏州市
WSE320000977953343911497747,WS320000977952353950896128,tag8Item,会议室、活动室、休息室、更衣室、交接班室等5类人员聚集场所是否设置在熔融金属吊运跨或者浇注跨的地坪区域内的,"0",2025-06-20 15:17:28.000,2025-06-20 15:17:28.000,"0","320500",i,"789b7b7d-4df7-11f0-b4a9-fa163e11a32f","1",Sat Jun 21 01:35:17 CST 2025,,苏州市
WSE320000977953343911497748,WS320000977952353950896128,tag8Item,使用非水性漆的调漆间、喷漆室是否设置固定式可燃气体浓度监测报警装置或者通风设施的,"0",2025-06-20 15:17:28.000,2025-06-20 15:17:28.000,"0","320500",i,"789b7baa-4df7-11f0-b4a9-fa163e11a32f","1",Sat Jun 21 01:35:17 CST 2025,,苏州市
WSE320000977953343911497749,WS320000977952353950896128,tag8Item,企业主要负责人是否有效建立健全本单位安全生产责任制并对落实情况进行监督考核,"0",2025-06-20 15:17:28.000,2025-06-20 15:17:28.000,"0","320500",i,"789b7bd5-4df7-11f0-b4a9-fa163e11a32f","1",Sat Jun 21 01:35:17 CST 2025,,苏州市
WSE320000977953343911497750,WS320000977952353950896128,tag8Item,是否按规定开展安全生产教育培训并告知有关的安全生产事项（违反《中华人民共和国安全生产法》规定）,"0",2025-06-20 15:17:28.000,2025-06-20 15:17:28.000,"0","320500",i,"789b7c06-4df7-11f0-b4a9-fa163e11a32f","1",Sat Jun 21 01:35:17 CST 2025,,苏州市
WSE320000977953343911497751,WS320000977952353950896128,tag8Item,是否按规定开展安全生产教育培训并告知有关的安全生产事项（违反《江苏省安全生产条例》规定）,"0",2025-06-20 15:17:28.000,2025-06-20 15:17:28.000,"0","320500",i,"789b7c35-4df7-11f0-b4a9-fa163e11a32f","1",Sat Jun 21 01:35:17 CST 2025,,苏州市
WSE320000977953343911497752,WS320000977952353950896128,tag8Item,特种作业人员是否按规定经专门的安全作业培训并取得相应资格，上岗作业,"0",2025-06-20 15:17:28.000,2025-06-20 15:17:28.000,"0","320500",i,"789b7c60-4df7-11f0-b4a9-fa163e11a32f","1",Sat Jun 21 01:35:17 CST 2025,,苏州市
WSE320000977953343911497753,WS320000977952353950896128,tag8Item,是否建立健全事故隐患排查制度，采取技术、管理措施，及时发现并消除事故隐患,"0",2025-06-20 15:17:28.000,2025-06-20 15:17:28.000,"0","320500",i,"789b7c8e-4df7-11f0-b4a9-fa163e11a32f","1",Sat Jun 21 01:35:17 CST 2025,,苏州市
WSE320000977953343911497754,WS320000977952353950896128,tag8Item,是否按规定设置安全生产管理机构或者配备安全生产管理人员,"0",2025-06-20 15:17:28.000,2025-06-20 15:17:28.000,"0","320500",i,"789b7cc1-4df7-11f0-b4a9-fa163e11a32f","1",Sat Jun 21 01:35:17 CST 2025,,苏州市
WSE320000977953343911497755,WS320000977952353950896128,tag8Item,是否为从业人员提供符合国家或行业标准的安全防护用品,"0",2025-06-20 15:17:28.000,2025-06-20 15:17:28.000,"0","320500",i,"789b7cf1-4df7-11f0-b4a9-fa163e11a32f","1",Sat Jun 21 01:35:17 CST 2025,,苏州市
WSE320000977953343911497756,WS320000977952353950896128,tag8Item,企业是否关闭、破坏直接关系生产安全的监控、报警、防护、救生设备、设施，或者篡改、隐瞒、销毁其相关数据、信息,"0",2025-06-20 15:17:28.000,2025-06-20 15:17:28.000,"0","320500",i,"789b7d20-4df7-11f0-b4a9-fa163e11a32f","1",Sat Jun 21 01:35:17 CST 2025,,苏州市
WSE320000977953343911497757,WS320000977952353950896128,tag8Item,工业企业是否建立安全风险辨识管控制度,"0",2025-06-20 15:17:28.000,2025-06-20 15:17:28.000,"0","320500",i,"789b7d4b-4df7-11f0-b4a9-fa163e11a32f","1",Sat Jun 21 01:35:17 CST 2025,,苏州市
WSE320000977953343911497758,WS320000977952353950896128,tag8Item,工业企业是否进行较大以上安全风险公示或者未设置重大安全风险警示牌,"0",2025-06-20 15:17:28.000,2025-06-20 15:17:28.000,"0","320500",i,"789b7d76-4df7-11f0-b4a9-fa163e11a32f","1",Sat Jun 21 01:35:17 CST 2025,,苏州市
WSE320000977953343911497759,WS320000977952353950896128,tag8Item,工业企业是否将安全风险管控纳入年度安全生产教育培训计划或者未组织实施,"0",2025-06-20 15:17:28.000,2025-06-20 15:17:28.000,"0","320500",i,"789b7da3-4df7-11f0-b4a9-fa163e11a32f","1",Sat Jun 21 01:35:17 CST 2025,,苏州市
WSE320000977953343911497760,WS320000977952353950896128,tag8Item,生产经营单位是否按照《江苏省生产经营单位安全风险管理条例》的规定，定期报告较大以上安全风险的,"0",2025-06-20 15:17:28.000,2025-06-20 15:17:28.000,"0","320500",i,"789b7e05-4df7-11f0-b4a9-fa163e11a32f","1",Sat Jun 21 01:35:17 CST 2025,,苏州市
WSE320000977953343911497761,WS320000977952353950896128,tag8Item,工业企业是否建立安全风险档案,"0",2025-06-20 15:17:28.000,2025-06-20 15:17:28.000,"0","320500",i,"789b7e37-4df7-11f0-b4a9-fa163e11a32f","1",Sat Jun 21 01:35:17 CST 2025,,苏州市
WSE320000977953343911497762,WS320000977952353950896128,tag8Item,生产经营单位是否与承包单位、承租单位签订专门的安全生产管理协议或者是否在承包合同、租赁合同中明确各自的安全生产管理职责，或者是否对承包单位、承租单位的安全生产工作统一协调、管理,"0",2025-06-20 15:17:28.000,2025-06-20 15:17:28.000,"0","320500",i,"789b7e63-4df7-11f0-b4a9-fa163e11a32f","1",Sat Jun 21 01:35:17 CST 2025,,苏州市
WSE320000977953343911497763,WS320000977952353950896128,tag8Item,生产经营单位使用被派遣劳动者的，是否将被派遣劳动者纳入本单位从业人员统一管理，是否对被派遣劳动者进行岗位安全操作规程和安全操作技能的教育和培训（违反《中华人民共和国安全生产法》规定）,"0",2025-06-20 15:17:28.000,2025-06-20 15:17:28.000,"0","320500",i,"789b7e90-4df7-11f0-b4a9-fa163e11a32f","1",Sat Jun 21 01:35:17 CST 2025,,苏州市
WSE320000977953343911497764,WS320000977952353950896128,tag8Item,生产经营单位使用被派遣劳动者的，未将被派遣劳动者纳入本单位从业人员统一管理，未对被派遣劳动者进行岗位安全操作规程和安全操作技能的教育和培训（违反《江苏省安全生产条例》规定）,"0",2025-06-20 15:17:28.000,2025-06-20 15:17:28.000,"0","320500",i,"789b7ebc-4df7-11f0-b4a9-fa163e11a32f","1",Sat Jun 21 01:35:17 CST 2025,,苏州市
WSE320000977953343911497765,WS320000977952353950896128,tag1,（苏苏）应急检查〔2025〕30号,"0",2025-06-20 15:17:28.000,2025-06-20 15:17:28.000,"0","320500",i,"789b7ee8-4df7-11f0-b4a9-fa163e11a32f","1",Sat Jun 21 01:35:17 CST 2025,,苏州市
WSE3205001000003976785039360,WS320500999999760465137664,tag3Item,仓库应辨识为较大风险“储存场所易燃、可燃物料燃烧（非危险化学品）”，不符合《江苏省生产经营单位安全风险管理条例》第十条“生产经营单位在辨识安全风险过程中，应当对照目录排查、确定较大以上安全风险，不得遗漏。对辨识出的较大以上安全风险，即使采取管控措施降低风险的，仍然应当按照目录确定安全风险等级。”的规定，标准依据：《江苏省生产经营单位安全风险管理条例》第十条“生产经营单位在辨识安全风险过程中，应当对照目录排查、确定较大以上安全风险，不得遗漏。对辨识出的较大以上安全风险，即使采取管控措施降低风险的，仍然应当按照目录确定安全风险等级。”的规定,,2025-08-20 11:38:48.000,2025-08-20 11:38:48.000,"0","320500",i,ff4c29ca-7de5-11f0-b4a9-fa163e11a32f,"1",Thu Aug 21 01:35:07 CST 2025,,苏州市
WSE3205001000003976801816576,WS320500999999760465137664,tag2,富泰克精密注塑（苏州）有限公司,,2025-08-20 11:38:48.000,2025-08-20 11:38:48.000,"0","320500",i,ff4c29ff-7de5-11f0-b4a9-fa163e11a32f,"1",Thu Aug 21 01:35:07 CST 2025,,苏州市
WSE3205001000003976814399488,WS320500999999760465137664,tag6,苏州工业园区管理委员会,,2025-08-20 11:38:48.000,2025-08-20 11:38:48.000,"0","320500",i,ff4c2a2d-7de5-11f0-b4a9-fa163e11a32f,"1",Thu Aug 21 01:35:07 CST 2025,,苏州市
WSE3205001000003976822788096,WS320500999999760465137664,tag7,苏州市应急管理局,,2025-08-20 11:38:48.000,2025-08-20 11:38:48.000,"0","320500",i,ff4c2a62-7de5-11f0-b4a9-fa163e11a32f,"1",Thu Aug 21 01:35:07 CST 2025,,苏州市
WSE3205001000003976835371008,WS320500999999760465137664,tag8,苏州市吴中区人民法院,,2025-08-20 11:38:48.000,2025-08-20 11:38:48.000,"0","320500",i,ff4c2a8a-7de5-11f0-b4a9-fa163e11a32f,"1",Thu Aug 21 01:35:07 CST 2025,,苏州市
WSE3205001000003976843759616,WS320500999999760465137664,entity1-col1,"1",,2025-08-20 11:38:48.000,2025-08-20 11:38:48.000,"0","320500",i,ff4c2b57-7de5-11f0-b4a9-fa163e11a32f,"1",Thu Aug 21 01:35:07 CST 2025,,苏州市
WSE3205001000003976852148224,WS320500999999760465137664,entity1-col2,"2025年09月01日",,2025-08-20 11:38:48.000,2025-08-20 11:38:48.000,"0","320500",i,ff4c2b8d-7de5-11f0-b4a9-fa163e11a32f,"1",Thu Aug 21 01:35:07 CST 2025,,苏州市
WSE3205001000003976864731136,WS320500999999760465137664,writTypeName,责令限期整改指令书,,2025-08-20 11:22:03.000,2025-08-20 11:22:03.000,"0","320500",i,ff4c2bbf-7de5-11f0-b4a9-fa163e11a32f,"1",Thu Aug 21 01:35:07 CST 2025,,苏州市
WSE3205001000003976877314048,WS320500999999760465137664,tag1,（苏苏园）应急责改〔2025〕410号,,2025-08-20 11:38:48.000,2025-08-20 11:38:48.000,"0","320500",i,ff4c2be8-7de5-11f0-b4a9-fa163e11a32f,"1",Thu Aug 21 01:35:07 CST 2025,,苏州市
WSE3205001000006738260267008,WS3205001000006738096689152,tag2,霍尼韦尔特性材料和技术（中国）有限公司,"0",2025-08-20 11:49:47.000,2025-08-20 11:49:47.000,"0","320500",i,febf1548-7de5-11f0-b4a9-fa163e11a32f,"1",Thu Aug 21 01:35:07 CST 2025,,苏州市
WSE3205001000006738260267009,WS3205001000006738096689152,tag3,江苏扬子江国际化学工业园南海路50号,"0",2025-08-20 11:49:47.000,2025-08-20 11:49:47.000,"0","320500",i,febf168e-7de5-11f0-b4a9-fa163e11a32f,"1",Thu Aug 21 01:35:07 CST 2025,,苏州市
WSE3205001000006738260267010,WS3205001000006738096689152,tag4,孙建能,"0",2025-08-20 11:49:47.000,2025-08-20 11:49:47.000,"0","320500",i,febf16e8-7de5-11f0-b4a9-fa163e11a32f,"1",Thu Aug 21 01:35:07 CST 2025,,苏州市
WSE3205001000006738260267011,WS3205001000006738096689152,tag5,法人代表,"0",2025-08-20 11:49:47.000,2025-08-20 11:49:47.000,"0","320500",i,febf1753-7de5-11f0-b4a9-fa163e11a32f,"1",Thu Aug 21 01:35:07 CST 2025,,苏州市
WSE3205001000006738260267012,WS3205001000006738096689152,tag6,"021-80388888","0",2025-08-20 11:49:47.000,2025-08-20 11:49:47.000,"0","320500",i,febf17af-7de5-11f0-b4a9-fa163e11a32f,"1",Thu Aug 21 01:35:07 CST 2025,,苏州市
WSE3205001000006738260267013,WS3205001000006738096689152,tag7,安全生产台账资料,"0",2025-08-20 11:49:47.000,2025-08-20 11:49:47.000,"0","320500",i,febf1927-7de5-11f0-b4a9-fa163e11a32f,"1",Thu Aug 21 01:35:07 CST 2025,,苏州市
WSE3205001000006738260267014,WS3205001000006738096689152,tag8,"2025年08月20日09时17分","0",2025-08-20 11:49:47.000,2025-08-20 11:49:47.000,"0","320500",i,febf197d-7de5-11f0-b4a9-fa163e11a32f,"1",Thu Aug 21 01:35:07 CST 2025,,苏州市
WSE3205001000006738260267015,WS3205001000006738096689152,tag9,"2025年08月20日11时11分","0",2025-08-20 11:49:47.000,2025-08-20 11:49:47.000,"0","320500",i,febf19e2-7de5-11f0-b4a9-fa163e11a32f,"1",Thu Aug 21 01:35:07 CST 2025,,苏州市
WSE3205001000006738260267016,WS3205001000006738096689152,tag10,张家港市应急管理局,"0",2025-08-20 11:49:47.000,2025-08-20 11:49:47.000,"0","320500",i,febf1a17-7de5-11f0-b4a9-fa163e11a32f,"1",Thu Aug 21 01:35:07 CST 2025,,苏州市
WSE3205001000006738260267017,WS3205001000006738096689152,tag11,周洋、邹昊阳,"0",2025-08-20 11:49:47.000,2025-08-20 11:49:47.000,"0","320500",i,febf1a41-7de5-11f0-b4a9-fa163e11a32f,"1",Thu Aug 21 01:35:07 CST 2025,,苏州市
WSE3205001000006738260267018,WS3205001000006738096689152,tag12,"10050724056、10050724039","0",2025-08-20 11:49:47.000,2025-08-20 11:49:47.000,"0","320500",i,febf1a6d-7de5-11f0-b4a9-fa163e11a32f,"1",Thu Aug 21 01:35:07 CST 2025,,苏州市
WSE3205001000006738260267019,WS3205001000006738096689152,tag13,"2025年8月20日，张家港市应急局执法人员对霍尼韦尔特性材料和技术（中国）有限公司进行执法检查，发现如下问题：","0",2025-08-20 11:49:47.000,2025-08-20 11:49:47.000,"0","320500",i,febf1a9b-7de5-11f0-b4a9-fa163e11a32f,"1",Thu Aug 21 01:35:07 CST 2025,,苏州市
WSE3205001000006738260267020,WS3205001000006738096689152,tag14Item,隐患排查奖励机制相关条款表述不规范，标准依据：《企业安全文化建设导则》AQ/T9004-2008,"0",2025-08-20 11:49:47.000,2025-08-20 11:49:47.000,"0","320500",i,febf1adb-7de5-11f0-b4a9-fa163e11a32f,"1",Thu Aug 21 01:35:07 CST 2025,,苏州市
WSE3205001000006738260267021,WS3205001000006738096689152,tag14Item,查2025安全费用支出明细，台账中有各类生活用品支出，需增加与安全相关的说明，标准依据：《企业安全生产费用提 取和使用管理办法》（财资 〔2022） 136 号）第四十六条,"0",2025-08-20 11:49:47.000,2025-08-20 11:49:47.000,"0","320500",i,febf1b09-7de5-11f0-b4a9-fa163e11a32f,"1",Thu Aug 21 01:35:07 CST 2025,,苏州市
WSE3205001000006738260267022,WS3205001000006738096689152,tag14Item,安全生产信息管理制度中未明确主责部门，标准依据：《危险化学品企业安全风险隐患排查治理导则》（应急〔2019)78号),"0",2025-08-20 11:49:47.000,2025-08-20 11:49:47.000,"0","320500",i,febf1b37-7de5-11f0-b4a9-fa163e11a32f,"1",Thu Aug 21 01:35:07 CST 2025,,苏州市
WSE3205001000006738260267023,WS3205001000006738096689152,tag1,（苏苏张）应急现记〔2025〕687号,"0",2025-08-20 11:49:47.000,2025-08-20 11:49:47.000,"0","320500",i,febf1b63-7de5-11f0-b4a9-fa163e11a32f,"1",Thu Aug 21 01:35:07 CST 2025,,苏州市
WSE3205001000009202426449920,WS3205001000009202246094848,tag3Item,隐患排查奖励机制相关条款表述不规范，标准依据：《企业安全文化建设导则》AQ/T9004-2008,,2025-08-20 11:59:34.000,2025-08-20 11:59:34.000,"0","320500",i,febf1c08-7de5-11f0-b4a9-fa163e11a32f,"1",Thu Aug 21 01:35:07 CST 2025,,苏州市
WSE3205001000009202439032832,WS3205001000009202246094848,tag3Item,查2025安全费用支出明细，台账中有各类生活用品支出，需增加与安全相关的说明，标准依据：《企业安全生产费用提 取和使用管理办法》（财资 〔2022） 136 号）第四十六条,,2025-08-20 11:59:34.000,2025-08-20 11:59:34.000,"0","320500",i,febf1c37-7de5-11f0-b4a9-fa163e11a32f,"1",Thu Aug 21 01:35:07 CST 2025,,苏州市
WSE3205001000009202451615744,WS3205001000009202246094848,tag3Item,安全生产信息管理制度中未明确主责部门，标准依据：《危险化学品企业安全风险隐患排查治理导则》（应急〔2019)78号),,2025-08-20 11:59:34.000,2025-08-20 11:59:34.000,"0","320500",i,febf1c65-7de5-11f0-b4a9-fa163e11a32f,"1",Thu Aug 21 01:35:07 CST 2025,,苏州市
WSE3205001000009202460004352,WS3205001000009202246094848,tag2,霍尼韦尔特性材料和技术（中国）有限公司,,2025-08-20 11:59:34.000,2025-08-20 11:59:34.000,"0","320500",i,febf1c92-7de5-11f0-b4a9-fa163e11a32f,"1",Thu Aug 21 01:35:07 CST 2025,,苏州市
WSE3205001000009202468392960,WS3205001000009202246094848,tag6,张家港市人民政府,,2025-08-20 11:59:34.000,2025-08-20 11:59:34.000,"0","320500",i,febf1cbf-7de5-11f0-b4a9-fa163e11a32f,"1",Thu Aug 21 01:35:07 CST 2025,,苏州市
WSE3205001000009202480975872,WS3205001000009202246094848,tag7,苏州市应急管理局,,2025-08-20 11:59:34.000,2025-08-20 11:59:34.000,"0","320500",i,febf1cee-7de5-11f0-b4a9-fa163e11a32f,"1",Thu Aug 21 01:35:07 CST 2025,,苏州市
WSE3205001000009202489364480,WS3205001000009202246094848,tag8,常熟市人民法院,,2025-08-20 11:59:34.000,2025-08-20 11:59:34.000,"0","320500",i,febf1d9f-7de5-11f0-b4a9-fa163e11a32f,"1",Thu Aug 21 01:35:07 CST 2025,,苏州市
WSE3205001000009202501947392,WS3205001000009202246094848,entity1-col1,"1、2、3",,2025-08-20 11:59:34.000,2025-08-20 11:59:34.000,"0","320500",i,febf1e81-7de5-11f0-b4a9-fa163e11a32f,"1",Thu Aug 21 01:35:07 CST 2025,,苏州市
WSE3205001000009202518724608,WS3205001000009202246094848,entity1-col2,"2025年09月20日",,2025-08-20 11:59:34.000,2025-08-20 11:59:34.000,"0","320500",i,febf1eb0-7de5-11f0-b4a9-fa163e11a32f,"1",Thu Aug 21 01:35:07 CST 2025,,苏州市
WSE3205001000009202531307520,WS3205001000009202246094848,tag1,（苏苏张）应急责改〔2025〕399号,,2025-08-20 11:59:34.000,2025-08-20 11:59:34.000,"0","320500",i,febf1ede-7de5-11f0-b4a9-fa163e11a32f,"1",Thu Aug 21 01:35:07 CST 2025,,苏州市
WSE3205001000009202539696128,WS3205001000009202246094848,writTypeName,责令限期整改指令书,,2025-08-20 11:59:34.000,2025-08-20 11:59:34.000,"0","320500",i,febf1f0a-7de5-11f0-b4a9-fa163e11a32f,"1",Thu Aug 21 01:35:07 CST 2025,,苏州市
WSE3205001000028676588310528,WS3205001000028676043051008,tag2,张家港市葛武彩钢夹芯板有限公司未组织开展安全风险辨识评估案,,2025-08-20 13:16:57.000,2025-08-20 13:16:57.000,"0","320500",i,febf1f97-7de5-11f0-b4a9-fa163e11a32f,"1",Thu Aug 21 01:35:07 CST 2025,,苏州市
WSE3205001000028676747694080,WS3205001000028676043051008,tag3,张家港市葛武彩钢夹芯板有限公司,,2025-08-20 13:16:57.000,2025-08-20 13:16:57.000,"0","320500",i,febf1fc3-7de5-11f0-b4a9-fa163e11a32f,"1",Thu Aug 21 01:35:07 CST 2025,,苏州市
WSE3205001000028676768665600,WS3205001000028676043051008,tag10,,,2025-08-20 13:16:57.000,2025-08-20 13:16:57.000,"0","320500",i,febf1fec-7de5-11f0-b4a9-fa163e11a32f,"1",Thu Aug 21 01:35:07 CST 2025,,苏州市
WSE3205001000028676798025728,WS3205001000028676043051008,entity1-col1,（苏苏张）应急告〔2025〕120号,,2025-08-20 13:16:57.000,2025-08-20 13:16:57.000,"0","320500",i,febf2016-7de5-11f0-b4a9-fa163e11a32f,"1",Thu Aug 21 01:35:07 CST 2025,,苏州市
WSE3205001000028676818997248,WS3205001000028676043051008,entity1-col2,张家港保税区滨江大厦A座803室,,2025-08-20 13:16:57.000,2025-08-20 13:16:57.000,"0","320500",i,febf2040-7de5-11f0-b4a9-fa163e11a32f,"1",Thu Aug 21 01:35:07 CST 2025,,苏州市
WSE3205001000028676844163072,WS3205001000028676043051008,entity1-col3,"2025年08月20日",,2025-08-20 13:16:57.000,2025-08-20 13:16:57.000,"0","320500",i,febf2069-7de5-11f0-b4a9-fa163e11a32f,"1",Thu Aug 21 01:35:07 CST 2025,,苏州市
WSE3205001000028676865134592,WS3205001000028676043051008,entity1-col4,直接送达,,2025-08-20 13:16:57.000,2025-08-20 13:16:57.000,"0","320500",i,febf2093-7de5-11f0-b4a9-fa163e11a32f,"1",Thu Aug 21 01:35:07 CST 2025,,苏州市
WSE3205001000028676890300416,WS3205001000028676043051008,entity1-col5,,,2025-08-20 13:16:57.000,2025-08-20 13:16:57.000,"0","320500",i,febf20bc-7de5-11f0-b4a9-fa163e11a32f,"1",Thu Aug 21 01:35:07 CST 2025,,苏州市
WSE3205001000028676919660544,WS3205001000028676043051008,entity1-col6,,,2025-08-20 13:16:57.000,2025-08-20 13:16:57.000,"0","320500",i,febf20e5-7de5-11f0-b4a9-fa163e11a32f,"1",Thu Aug 21 01:35:07 CST 2025,,苏州市
WSE3205001000028676953214976,WS3205001000028676043051008,tag1,（苏苏张）应急回〔2025〕120号,,2025-08-20 13:16:57.000,2025-08-20 13:16:57.000,"0","320500",i,febf210e-7de5-11f0-b4a9-fa163e11a32f,"1",Thu Aug 21 01:35:07 CST 2025,,苏州市
WSE3205001000028676974186496,WS3205001000028676043051008,writTypeName,行政处罚告知书送达回执,,2025-08-20 13:16:57.000,2025-08-20 13:16:57.000,"0","320500",i,febf2138-7de5-11f0-b4a9-fa163e11a32f,"1",Thu Aug 21 01:35:07 CST 2025,,苏州市
WSE3205001000030574720585728,WS3205001000030574108217344,tag2,苏州伊涵日用化学品有限公司,"0",2025-08-20 13:24:30.000,2025-08-20 13:24:30.000,"0","320500",i,febf21b2-7de5-11f0-b4a9-fa163e11a32f,"1",Thu Aug 21 01:35:07 CST 2025,,苏州市
WSE3205001000030574720585729,WS3205001000030574108217344,tag3,江苏省苏州市吴江区汾湖高新区（黎里镇）,"0",2025-08-20 13:24:30.000,2025-08-20 13:24:30.000,"0","320500",i,febf21df-7de5-11f0-b4a9-fa163e11a32f,"1",Thu Aug 21 01:35:07 CST 2025,,苏州市
WSE3205001000030574720585730,WS3205001000030574108217344,tag4,肖伟荣,"0",2025-08-20 13:24:30.000,2025-08-20 13:24:30.000,"0","320500",i,febf220a-7de5-11f0-b4a9-fa163e11a32f,"1",Thu Aug 21 01:35:07 CST 2025,,苏州市
WSE3205001000030574720585731,WS3205001000030574108217344,tag5,冶金等工贸,"0",2025-08-20 13:24:30.000,2025-08-20 13:24:30.000,"0","320500",i,febf2237-7de5-11f0-b4a9-fa163e11a32f,"1",Thu Aug 21 01:35:07 CST 2025,,苏州市
WSE3205001000030574720585732,WS3205001000030574108217344,tag6,"2025年08月20日","0",2025-08-20 13:24:30.000,2025-08-20 13:24:30.000,"0","320500",i,febf2260-7de5-11f0-b4a9-fa163e11a32f,"1",Thu Aug 21 01:35:07 CST 2025,,苏州市
WSE3205001000030574720585733,WS3205001000030574108217344,tag62,"2025年08月31日","0",2025-08-20 13:24:30.000,2025-08-20 13:24:30.000,"0","320500",i,febf228d-7de5-11f0-b4a9-fa163e11a32f,"1",Thu Aug 21 01:35:07 CST 2025,,苏州市
WSE3205001000030574720585734,WS3205001000030574108217344,tag7,刘凯翔、徐佳诚,"0",2025-08-20 13:24:30.000,2025-08-20 13:24:30.000,"0","320500",i,febf22b6-7de5-11f0-b4a9-fa163e11a32f,"1",Thu Aug 21 01:35:07 CST 2025,,苏州市
WSE3205001000030574720585735,WS3205001000030574108217344,tag9,现场和资料检查,"0",2025-08-20 13:24:30.000,2025-08-20 13:24:30.000,"0","320500",i,febf22e1-7de5-11f0-b4a9-fa163e11a32f,"1",Thu Aug 21 01:35:07 CST 2025,,苏州市
WSE3205001000030574720585736,WS3205001000030574108217344,tag10,,"0",2025-08-20 13:24:30.000,2025-08-20 13:24:30.000,"0","320500",i,febf230a-7de5-11f0-b4a9-fa163e11a32f,"1",Thu Aug 21 01:35:07 CST 2025,,苏州市
WSE3205001000030574720585737,WS3205001000030574108217344,tag20,计划检查,"0",2025-08-20 13:24:30.000,2025-08-20 13:24:30.000,"0","320500",i,febf2334-7de5-11f0-b4a9-fa163e11a32f,"1",Thu Aug 21 01:35:07 CST 2025,,苏州市
WSE3205001000030574720585738,WS3205001000030574108217344,tag8Item,督促企业组织制定并实施本单位的安全生产教育和培训计划，对相关岗位人员开展安全培训，确保其掌握必要的安全生产知识和技能,"0",2025-08-20 13:24:30.000,2025-08-20 13:24:30.000,"0","320500",i,febf2360-7de5-11f0-b4a9-fa163e11a32f,"1",Thu Aug 21 01:35:07 CST 2025,,苏州市
WSE3205001000030574720585739,WS3205001000030574108217344,tag8Item,督促企业加强对从业人员按规定佩戴、使用安全带、安全帽等劳动防护用品的管理,"0",2025-08-20 13:24:30.000,2025-08-20 13:24:30.000,"0","320500",i,febf2438-7de5-11f0-b4a9-fa163e11a32f,"1",Thu Aug 21 01:35:07 CST 2025,,苏州市
WSE3205001000030574720585740,WS3205001000030574108217344,tag8Item,督促企业按照安全生产“六化”工作方案，加强“三化”建设，聚焦“全员化”“实体化”“手册化”，夯实全员安全责任制，开展“一季一课”安全宣讲，全面推行每日“班前班后五分钟”安全教育培训，明确专兼职安全员（消防管理员），统一臂章上岗值班，不断提升企业基层一线人员安全生产责任意识和火灾防御应急处置能力,"0",2025-08-20 13:24:30.000,2025-08-20 13:24:30.000,"0","320500",i,febf2466-7de5-11f0-b4a9-fa163e11a32f,"1",Thu Aug 21 01:35:07 CST 2025,,苏州市
WSE3205001000030574720585741,WS3205001000030574108217344,tag1,（苏苏江汾）应急检查〔2025〕824号,"0",2025-08-20 13:24:30.000,2025-08-20 13:24:30.000,"0","320500",i,febf2491-7de5-11f0-b4a9-fa163e11a32f,"1",Thu Aug 21 01:35:07 CST 2025,,苏州市
WSE3205001000030904741007360,WS3205001000030903990226944,tag2,吴江市东方喷气织造厂,"0",2025-08-20 13:25:48.000,2025-08-20 13:25:48.000,"0","320500",i,febf2569-7de5-11f0-b4a9-fa163e11a32f,"1",Thu Aug 21 01:35:07 CST 2025,,苏州市
WSE3205001000030904741007361,WS3205001000030903990226944,tag3,江苏省苏州市吴江区汾湖高新区（黎里镇）,"0",2025-08-20 13:25:48.000,2025-08-20 13:25:48.000,"0","320500",i,febf2594-7de5-11f0-b4a9-fa163e11a32f,"1",Thu Aug 21 01:35:07 CST 2025,,苏州市
WSE3205001000030904741007362,WS3205001000030903990226944,tag4,张华英,"0",2025-08-20 13:25:48.000,2025-08-20 13:25:48.000,"0","320500",i,febf25bf-7de5-11f0-b4a9-fa163e11a32f,"1",Thu Aug 21 01:35:07 CST 2025,,苏州市
WSE3205001000030904741007363,WS3205001000030903990226944,tag5,冶金等工贸,"0",2025-08-20 13:25:48.000,2025-08-20 13:25:48.000,"0","320500",i,febf25e8-7de5-11f0-b4a9-fa163e11a32f,"1",Thu Aug 21 01:35:07 CST 2025,,苏州市
WSE3205001000030904741007364,WS3205001000030903990226944,tag6,"2025年08月20日","0",2025-08-20 13:25:48.000,2025-08-20 13:25:48.000,"0","320500",i,febf2612-7de5-11f0-b4a9-fa163e11a32f,"1",Thu Aug 21 01:35:07 CST 2025,,苏州市
WSE3205001000030904741007365,WS3205001000030903990226944,tag62,"2025年08月31日","0",2025-08-20 13:25:48.000,2025-08-20 13:25:48.000,"0","320500",i,febf263c-7de5-11f0-b4a9-fa163e11a32f,"1",Thu Aug 21 01:35:07 CST 2025,,苏州市
WSE3205001000030904741007366,WS3205001000030903990226944,tag7,徐佳诚、刘凯翔,"0",2025-08-20 13:25:48.000,2025-08-20 13:25:48.000,"0","320500",i,febf2667-7de5-11f0-b4a9-fa163e11a32f,"1",Thu Aug 21 01:35:07 CST 2025,,苏州市
WSE3205001000030904741007367,WS3205001000030903990226944,tag9,现场和资料检查,"0",2025-08-20 13:25:48.000,2025-08-20 13:25:48.000,"0","320500",i,febf2692-7de5-11f0-b4a9-fa163e11a32f,"1",Thu Aug 21 01:35:07 CST 2025,,苏州市
WSE3205001000030904741007368,WS3205001000030903990226944,tag10,,"0",2025-08-20 13:25:48.000,2025-08-20 13:25:48.000,"0","320500",i,febf26bc-7de5-11f0-b4a9-fa163e11a32f,"1",Thu Aug 21 01:35:07 CST 2025,,苏州市
WSE3205001000030904741007369,WS3205001000030903990226944,tag20,计划检查,"0",2025-08-20 13:25:48.000,2025-08-20 13:25:48.000,"0","320500",i,febf26e5-7de5-11f0-b4a9-fa163e11a32f,"1",Thu Aug 21 01:35:07 CST 2025,,苏州市
WSE3205001000031894932295680,WS3205001000031893158105088,otherExplain,,,2025-08-20 13:29:44.000,2025-08-20 13:29:44.000,"0","320500",i,febf2e95-7de5-11f0-b4a9-fa163e11a32f,"1",Thu Aug 21 01:35:07 CST 2025,,苏州市
WSE3205001000030904741007370,WS3205001000030903990226944,tag8Item,督促企业组织制定并实施本单位的安全生产教育和培训计划，对相关岗位人员开展安全培训，确保其掌握必要的安全生产知识和技能,"0",2025-08-20 13:25:48.000,2025-08-20 13:25:48.000,"0","320500",i,febf2711-7de5-11f0-b4a9-fa163e11a32f,"1",Thu Aug 21 01:35:07 CST 2025,,苏州市
WSE3205001000030904741007371,WS3205001000030903990226944,tag8Item,督促企业加强对从业人员按规定佩戴、使用安全带、安全帽等劳动防护用品的管理,"0",2025-08-20 13:25:48.000,2025-08-20 13:25:48.000,"0","320500",i,febf273a-7de5-11f0-b4a9-fa163e11a32f,"1",Thu Aug 21 01:35:07 CST 2025,,苏州市
WSE3205001000030904741007372,WS3205001000030903990226944,tag8Item,督促企业按照安全生产“六化”工作方案，加强“三化”建设，聚焦“全员化”“实体化”“手册化”，夯实全员安全责任制，开展“一季一课”安全宣讲，全面推行每日“班前班后五分钟”安全教育培训，明确专兼职安全员（消防管理员），统一臂章上岗值班，不断提升企业基层一线人员安全生产责任意识和火灾防御应急处置能力,"0",2025-08-20 13:25:48.000,2025-08-20 13:25:48.000,"0","320500",i,febf2766-7de5-11f0-b4a9-fa163e11a32f,"1",Thu Aug 21 01:35:07 CST 2025,,苏州市
WSE3205001000030904741007373,WS3205001000030903990226944,tag1,（苏苏江汾）应急检查〔2025〕825号,"0",2025-08-20 13:25:48.000,2025-08-20 13:25:48.000,"0","320500",i,febf278f-7de5-11f0-b4a9-fa163e11a32f,"1",Thu Aug 21 01:35:07 CST 2025,,苏州市
WSE3205001000031428408250368,WS3205001000030903990226944,hearReportDis,"0",,2025-08-20 13:27:53.000,2025-08-20 13:27:53.000,"0","320500",i,febf27b8-7de5-11f0-b4a9-fa163e11a32f,"1",Thu Aug 21 01:35:07 CST 2025,,苏州市
WSE3205001000031493046669312,WS3205001000030574108217344,hearReportDis,"0",,2025-08-20 13:28:09.000,2025-08-20 13:28:09.000,"0","320500",i,febf24ba-7de5-11f0-b4a9-fa163e11a32f,"1",Thu Aug 21 01:35:07 CST 2025,,苏州市
WSE3205001000031611506397184,WS3205001000030574108217344,hearReportDis,"0",,2025-08-20 13:28:37.000,2025-08-20 13:28:37.000,"0","320500",i,febf24e3-7de5-11f0-b4a9-fa163e11a32f,"1",Thu Aug 21 01:35:07 CST 2025,,苏州市
WSE3205001000031650031079424,WS3205001000030903990226944,hearReportDis,"0",,2025-08-20 13:28:46.000,2025-08-20 13:28:46.000,"0","320500",i,febf27e1-7de5-11f0-b4a9-fa163e11a32f,"1",Thu Aug 21 01:35:07 CST 2025,,苏州市
WSE3205001000031893481066496,WS3205001000031893158105088,tag2,张家港市上鱼纺织厂（个体工商户）生产车间东侧、西侧安全出口有物品堆放，未保持畅通案,,2025-08-20 13:29:44.000,2025-08-20 13:29:44.000,"0","320500",i,febf28bb-7de5-11f0-b4a9-fa163e11a32f,"1",Thu Aug 21 01:35:07 CST 2025,,苏州市
WSE3205001000031893506232320,WS3205001000031893158105088,tag3,张家港市上鱼纺织厂（个体工商户）,,2025-08-20 13:29:44.000,2025-08-20 13:29:44.000,"0","320500",i,febf29de-7de5-11f0-b4a9-fa163e11a32f,"1",Thu Aug 21 01:35:07 CST 2025,,苏州市
WSE3205001000031893527203840,WS3205001000031893158105088,tag4,张家港市塘桥镇妙桥双丰路12号,,2025-08-20 13:29:44.000,2025-08-20 13:29:44.000,"0","320500",i,febf2a3d-7de5-11f0-b4a9-fa163e11a32f,"1",Thu Aug 21 01:35:07 CST 2025,,苏州市
WSE3205001000031894416396288,WS3205001000031893158105088,tag6,朱耀东,,2025-08-20 13:29:44.000,2025-08-20 13:29:44.000,"0","320500",i,febf2b14-7de5-11f0-b4a9-fa163e11a32f,"1",Thu Aug 21 01:35:07 CST 2025,,苏州市
WSE3205001000031894441562112,WS3205001000031893158105088,tag7,"13451582831",,2025-08-20 13:29:44.000,2025-08-20 13:29:44.000,"0","320500",i,febf2b69-7de5-11f0-b4a9-fa163e11a32f,"1",Thu Aug 21 01:35:07 CST 2025,,苏州市
WSE3205001000031894743552000,WS3205001000031893158105088,tag8,塘桥镇综合行政执法局,,2025-08-20 13:29:44.000,2025-08-20 13:29:44.000,"0","320500",i,febf2bbc-7de5-11f0-b4a9-fa163e11a32f,"1",Thu Aug 21 01:35:07 CST 2025,,苏州市
WSE3205001000031894777106432,WS3205001000031893158105088,tag9,"2025年08月15日",,2025-08-20 13:29:44.000,2025-08-20 13:29:44.000,"0","320500",i,febf2d30-7de5-11f0-b4a9-fa163e11a32f,"1",Thu Aug 21 01:35:07 CST 2025,,苏州市
WSE3205001000031894798077952,WS3205001000031893158105088,tag10,执法检查,,2025-08-20 13:29:44.000,2025-08-20 13:29:44.000,"0","320500",i,febf2d8e-7de5-11f0-b4a9-fa163e11a32f,"1",Thu Aug 21 01:35:07 CST 2025,,苏州市
WSE3205001000031894835826688,WS3205001000031893158105088,tag11,生产车间东侧、西侧安全出口有物品堆放，未保持畅通,,2025-08-20 13:29:44.000,2025-08-20 13:29:44.000,"0","320500",i,febf2de2-7de5-11f0-b4a9-fa163e11a32f,"1",Thu Aug 21 01:35:07 CST 2025,,苏州市
WSE3205001000031894856798208,WS3205001000031893158105088,tag12,（1）取证情况：2025年 8月12 日，我机关执法人员对张家港市上鱼纺织厂（个体工商户）进行安全生产执法检查，发现该单位东侧、西侧安全出口有物品堆放有物品堆放，未保持畅通。制作《现场检查记录》[（苏苏张塘）应急现记〔2025〕660号]1 份，下发《责令限期整改指令书》（苏苏张塘）应急责改〔2025〕383号 1 份，拍摄现场照片 1 份，拍摄现场检查视频 1 份。（2）询问情况：我机关执法人员调查询问了张家港市上鱼纺织厂（个体工商户）主要负责人朱耀东制作《调查笔录》1 份，主要负责人朱耀东承认生产车间东侧、西侧安全出口有物品堆放，未保持畅通的违法事实。,,2025-08-20 13:29:44.000,2025-08-20 13:29:44.000,"0","320500",i,febf2e15-7de5-11f0-b4a9-fa163e11a32f,"1",Thu Aug 21 01:35:07 CST 2025,,苏州市
WSE3205001000031894877769728,WS3205001000031893158105088,tag13,（1）张家港市上鱼纺织厂（个体工商户）生产车间东侧、西侧安全出口有物品堆放，未保持畅通。，其行为涉嫌违反了《中华人民共和国安全生产法》第四十二条第二款：生产经营场所和员工宿舍应当设有符合紧急疏散要求、标志明显、保持畅通的出口、疏散通道。禁止占用、锁闭、封堵生产经营场所或者员工宿舍的出口、疏散通道，建议依据《中华人民共和国安全生产法》第一百零五条：生产经营单位有下列行为之一的，责令限期改正，处五万元以下的罚款，对其直接负责的主管人员和其他直接责任人员处一万元以下的罚款；逾期未改正的，责令停产停业整顿；构成犯罪的，依照刑法有关规定追究刑事责任：㈡生产经营场所和员工宿舍未设有符合紧急疏散需要、标志明显、保持畅通的出口、疏散通道，或者占用、锁闭、封堵生产经营场所或者员工宿舍出口、疏散通道的,,2025-08-20 13:29:44.000,2025-08-20 13:29:44.000,"0","320500",i,febf2e41-7de5-11f0-b4a9-fa163e11a32f,"1",Thu Aug 21 01:35:07 CST 2025,,苏州市
WSE3205001000031894902935552,WS3205001000031893158105088,tag14,"1、“生产车间东侧、西侧安全出口有物品堆放，未保持畅通。”依据《江苏省安全生产行政处罚裁量权基准》第二部分第一章第二十七条应裁量为一档，即“生产经营场所和员工宿舍设置的出口、疏散通道不符合紧急疏散需要、没有明显标志或未保持畅通的”，裁量幅度为一档，即“责令限期改正，处 1.5万元以下的罚款，对其直接负责的主管人员和其他直接责任人员处 3000元以下的罚款；逾期未改正的，责令停产停业整顿”纠违态度措施选择主要负责人‘逢查必考’中考试分数达到90分、立即采取措施纠正，代入公式计算为9000元（玖仟元），拟对其作出处9000元（玖仟元）罚款的行政处罚。",,2025-08-20 13:29:44.000,2025-08-20 13:29:44.000,"0","320500",i,febf2e6c-7de5-11f0-b4a9-fa163e11a32f,"1",Thu Aug 21 01:35:07 CST 2025,,苏州市
WSE3205001000031894953267200,WS3205001000031893158105088,tag15,建议对张家港市上鱼纺织厂（个体工商户）作出处 9000元（玖仟元）罚款的行政处罚,,2025-08-20 13:29:44.000,2025-08-20 13:29:44.000,"0","320500",i,febf2ebe-7de5-11f0-b4a9-fa163e11a32f,"1",Thu Aug 21 01:35:07 CST 2025,,苏州市
WSE3205001000031894978433024,WS3205001000031893158105088,record2-entity1-col1,现场检查记录-（苏苏张塘）应急现记〔2025〕660号,,2025-08-20 13:29:44.000,2025-08-20 13:29:44.000,"0","320500",i,febf2ee9-7de5-11f0-b4a9-fa163e11a32f,"1",Thu Aug 21 01:35:07 CST 2025,,苏州市
WSE3205001000031895007793152,WS3205001000031893158105088,record2-entity1-col2,WS320500997163928662315008,,2025-08-20 13:29:44.000,2025-08-20 13:29:44.000,"0","320500",i,febf2f11-7de5-11f0-b4a9-fa163e11a32f,"1",Thu Aug 21 01:35:07 CST 2025,,苏州市
WSE3205001000031895037153280,WS3205001000031893158105088,record2-entity1-col3,.pdf,,2025-08-20 13:29:44.000,2025-08-20 13:29:44.000,"0","320500",i,febf2f3a-7de5-11f0-b4a9-fa163e11a32f,"1",Thu Aug 21 01:35:07 CST 2025,,苏州市
WSE3205001000031895062319104,WS3205001000031893158105088,record2-entity2-col1,责令限期整改指令书-（苏苏张塘）应急责改〔2025〕383号,,2025-08-20 13:29:44.000,2025-08-20 13:29:44.000,"0","320500",i,febf2f63-7de5-11f0-b4a9-fa163e11a32f,"1",Thu Aug 21 01:35:07 CST 2025,,苏州市
WSE3205001000031895087484928,WS3205001000031893158105088,record2-entity2-col2,WS320500997164840126517248,,2025-08-20 13:29:44.000,2025-08-20 13:29:44.000,"0","320500",i,febf2f8e-7de5-11f0-b4a9-fa163e11a32f,"1",Thu Aug 21 01:35:07 CST 2025,,苏州市
WSE3205001000031895112650752,WS3205001000031893158105088,record2-entity2-col3,.pdf,,2025-08-20 13:29:44.000,2025-08-20 13:29:44.000,"0","320500",i,febf2fb7-7de5-11f0-b4a9-fa163e11a32f,"1",Thu Aug 21 01:35:07 CST 2025,,苏州市
WSE3205001000031895137816576,WS3205001000031893158105088,record2-type,现场笔录,,2025-08-20 13:29:44.000,2025-08-20 13:29:44.000,"0","320500",i,febf2fdf-7de5-11f0-b4a9-fa163e11a32f,"1",Thu Aug 21 01:35:07 CST 2025,,苏州市
WSE3205001000031895162982400,WS3205001000031893158105088,witnes3-entity1-col1,朱耀东的调查询问笔录-（苏苏张塘）应急询笔检〔2025〕250号,,2025-08-20 13:29:45.000,2025-08-20 13:29:45.000,"0","320500",i,febf3009-7de5-11f0-b4a9-fa163e11a32f,"1",Thu Aug 21 01:35:07 CST 2025,,苏州市
WSE3205001000031895355920384,WS3205001000031893158105088,witnes3-entity1-col2,pre-WS320500997157480666501120,,2025-08-20 13:29:45.000,2025-08-20 13:29:45.000,"0","320500",i,febf3032-7de5-11f0-b4a9-fa163e11a32f,"1",Thu Aug 21 01:35:07 CST 2025,,苏州市
WSE3205001000031895502721024,WS3205001000031893158105088,witnes3-entity1-col3,.pdf,,2025-08-20 13:29:45.000,2025-08-20 13:29:45.000,"0","320500",i,febf305d-7de5-11f0-b4a9-fa163e11a32f,"1",Thu Aug 21 01:35:07 CST 2025,,苏州市
WSE3205001000031895594995712,WS3205001000031893158105088,witnes3-type,证人证言,,2025-08-20 13:29:45.000,2025-08-20 13:29:45.000,"0","320500",i,febf3116-7de5-11f0-b4a9-fa163e11a32f,"1",Thu Aug 21 01:35:07 CST 2025,,苏州市
WSE3205001000031895628550144,WS3205001000031893158105088,tag1,（苏苏张塘）应急调查〔2025〕139号,,2025-08-20 13:29:45.000,2025-08-20 13:29:45.000,"0","320500",i,febf313f-7de5-11f0-b4a9-fa163e11a32f,"1",Thu Aug 21 01:35:07 CST 2025,,苏州市
WSE3205001000031895708241920,WS3205001000031893158105088,writTypeName,行政处罚案件调查报告,,2025-08-20 13:29:45.000,2025-08-20 13:29:45.000,"0","320500",i,febf3169-7de5-11f0-b4a9-fa163e11a32f,"1",Thu Aug 21 01:35:07 CST 2025,,苏州市
WSE3205001000031895737602048,WS3205001000031893158105088,recordItem,现场检查记录-（苏苏张塘）应急现记〔2025〕660号,,2025-08-20 13:29:45.000,2025-08-20 13:29:45.000,"0","320500",i,febf3194-7de5-11f0-b4a9-fa163e11a32f,"1",Thu Aug 21 01:35:07 CST 2025,,苏州市
WSE3205001000031895762767872,WS3205001000031893158105088,recordItem,责令限期整改指令书-（苏苏张塘）应急责改〔2025〕383号,,2025-08-20 13:29:45.000,2025-08-20 13:29:45.000,"0","320500",i,febf31bb-7de5-11f0-b4a9-fa163e11a32f,"1",Thu Aug 21 01:35:07 CST 2025,,苏州市
WSE3205001000031895787933696,WS3205001000031893158105088,witnessItem,朱耀东的调查询问笔录-（苏苏张塘）应急询笔检〔2025〕250号,,2025-08-20 13:29:45.000,2025-08-20 13:29:45.000,"0","320500",i,febf31e7-7de5-11f0-b4a9-fa163e11a32f,"1",Thu Aug 21 01:35:07 CST 2025,,苏州市
WSE3205001000033507143061504,WS3205001000033507021426688,tag2,张家港市塘桥盛贤洗烫服务部,"0",2025-08-20 13:36:09.000,2025-08-20 13:36:09.000,"0","320500",i,febf326f-7de5-11f0-b4a9-fa163e11a32f,"1",Thu Aug 21 01:35:07 CST 2025,,苏州市
WSE3205001000033507143061505,WS3205001000033507021426688,tag3,江苏省苏州市张家港市塘桥镇,"0",2025-08-20 13:36:09.000,2025-08-20 13:36:09.000,"0","320500",i,febf329b-7de5-11f0-b4a9-fa163e11a32f,"1",Thu Aug 21 01:35:07 CST 2025,,苏州市
WSE3205001000033507143061506,WS3205001000033507021426688,tag4,朱伟贤,"0",2025-08-20 13:36:09.000,2025-08-20 13:36:09.000,"0","320500",i,febf32c9-7de5-11f0-b4a9-fa163e11a32f,"1",Thu Aug 21 01:35:07 CST 2025,,苏州市
WSE3205001000033507143061507,WS3205001000033507021426688,tag5,冶金等工贸,"0",2025-08-20 13:36:09.000,2025-08-20 13:36:09.000,"0","320500",i,febf32f3-7de5-11f0-b4a9-fa163e11a32f,"1",Thu Aug 21 01:35:07 CST 2025,,苏州市
WSE3205001000033507143061508,WS3205001000033507021426688,tag6,"2025年08月20日","0",2025-08-20 13:36:09.000,2025-08-20 13:36:09.000,"0","320500",i,febf331d-7de5-11f0-b4a9-fa163e11a32f,"1",Thu Aug 21 01:35:07 CST 2025,,苏州市
WSE3205001000033507143061509,WS3205001000033507021426688,tag62,"2025年08月20日","0",2025-08-20 13:36:09.000,2025-08-20 13:36:09.000,"0","320500",i,febf3346-7de5-11f0-b4a9-fa163e11a32f,"1",Thu Aug 21 01:35:07 CST 2025,,苏州市
WSE3205001000033507143061510,WS3205001000033507021426688,tag7,林辰、陆家祯,"0",2025-08-20 13:36:09.000,2025-08-20 13:36:09.000,"0","320500",i,febf3371-7de5-11f0-b4a9-fa163e11a32f,"1",Thu Aug 21 01:35:07 CST 2025,,苏州市
WSE3205001000033507143061511,WS3205001000033507021426688,tag9,现场检查,"0",2025-08-20 13:36:09.000,2025-08-20 13:36:09.000,"0","320500",i,febf339b-7de5-11f0-b4a9-fa163e11a32f,"1",Thu Aug 21 01:35:07 CST 2025,,苏州市
WSE3205001000033507143061512,WS3205001000033507021426688,tag10,,"0",2025-08-20 13:36:09.000,2025-08-20 13:36:09.000,"0","320500",i,febf33c4-7de5-11f0-b4a9-fa163e11a32f,"1",Thu Aug 21 01:35:07 CST 2025,,苏州市
WSE3205001000033507143061513,WS3205001000033507021426688,tag20,计划检查,"0",2025-08-20 13:36:09.000,2025-08-20 13:36:09.000,"0","320500",i,febf33ec-7de5-11f0-b4a9-fa163e11a32f,"1",Thu Aug 21 01:35:07 CST 2025,,苏州市
WSE3205001000033507143061514,WS3205001000033507021426688,tag8Item,是否按规定设置安全生产管理机构或者配备安全生产管理人员,"0",2025-08-20 13:36:09.000,2025-08-20 13:36:09.000,"0","320500",i,febf3416-7de5-11f0-b4a9-fa163e11a32f,"1",Thu Aug 21 01:35:07 CST 2025,,苏州市
WSE3205001000033507143061515,WS3205001000033507021426688,tag8Item,是否为从业人员提供符合国家或行业标准的安全防护用品,"0",2025-08-20 13:36:09.000,2025-08-20 13:36:09.000,"0","320500",i,febf3440-7de5-11f0-b4a9-fa163e11a32f,"1",Thu Aug 21 01:35:07 CST 2025,,苏州市
WSE3205001000033507143061516,WS3205001000033507021426688,tag8Item,工业企业是否进行较大以上安全风险公示或者未设置重大安全风险警示牌,"0",2025-08-20 13:36:09.000,2025-08-20 13:36:09.000,"0","320500",i,febf346a-7de5-11f0-b4a9-fa163e11a32f,"1",Thu Aug 21 01:35:07 CST 2025,,苏州市
WSE3205001000045053818703880,WS3205001000045053671903232,tag10,,"0",2025-08-20 14:22:02.000,2025-08-20 14:22:02.000,"0","320500",i,febf3d17-7de5-11f0-b4a9-fa163e11a32f,"1",Thu Aug 21 01:35:07 CST 2025,,苏州市
WSE3205001000033507143061517,WS3205001000033507021426688,tag8Item,生产经营单位是否与承包单位、承租单位签订专门的安全生产管理协议或者是否在承包合同、租赁合同中明确各自的安全生产管理职责，或者是否对承包单位、承租单位的安全生产工作统一协调、管理,"0",2025-08-20 13:36:09.000,2025-08-20 13:36:09.000,"0","320500",i,febf3494-7de5-11f0-b4a9-fa163e11a32f,"1",Thu Aug 21 01:35:07 CST 2025,,苏州市
WSE3205001000033507143061518,WS3205001000033507021426688,tag8Item,生产经营单位使用被派遣劳动者的，未将被派遣劳动者纳入本单位从业人员统一管理，未对被派遣劳动者进行岗位安全操作规程和安全操作技能的教育和培训（违反《江苏省安全生产条例》规定）,"0",2025-08-20 13:36:09.000,2025-08-20 13:36:09.000,"0","320500",i,febf34bd-7de5-11f0-b4a9-fa163e11a32f,"1",Thu Aug 21 01:35:07 CST 2025,,苏州市
WSE3205001000033507143061519,WS3205001000033507021426688,tag1,（苏苏张塘）应急检查〔2025〕667号,"0",2025-08-20 13:36:09.000,2025-08-20 13:36:09.000,"0","320500",i,febf34e6-7de5-11f0-b4a9-fa163e11a32f,"1",Thu Aug 21 01:35:07 CST 2025,,苏州市
WSE3205001000033601829474304,WS3205001000033507021426688,hearReportDis,"0",,2025-08-20 13:36:31.000,2025-08-20 13:36:31.000,"0","320500",i,febf350f-7de5-11f0-b4a9-fa163e11a32f,"1",Thu Aug 21 01:35:07 CST 2025,,苏州市
WSE3205001000033757626896384,WS3205001000033507021426688,hearReportDis,"0",,2025-08-20 13:37:09.000,2025-08-20 13:37:09.000,"0","320500",i,febf3538-7de5-11f0-b4a9-fa163e11a32f,"1",Thu Aug 21 01:35:07 CST 2025,,苏州市
WSE3205001000037843994677248,WS3205001000037843843682304,tag2,张家港市美泰克机械有限公司,,2025-08-20 13:53:23.000,2025-08-20 13:53:23.000,"0","320500",i,febf35b4-7de5-11f0-b4a9-fa163e11a32f,"1",Thu Aug 21 01:35:07 CST 2025,,苏州市
WSE3205001000037844011454464,WS3205001000037843843682304,tag3,"2025年08月05日",,2025-08-20 13:53:23.000,2025-08-20 13:53:23.000,"0","320500",i,febf368f-7de5-11f0-b4a9-fa163e11a32f,"1",Thu Aug 21 01:35:07 CST 2025,,苏州市
WSE3205001000037844019843072,WS3205001000037843843682304,tag4,现场处理措施,,2025-08-20 13:53:23.000,2025-08-20 13:53:23.000,"0","320500",i,febf36be-7de5-11f0-b4a9-fa163e11a32f,"1",Thu Aug 21 01:35:07 CST 2025,,苏州市
WSE3205001000037844032425984,WS3205001000037843843682304,tag5,（苏苏张）应急现决〔2025〕70号,,2025-08-20 13:53:23.000,2025-08-20 13:53:23.000,"0","320500",i,febf36e7-7de5-11f0-b4a9-fa163e11a32f,"1",Thu Aug 21 01:35:07 CST 2025,,苏州市
WSE3205001000037844045008896,WS3205001000037843843682304,tag6Item,未取得特种作业操作证人员，已不从事特种作业岗位作业。,,2025-08-20 13:53:23.000,2025-08-20 13:53:23.000,"0","320500",i,febf3711-7de5-11f0-b4a9-fa163e11a32f,"1",Thu Aug 21 01:35:07 CST 2025,,苏州市
WSE3205001000037844057591808,WS3205001000037843843682304,probIds,ERP320500994549517669896192,,2025-08-20 13:53:23.000,2025-08-20 13:53:23.000,"0","320500",i,febf373a-7de5-11f0-b4a9-fa163e11a32f,"1",Thu Aug 21 01:35:07 CST 2025,,苏州市
WSE3205001000037844095340544,WS3205001000037843843682304,checkIds,EP320500994540003642052608,,2025-08-20 13:53:23.000,2025-08-20 13:53:23.000,"0","320500",i,febf3763-7de5-11f0-b4a9-fa163e11a32f,"1",Thu Aug 21 01:35:07 CST 2025,,苏州市
WSE3205001000037844107923456,WS3205001000037843843682304,tag1,（苏苏张）应急复查〔2025〕430号,,2025-08-20 13:53:23.000,2025-08-20 13:53:23.000,"0","320500",i,febf378d-7de5-11f0-b4a9-fa163e11a32f,"1",Thu Aug 21 01:35:07 CST 2025,,苏州市
WSE3205001000037844137283584,WS3205001000037843843682304,writTypeName,整改复查意见书,,2025-08-20 13:53:23.000,2025-08-20 13:53:23.000,"0","320500",i,febf37b8-7de5-11f0-b4a9-fa163e11a32f,"1",Thu Aug 21 01:35:07 CST 2025,,苏州市
WSE3205001000039103405756416,WS3205001000039103275732992,tag2,张家港市美泰克机械有限公司,,2025-08-20 13:58:23.000,2025-08-20 13:58:23.000,"0","320500",i,febf396e-7de5-11f0-b4a9-fa163e11a32f,"1",Thu Aug 21 01:35:07 CST 2025,,苏州市
WSE3205001000039103422533632,WS3205001000039103275732992,tag3,"2025年08月05日",,2025-08-20 13:58:23.000,2025-08-20 13:58:23.000,"0","320500",i,febf399c-7de5-11f0-b4a9-fa163e11a32f,"1",Thu Aug 21 01:35:07 CST 2025,,苏州市
WSE3205001000039103443505152,WS3205001000039103275732992,tag4,责令限期整改,,2025-08-20 13:58:23.000,2025-08-20 13:58:23.000,"0","320500",i,febf39c5-7de5-11f0-b4a9-fa163e11a32f,"1",Thu Aug 21 01:35:07 CST 2025,,苏州市
WSE3205001000039103451893760,WS3205001000039103275732992,tag5,（苏苏张）应急责改〔2025〕368号,,2025-08-20 13:58:23.000,2025-08-20 13:58:23.000,"0","320500",i,febf39ed-7de5-11f0-b4a9-fa163e11a32f,"1",Thu Aug 21 01:35:07 CST 2025,,苏州市
WSE3205001000039103460282368,WS3205001000039103275732992,tag6Item,装配车间、原材料车间安全通道的杂物已搬离，保持通畅,,2025-08-20 13:58:23.000,2025-08-20 13:58:23.000,"0","320500",i,febf3a16-7de5-11f0-b4a9-fa163e11a32f,"1",Thu Aug 21 01:35:07 CST 2025,,苏州市
WSE3205001000039103472865280,WS3205001000039103275732992,probIds,ERP320500994550042431852544,,2025-08-20 13:58:23.000,2025-08-20 13:58:23.000,"0","320500",i,febf3a3e-7de5-11f0-b4a9-fa163e11a32f,"1",Thu Aug 21 01:35:07 CST 2025,,苏州市
WSE3205001000039103485448192,WS3205001000039103275732992,checkIds,EP320500994548822581448704,,2025-08-20 13:58:23.000,2025-08-20 13:58:23.000,"0","320500",i,febf3a68-7de5-11f0-b4a9-fa163e11a32f,"1",Thu Aug 21 01:35:07 CST 2025,,苏州市
WSE3205001000039103493836800,WS3205001000039103275732992,tag1,（苏苏张）应急复查〔2025〕431号,,2025-08-20 13:58:23.000,2025-08-20 13:58:23.000,"0","320500",i,febf3a92-7de5-11f0-b4a9-fa163e11a32f,"1",Thu Aug 21 01:35:07 CST 2025,,苏州市
WSE3205001000039103502225408,WS3205001000039103275732992,writTypeName,整改复查意见书,,2025-08-20 13:58:23.000,2025-08-20 13:58:23.000,"0","320500",i,febf3ab9-7de5-11f0-b4a9-fa163e11a32f,"1",Thu Aug 21 01:35:07 CST 2025,,苏州市
WSE3205001000045053818703872,WS3205001000045053671903232,tag2,吴江市易达喷织有限公司,"0",2025-08-20 14:22:02.000,2025-08-20 14:22:02.000,"0","320500",i,febf3b2c-7de5-11f0-b4a9-fa163e11a32f,"1",Thu Aug 21 01:35:07 CST 2025,,苏州市
WSE3205001000045053818703873,WS3205001000045053671903232,tag3,江苏省苏州市吴江区平望镇,"0",2025-08-20 14:22:02.000,2025-08-20 14:22:02.000,"0","320500",i,febf3b5b-7de5-11f0-b4a9-fa163e11a32f,"1",Thu Aug 21 01:35:07 CST 2025,,苏州市
WSE3205001000045053818703874,WS3205001000045053671903232,tag4,严跃明,"0",2025-08-20 14:22:02.000,2025-08-20 14:22:02.000,"0","320500",i,febf3b88-7de5-11f0-b4a9-fa163e11a32f,"1",Thu Aug 21 01:35:07 CST 2025,,苏州市
WSE3205001000045053818703875,WS3205001000045053671903232,tag5,冶金等工贸,"0",2025-08-20 14:22:02.000,2025-08-20 14:22:02.000,"0","320500",i,febf3bb1-7de5-11f0-b4a9-fa163e11a32f,"1",Thu Aug 21 01:35:07 CST 2025,,苏州市
WSE3205001000045053818703876,WS3205001000045053671903232,tag6,"2025年08月20日","0",2025-08-20 14:22:02.000,2025-08-20 14:22:02.000,"0","320500",i,febf3bdc-7de5-11f0-b4a9-fa163e11a32f,"1",Thu Aug 21 01:35:07 CST 2025,,苏州市
WSE3205001000045053818703877,WS3205001000045053671903232,tag62,"2025年08月20日","0",2025-08-20 14:22:02.000,2025-08-20 14:22:02.000,"0","320500",i,febf3c05-7de5-11f0-b4a9-fa163e11a32f,"1",Thu Aug 21 01:35:07 CST 2025,,苏州市
WSE3205001000045053818703878,WS3205001000045053671903232,tag7,张正洪、王海,"0",2025-08-20 14:22:02.000,2025-08-20 14:22:02.000,"0","320500",i,febf3c2e-7de5-11f0-b4a9-fa163e11a32f,"1",Thu Aug 21 01:35:07 CST 2025,,苏州市
WSE3205001000045053818703879,WS3205001000045053671903232,tag9,现场和资料检查,"0",2025-08-20 14:22:02.000,2025-08-20 14:22:02.000,"0","320500",i,febf3c56-7de5-11f0-b4a9-fa163e11a32f,"1",Thu Aug 21 01:35:07 CST 2025,,苏州市
WSE3205001000045053818703881,WS3205001000045053671903232,tag20,计划检查,"0",2025-08-20 14:22:02.000,2025-08-20 14:22:02.000,"0","320500",i,febf3d42-7de5-11f0-b4a9-fa163e11a32f,"1",Thu Aug 21 01:35:07 CST 2025,,苏州市
WSE3205001000045053818703882,WS3205001000045053671903232,tag8Item,是否按规定开展安全生产教育培训并告知有关的安全生产事项（违反《中华人民共和国安全生产法》规定）,"0",2025-08-20 14:22:02.000,2025-08-20 14:22:02.000,"0","320500",i,febf3d6c-7de5-11f0-b4a9-fa163e11a32f,"1",Thu Aug 21 01:35:07 CST 2025,,苏州市
WSE3205001000045053818703883,WS3205001000045053671903232,tag8Item,是否按规定开展安全生产教育培训并告知有关的安全生产事项（违反《江苏省安全生产条例》规定）,"0",2025-08-20 14:22:02.000,2025-08-20 14:22:02.000,"0","320500",i,febf3d96-7de5-11f0-b4a9-fa163e11a32f,"1",Thu Aug 21 01:35:07 CST 2025,,苏州市
WSE3205001000045053818703884,WS3205001000045053671903232,tag8Item,特种作业人员是否按规定经专门的安全作业培训并取得相应资格，上岗作业,"0",2025-08-20 14:22:02.000,2025-08-20 14:22:02.000,"0","320500",i,febf3dc0-7de5-11f0-b4a9-fa163e11a32f,"1",Thu Aug 21 01:35:07 CST 2025,,苏州市
WSE3205001000045053818703885,WS3205001000045053671903232,tag8Item,是否按规定设置安全生产管理机构或者配备安全生产管理人员,"0",2025-08-20 14:22:02.000,2025-08-20 14:22:02.000,"0","320500",i,febf3de9-7de5-11f0-b4a9-fa163e11a32f,"1",Thu Aug 21 01:35:07 CST 2025,,苏州市
WSE3205001000045053818703886,WS3205001000045053671903232,tag8Item,是否为从业人员提供符合国家或行业标准的安全防护用品,"0",2025-08-20 14:22:02.000,2025-08-20 14:22:02.000,"0","320500",i,febf3e12-7de5-11f0-b4a9-fa163e11a32f,"1",Thu Aug 21 01:35:07 CST 2025,,苏州市
WSE3205001000045053818703887,WS3205001000045053671903232,tag8Item,生产经营单位是否按照《江苏省生产经营单位安全风险管理条例》的规定，定期报告较大以上安全风险的,"0",2025-08-20 14:22:02.000,2025-08-20 14:22:02.000,"0","320500",i,febf3e3b-7de5-11f0-b4a9-fa163e11a32f,"1",Thu Aug 21 01:35:07 CST 2025,,苏州市
WSE3205001000045053818703888,WS3205001000045053671903232,tag1,（苏苏江平）应急检查〔2025〕826号,"0",2025-08-20 14:22:02.000,2025-08-20 14:22:02.000,"0","320500",i,febf3e66-7de5-11f0-b4a9-fa163e11a32f,"1",Thu Aug 21 01:35:07 CST 2025,,苏州市
WSE3205001000045280051073024,WS3205001000045053671903232,hearReportDis,"0",,2025-08-20 14:22:56.000,2025-08-20 14:22:56.000,"0","320500",i,febf3e90-7de5-11f0-b4a9-fa163e11a32f,"1",Thu Aug 21 01:35:07 CST 2025,,苏州市
WSE3205001000045522943217664,WS3205001000045053671903232,hearReportDis,"0",,2025-08-20 14:23:54.000,2025-08-20 14:23:54.000,"0","320500",i,febf3eb8-7de5-11f0-b4a9-fa163e11a32f,"1",Thu Aug 21 01:35:07 CST 2025,,苏州市
WSE3205001000045749632765952,WS3205001000045749498548224,tag2,张家港市塘桥盛贤洗烫服务部,"0",2025-08-20 14:24:48.000,2025-08-20 14:24:48.000,"0","320500",i,febf3f76-7de5-11f0-b4a9-fa163e11a32f,"1",Thu Aug 21 01:35:07 CST 2025,,苏州市
WSE3205001000045749632765953,WS3205001000045749498548224,tag3,江苏省苏州市张家港市塘桥镇顾家产业园,"0",2025-08-20 14:24:48.000,2025-08-20 14:24:48.000,"0","320500",i,febf407c-7de5-11f0-b4a9-fa163e11a32f,"1",Thu Aug 21 01:35:07 CST 2025,,苏州市
WSE3205001000045749632765954,WS3205001000045749498548224,tag4,朱伟贤,"0",2025-08-20 14:24:48.000,2025-08-20 14:24:48.000,"0","320500",i,febf40d1-7de5-11f0-b4a9-fa163e11a32f,"1",Thu Aug 21 01:35:07 CST 2025,,苏州市
WSE3205001000045749632765955,WS3205001000045749498548224,tag5,厂长,"0",2025-08-20 14:24:48.000,2025-08-20 14:24:48.000,"0","320500",i,febf41dc-7de5-11f0-b4a9-fa163e11a32f,"1",Thu Aug 21 01:35:07 CST 2025,,苏州市
WSE3205001000045749632765956,WS3205001000045749498548224,tag6,"13706222988","0",2025-08-20 14:24:48.000,2025-08-20 14:24:48.000,"0","320500",i,febf422f-7de5-11f0-b4a9-fa163e11a32f,"1",Thu Aug 21 01:35:07 CST 2025,,苏州市
WSE3205001000045749632765957,WS3205001000045749498548224,tag7,生产车间,"0",2025-08-20 14:24:48.000,2025-08-20 14:24:48.000,"0","320500",i,febf4283-7de5-11f0-b4a9-fa163e11a32f,"1",Thu Aug 21 01:35:07 CST 2025,,苏州市
WSE3205001000045749632765958,WS3205001000045749498548224,tag8,"2025年08月20日13时30分","0",2025-08-20 14:24:48.000,2025-08-20 14:24:48.000,"0","320500",i,febf42b7-7de5-11f0-b4a9-fa163e11a32f,"1",Thu Aug 21 01:35:07 CST 2025,,苏州市
WSE3205001000045749632765959,WS3205001000045749498548224,tag9,"2025年08月20日14时05分","0",2025-08-20 14:24:48.000,2025-08-20 14:24:48.000,"0","320500",i,febf42e4-7de5-11f0-b4a9-fa163e11a32f,"1",Thu Aug 21 01:35:07 CST 2025,,苏州市
WSE3205001000045749632765960,WS3205001000045749498548224,tag10,张家港市塘桥镇综合行政执法和安全生产监督管理办公室二中队,"0",2025-08-20 14:24:48.000,2025-08-20 14:24:48.000,"0","320500",i,febf430e-7de5-11f0-b4a9-fa163e11a32f,"1",Thu Aug 21 01:35:07 CST 2025,,苏州市
WSE3205001000045749632765961,WS3205001000045749498548224,tag11,林辰、陆家祯,"0",2025-08-20 14:24:48.000,2025-08-20 14:24:48.000,"0","320500",i,febf433a-7de5-11f0-b4a9-fa163e11a32f,"1",Thu Aug 21 01:35:07 CST 2025,,苏州市
WSE3205001000045749632765962,WS3205001000045749498548224,tag12,"10050797409、10050797121","0",2025-08-20 14:24:48.000,2025-08-20 14:24:48.000,"0","320500",i,febf4364-7de5-11f0-b4a9-fa163e11a32f,"1",Thu Aug 21 01:35:07 CST 2025,,苏州市
WSE3205001000045749632765963,WS3205001000045749498548224,tag13,"2025年8月20日，我机关执法人员在张家港市塘桥盛贤洗烫服务部厂长朱伟贤的陪同下，对该单位的生产车间和安全生产管理台账资料进行了执法检查，执法检查过程全程录音录像，检查情况如下：","0",2025-08-20 14:24:48.000,2025-08-20 14:24:48.000,"0","320500",i,febf4391-7de5-11f0-b4a9-fa163e11a32f,"1",Thu Aug 21 01:35:07 CST 2025,,苏州市
WSE3205001000045749632765964,WS3205001000045749498548224,tag14Item,已按规定设置安全生产管理机构或者配备安全生产管理人员,"0",2025-08-20 14:24:48.000,2025-08-20 14:24:48.000,"0","320500",i,febf43be-7de5-11f0-b4a9-fa163e11a32f,"1",Thu Aug 21 01:35:07 CST 2025,,苏州市
WSE3205001000045749632765965,WS3205001000045749498548224,tag14Item,已为从业人员提供符合国家或行业标准的安全防护用品,"0",2025-08-20 14:24:48.000,2025-08-20 14:24:48.000,"0","320500",i,febf44db-7de5-11f0-b4a9-fa163e11a32f,"1",Thu Aug 21 01:35:07 CST 2025,,苏州市
WSE3205001000045749632765966,WS3205001000045749498548224,tag14Item,生产经营单位使用被派遣劳动者的，未将被派遣劳动者纳入本单位从业人员统一管理，未对被派遣劳动者进行岗位安全操作规程和安全操作技能的教育和培训（违反《江苏省安全生产条例》规定）,"0",2025-08-20 14:24:48.000,2025-08-20 14:24:48.000,"0","320500",i,febf4508-7de5-11f0-b4a9-fa163e11a32f,"1",Thu Aug 21 01:35:07 CST 2025,,苏州市
WSE3205001000045749632765967,WS3205001000045749498548224,tag1,（苏苏张塘）应急现记〔2025〕688号,"0",2025-08-20 14:24:48.000,2025-08-20 14:24:48.000,"0","320500",i,febf4532-7de5-11f0-b4a9-fa163e11a32f,"1",Thu Aug 21 01:35:07 CST 2025,,苏州市
WSE3205001000050989199265792,WS3205001000050606578077696,tag2,吴江港生丝织有限公司,"0",2025-08-20 14:45:37.000,2025-08-20 14:45:37.000,"0","320500",i,febf470e-7de5-11f0-b4a9-fa163e11a32f,"1",Thu Aug 21 01:35:07 CST 2025,,苏州市
WSE3205001000050989199265793,WS3205001000050606578077696,tag3,江苏省苏州市吴江区吴江高新区（盛泽镇）西二环999号,"0",2025-08-20 14:45:37.000,2025-08-20 14:45:37.000,"0","320500",i,febf473d-7de5-11f0-b4a9-fa163e11a32f,"1",Thu Aug 21 01:35:07 CST 2025,,苏州市
WSE3205001000050989199265794,WS3205001000050606578077696,tag4,徐士元,"0",2025-08-20 14:45:37.000,2025-08-20 14:45:37.000,"0","320500",i,febf4768-7de5-11f0-b4a9-fa163e11a32f,"1",Thu Aug 21 01:35:07 CST 2025,,苏州市
WSE3205001000050989199265795,WS3205001000050606578077696,tag5,总经理,"0",2025-08-20 14:45:37.000,2025-08-20 14:45:37.000,"0","320500",i,febf4791-7de5-11f0-b4a9-fa163e11a32f,"1",Thu Aug 21 01:35:07 CST 2025,,苏州市
WSE3205001000050989199265796,WS3205001000050606578077696,tag6,"139015598929","0",2025-08-20 14:45:37.000,2025-08-20 14:45:37.000,"0","320500",i,febf47bc-7de5-11f0-b4a9-fa163e11a32f,"1",Thu Aug 21 01:35:07 CST 2025,,苏州市
WSE3205001000050989199265797,WS3205001000050606578077696,tag7,车间及仓库,"0",2025-08-20 14:45:37.000,2025-08-20 14:45:37.000,"0","320500",i,febf47e7-7de5-11f0-b4a9-fa163e11a32f,"1",Thu Aug 21 01:35:07 CST 2025,,苏州市
WSE3205001000050989199265798,WS3205001000050606578077696,tag8,"2025年08月20日13时06分","0",2025-08-20 14:45:37.000,2025-08-20 14:45:37.000,"0","320500",i,febf4812-7de5-11f0-b4a9-fa163e11a32f,"1",Thu Aug 21 01:35:07 CST 2025,,苏州市
WSE3205001000050989199265799,WS3205001000050606578077696,tag9,"2025年08月20日14时06分","0",2025-08-20 14:45:37.000,2025-08-20 14:45:37.000,"0","320500",i,febf4841-7de5-11f0-b4a9-fa163e11a32f,"1",Thu Aug 21 01:35:07 CST 2025,,苏州市
WSE3205001000050989199265800,WS3205001000050606578077696,tag10,苏州市吴江区应急管理局,"0",2025-08-20 14:45:37.000,2025-08-20 14:45:37.000,"0","320500",i,febf486b-7de5-11f0-b4a9-fa163e11a32f,"1",Thu Aug 21 01:35:07 CST 2025,,苏州市
WSE3205001000050989199265801,WS3205001000050606578077696,tag11,陈聪、金雨薇,"0",2025-08-20 14:45:37.000,2025-08-20 14:45:37.000,"0","320500",i,febf4895-7de5-11f0-b4a9-fa163e11a32f,"1",Thu Aug 21 01:35:07 CST 2025,,苏州市
WSE3205001000050989199265802,WS3205001000050606578077696,tag12,"10050599267、10050599265","0",2025-08-20 14:45:37.000,2025-08-20 14:45:37.000,"0","320500",i,febf48bf-7de5-11f0-b4a9-fa163e11a32f,"1",Thu Aug 21 01:35:07 CST 2025,,苏州市
WSE3205001000050989199265803,WS3205001000050606578077696,tag13,企业从事喷水喷气加工，主要设备有喷水织机159台，喷气织机72台，整浆并2台，倍捻机39台，员工50人。企业另有厂房进行出租，园区内共有21家租户。对该企业的现场检查情况如下：,"0",2025-08-20 14:45:37.000,2025-08-20 14:45:37.000,"0","320500",i,febf48ee-7de5-11f0-b4a9-fa163e11a32f,"1",Thu Aug 21 01:35:07 CST 2025,,苏州市
WSE3205001000050989199265804,WS3205001000050606578077696,tag14Item,对承包单位、承租单位的安全生产工作统一协调、管理，且定期进行安全检查,"0",2025-08-20 14:45:37.000,2025-08-20 14:45:37.000,"0","320500",i,febf4919-7de5-11f0-b4a9-fa163e11a32f,"1",Thu Aug 21 01:35:07 CST 2025,,苏州市
WSE3205001000050989199265805,WS3205001000050606578077696,tag14Item,查验企业电工的特种作业证，核实特种作业人员已按照规定经专门的安全作业培训并取得相应资格，上岗作业,"0",2025-08-20 14:45:37.000,2025-08-20 14:45:37.000,"0","320500",i,febf4947-7de5-11f0-b4a9-fa163e11a32f,"1",Thu Aug 21 01:35:07 CST 2025,,苏州市
WSE3205001000050989199265806,WS3205001000050606578077696,tag14Item,直接关系生产安全的监控、报警、防护等设施、设备、装置，保证正常运行、使用,"0",2025-08-20 14:45:37.000,2025-08-20 14:45:37.000,"0","320500",i,febf4970-7de5-11f0-b4a9-fa163e11a32f,"1",Thu Aug 21 01:35:07 CST 2025,,苏州市
WSE3205001000050989199265807,WS3205001000050606578077696,tag14Item,企业主要负责人有效建立健全本单位安全生产责任制并对落实情况进行监督考核,"0",2025-08-20 14:45:37.000,2025-08-20 14:45:37.000,"0","320500",i,febf499a-7de5-11f0-b4a9-fa163e11a32f,"1",Thu Aug 21 01:35:07 CST 2025,,苏州市
WSE3205001000050989199265808,WS3205001000050606578077696,tag14Item,已按规定开展安全生产教育培训并告知有关的安全生产事项（违反《中华人民共和国安全生产法》规定）,"0",2025-08-20 14:45:37.000,2025-08-20 14:45:37.000,"0","320500",i,febf49c5-7de5-11f0-b4a9-fa163e11a32f,"1",Thu Aug 21 01:35:07 CST 2025,,苏州市
WSE3205001000050989199265809,WS3205001000050606578077696,tag14Item,已按规定开展安全生产教育培训并告知有关的安全生产事项（违反《江苏省安全生产条例》规定）,"0",2025-08-20 14:45:37.000,2025-08-20 14:45:37.000,"0","320500",i,febf49ef-7de5-11f0-b4a9-fa163e11a32f,"1",Thu Aug 21 01:35:07 CST 2025,,苏州市
WSE3205001000050989199265810,WS3205001000050606578077696,tag14Item,特种作业人员已按规定经专门的安全作业培训并取得相应资格，上岗作业,"0",2025-08-20 14:45:37.000,2025-08-20 14:45:37.000,"0","320500",i,febf4a18-7de5-11f0-b4a9-fa163e11a32f,"1",Thu Aug 21 01:35:07 CST 2025,,苏州市
WSE3205001000050989199265811,WS3205001000050606578077696,tag14Item,已建立健全事故隐患排查制度，采取技术、管理措施，及时发现并消除事故隐患,"0",2025-08-20 14:45:37.000,2025-08-20 14:45:37.000,"0","320500",i,febf4a42-7de5-11f0-b4a9-fa163e11a32f,"1",Thu Aug 21 01:35:07 CST 2025,,苏州市
WSE3205001000050989199265812,WS3205001000050606578077696,tag14Item,已按规定设置安全生产管理机构或者配备安全生产管理人员,"0",2025-08-20 14:45:37.000,2025-08-20 14:45:37.000,"0","320500",i,febf4b05-7de5-11f0-b4a9-fa163e11a32f,"1",Thu Aug 21 01:35:07 CST 2025,,苏州市
WSE3205001000050989199265813,WS3205001000050606578077696,tag14Item,已为从业人员提供符合国家或行业标准的安全防护用品,"0",2025-08-20 14:45:37.000,2025-08-20 14:45:37.000,"0","320500",i,febf4b2f-7de5-11f0-b4a9-fa163e11a32f,"1",Thu Aug 21 01:35:07 CST 2025,,苏州市
WSE3205001000050989199265814,WS3205001000050606578077696,tag14Item,企业不存在关闭、破坏直接关系生产安全的监控、报警、防护、救生设备、设施，或者篡改、隐瞒、销毁其相关数据、信息,"0",2025-08-20 14:45:37.000,2025-08-20 14:45:37.000,"0","320500",i,febf4b5a-7de5-11f0-b4a9-fa163e11a32f,"1",Thu Aug 21 01:35:07 CST 2025,,苏州市
WSE3205001000050989199265815,WS3205001000050606578077696,tag14Item,工业企业建立安全风险辨识管控制度,"0",2025-08-20 14:45:37.000,2025-08-20 14:45:37.000,"0","320500",i,febf4b85-7de5-11f0-b4a9-fa163e11a32f,"1",Thu Aug 21 01:35:07 CST 2025,,苏州市
WSE3205001000050989199265816,WS3205001000050606578077696,tag14Item,工业企业进行较大以上安全风险公示或者设置重大安全风险警示牌,"0",2025-08-20 14:45:37.000,2025-08-20 14:45:37.000,"0","320500",i,febf4bb0-7de5-11f0-b4a9-fa163e11a32f,"1",Thu Aug 21 01:35:07 CST 2025,,苏州市
WSE3205001000050989199265817,WS3205001000050606578077696,tag14Item,工业企业将安全风险管控纳入年度安全生产教育培训计划或者已组织实施,"0",2025-08-20 14:45:37.000,2025-08-20 14:45:37.000,"0","320500",i,febf4bda-7de5-11f0-b4a9-fa163e11a32f,"1",Thu Aug 21 01:35:07 CST 2025,,苏州市
WSE3205001000050989199265818,WS3205001000050606578077696,tag14Item,生产经营单位已按照《江苏省生产经营单位安全风险管理条例》的规定，定期报告较大以上安全风险的,"0",2025-08-20 14:45:37.000,2025-08-20 14:45:37.000,"0","320500",i,febf4c05-7de5-11f0-b4a9-fa163e11a32f,"1",Thu Aug 21 01:35:07 CST 2025,,苏州市
WSE3205001000050989199265819,WS3205001000050606578077696,tag14Item,工业企业建立安全风险档案,"0",2025-08-20 14:45:37.000,2025-08-20 14:45:37.000,"0","320500",i,febf4c2e-7de5-11f0-b4a9-fa163e11a32f,"1",Thu Aug 21 01:35:07 CST 2025,,苏州市
WSE3205001000053046291468293,WS3205001000052502579646464,tag7,生产车间,"0",2025-08-20 14:53:47.000,2025-08-20 14:53:47.000,"0","320500",i,fec837fd-7de5-11f0-b4a9-fa163e11a32f,"1",Thu Aug 21 01:35:07 CST 2025,,苏州市
WSE3205001000050989199265820,WS3205001000050606578077696,tag14Item,生产经营单位与承包单位、承租单位签订专门的安全生产管理协议且在承包合同、租赁合同中明确各自的安全生产管理职责，对承包单位、承租单位的安全生产工作统一协调、管理,"0",2025-08-20 14:45:37.000,2025-08-20 14:45:37.000,"0","320500",i,febf4c97-7de5-11f0-b4a9-fa163e11a32f,"1",Thu Aug 21 01:35:07 CST 2025,,苏州市
WSE3205001000050989199265821,WS3205001000050606578077696,tag14Item,生产经营单位未使用被派遣劳动者的，督促企业将派遣劳动者纳入本单位从业人员统一管理，并对被派遣劳动者进行岗位安全操作规程和安全操作技能的教育和培训,"0",2025-08-20 14:45:37.000,2025-08-20 14:45:37.000,"0","320500",i,fec82ce3-7de5-11f0-b4a9-fa163e11a32f,"1",Thu Aug 21 01:35:07 CST 2025,,苏州市
WSE3205001000050989199265822,WS3205001000050606578077696,tag14Item,整浆并设备已安装红外急停装置,"0",2025-08-20 14:45:37.000,2025-08-20 14:45:37.000,"0","320500",i,fec82da1-7de5-11f0-b4a9-fa163e11a32f,"1",Thu Aug 21 01:35:07 CST 2025,,苏州市
WSE3205001000050989199265823,WS3205001000050606578077696,tag14Item,喷水三车间西侧的配电柜上未张贴小心触电的警示标志，标准依据：GB 2894-2008《安全标志及其使用导则》表 2-7 条：当心触电;,"0",2025-08-20 14:45:37.000,2025-08-20 14:45:37.000,"0","320500",i,fec82e04-7de5-11f0-b4a9-fa163e11a32f,"1",Thu Aug 21 01:35:07 CST 2025,,苏州市
WSE3205001000050989199265824,WS3205001000050606578077696,tag14Item,一楼喷气车间旁的穿综扒扣处未使用36V以下安全电压，标准依据：《纺织工业企业安全管理规范》AQ7002-2007 第 11.2.7.7 第二款：穿筘架照明灯具及吸停经片器应当采用安全电压;,"0",2025-08-20 14:45:37.000,2025-08-20 14:45:37.000,"0","320500",i,fec82e5e-7de5-11f0-b4a9-fa163e11a32f,"1",Thu Aug 21 01:35:07 CST 2025,,苏州市
WSE3205001000050989199265825,WS3205001000050606578077696,tag14Item,"二楼倍捻车间西侧的配电柜周边堆放易燃可燃物，标准依据：GB/T13869-2017《用电安全导则》第5.1.1条一般条件下,用电产品的周围应留有足够的安全通道和工作空间,且不应堆放易燃、易爆和腐蚀性物品。","0",2025-08-20 14:45:37.000,2025-08-20 14:45:37.000,"0","320500",i,fec82ec2-7de5-11f0-b4a9-fa163e11a32f,"1",Thu Aug 21 01:35:07 CST 2025,,苏州市
WSE3205001000050989199265826,WS3205001000050606578077696,tag14Item,喷水三车间西南侧的一处出口缺少安全出口标识及应急照明灯，标准依据：《纺织工业企业安全管理规范》AQ7002-2007 14.3.8,"0",2025-08-20 14:45:37.000,2025-08-20 14:45:37.000,"0","320500",i,fec82f22-7de5-11f0-b4a9-fa163e11a32f,"1",Thu Aug 21 01:35:07 CST 2025,,苏州市
WSE3205001000050989199265827,WS3205001000050606578077696,tag1,（苏苏江）应急现记〔2025〕833号,"0",2025-08-20 14:45:37.000,2025-08-20 14:45:37.000,"0","320500",i,fec8312c-7de5-11f0-b4a9-fa163e11a32f,"1",Thu Aug 21 01:35:07 CST 2025,,苏州市
WSE3205001000051221282689024,WS3205001000051221106528256,tag3Item,喷水三车间西侧的配电柜上未张贴小心触电的警示标志，标准依据：GB 2894-2008《安全标志及其使用导则》表 2-7 条：当心触电;,,2025-08-20 14:46:32.000,2025-08-20 14:46:32.000,"0","320500",i,fec83284-7de5-11f0-b4a9-fa163e11a32f,"1",Thu Aug 21 01:35:07 CST 2025,,苏州市
WSE3205001000051221295271936,WS3205001000051221106528256,tag3Item,一楼喷气车间旁的穿综扒扣处未使用36V以下安全电压，标准依据：《纺织工业企业安全管理规范》AQ7002-2007 第 11.2.7.7 第二款：穿筘架照明灯具及吸停经片器应当采用安全电压;,,2025-08-20 14:46:32.000,2025-08-20 14:46:32.000,"0","320500",i,fec832e9-7de5-11f0-b4a9-fa163e11a32f,"1",Thu Aug 21 01:35:07 CST 2025,,苏州市
WSE3205001000051221307854848,WS3205001000051221106528256,tag3Item,"二楼倍捻车间西侧的配电柜周边堆放易燃可燃物，标准依据：GB/T13869-2017《用电安全导则》第5.1.1条一般条件下,用电产品的周围应留有足够的安全通道和工作空间,且不应堆放易燃、易爆和腐蚀性物品。",,2025-08-20 14:46:32.000,2025-08-20 14:46:32.000,"0","320500",i,fec8332f-7de5-11f0-b4a9-fa163e11a32f,"1",Thu Aug 21 01:35:07 CST 2025,,苏州市
WSE3205001000051221320437760,WS3205001000051221106528256,tag3Item,喷水三车间西南侧的一处出口缺少安全出口标识及应急照明灯，标准依据：《纺织工业企业安全管理规范》AQ7002-2007 14.3.8,,2025-08-20 14:46:32.000,2025-08-20 14:46:32.000,"0","320500",i,fec83360-7de5-11f0-b4a9-fa163e11a32f,"1",Thu Aug 21 01:35:07 CST 2025,,苏州市
WSE3205001000051221328826368,WS3205001000051221106528256,tag2,吴江港生丝织有限公司,,2025-08-20 14:46:32.000,2025-08-20 14:46:32.000,"0","320500",i,fec8338f-7de5-11f0-b4a9-fa163e11a32f,"1",Thu Aug 21 01:35:07 CST 2025,,苏州市
WSE3205001000051221345603584,WS3205001000051221106528256,tag6,苏州市吴江区人民政府,,2025-08-20 14:46:32.000,2025-08-20 14:46:32.000,"0","320500",i,fec83564-7de5-11f0-b4a9-fa163e11a32f,"1",Thu Aug 21 01:35:07 CST 2025,,苏州市
WSE3205001000051221353992192,WS3205001000051221106528256,tag7,,,2025-08-20 14:46:32.000,2025-08-20 14:46:32.000,"0","320500",i,fec83592-7de5-11f0-b4a9-fa163e11a32f,"1",Thu Aug 21 01:35:07 CST 2025,,苏州市
WSE3205001000051221362380800,WS3205001000051221106528256,tag8,苏州市吴中区人民法院,,2025-08-20 14:46:32.000,2025-08-20 14:46:32.000,"0","320500",i,fec835bf-7de5-11f0-b4a9-fa163e11a32f,"1",Thu Aug 21 01:35:07 CST 2025,,苏州市
WSE3205001000051221379158016,WS3205001000051221106528256,entity1-col1,"1、2、3、4",,2025-08-20 14:46:32.000,2025-08-20 14:46:32.000,"0","320500",i,fec835ec-7de5-11f0-b4a9-fa163e11a32f,"1",Thu Aug 21 01:35:07 CST 2025,,苏州市
WSE3205001000051221387546624,WS3205001000051221106528256,entity1-col2,"2025年09月19日",,2025-08-20 14:46:32.000,2025-08-20 14:46:32.000,"0","320500",i,fec83618-7de5-11f0-b4a9-fa163e11a32f,"1",Thu Aug 21 01:35:07 CST 2025,,苏州市
WSE3205001000051221408518144,WS3205001000051221106528256,tag1,（苏苏江）应急责改〔2025〕581号,,2025-08-20 14:46:32.000,2025-08-20 14:46:32.000,"0","320500",i,fec83648-7de5-11f0-b4a9-fa163e11a32f,"1",Thu Aug 21 01:35:07 CST 2025,,苏州市
WSE3205001000051221421101056,WS3205001000051221106528256,writTypeName,责令限期整改指令书,,2025-08-20 14:46:32.000,2025-08-20 14:46:32.000,"0","320500",i,fec83676-7de5-11f0-b4a9-fa163e11a32f,"1",Thu Aug 21 01:35:07 CST 2025,,苏州市
WSE3205001000053046291468288,WS3205001000052502579646464,tag2,张家港市索纳服装有限公司,"0",2025-08-20 14:53:47.000,2025-08-20 14:53:47.000,"0","320500",i,fec8370d-7de5-11f0-b4a9-fa163e11a32f,"1",Thu Aug 21 01:35:07 CST 2025,,苏州市
WSE3205001000053046291468289,WS3205001000052502579646464,tag3,江苏省苏州市张家港市大新镇,"0",2025-08-20 14:53:47.000,2025-08-20 14:53:47.000,"0","320500",i,fec83741-7de5-11f0-b4a9-fa163e11a32f,"1",Thu Aug 21 01:35:07 CST 2025,,苏州市
WSE3205001000053046291468290,WS3205001000052502579646464,tag4,秦国华,"0",2025-08-20 14:53:47.000,2025-08-20 14:53:47.000,"0","320500",i,fec83777-7de5-11f0-b4a9-fa163e11a32f,"1",Thu Aug 21 01:35:07 CST 2025,,苏州市
WSE3205001000053046291468291,WS3205001000052502579646464,tag5,总经理,"0",2025-08-20 14:53:47.000,2025-08-20 14:53:47.000,"0","320500",i,fec837a3-7de5-11f0-b4a9-fa163e11a32f,"1",Thu Aug 21 01:35:07 CST 2025,,苏州市
WSE3205001000053046291468292,WS3205001000052502579646464,tag6,"13901727158","0",2025-08-20 14:53:47.000,2025-08-20 14:53:47.000,"0","320500",i,fec837cf-7de5-11f0-b4a9-fa163e11a32f,"1",Thu Aug 21 01:35:07 CST 2025,,苏州市
WSE3205001000053046291468294,WS3205001000052502579646464,tag8,"2025年08月20日14时19分","0",2025-08-20 14:53:47.000,2025-08-20 14:53:47.000,"0","320500",i,fec8382a-7de5-11f0-b4a9-fa163e11a32f,"1",Thu Aug 21 01:35:07 CST 2025,,苏州市
WSE3205001000053046291468295,WS3205001000052502579646464,tag9,"2025年08月20日14时50分","0",2025-08-20 14:53:47.000,2025-08-20 14:53:47.000,"0","320500",i,fec83858-7de5-11f0-b4a9-fa163e11a32f,"1",Thu Aug 21 01:35:07 CST 2025,,苏州市
WSE3205001000053046291468296,WS3205001000052502579646464,tag10,张家港市应急管理局,"0",2025-08-20 14:53:47.000,2025-08-20 14:53:47.000,"0","320500",i,fec83884-7de5-11f0-b4a9-fa163e11a32f,"1",Thu Aug 21 01:35:07 CST 2025,,苏州市
WSE3205001000053046291468297,WS3205001000052502579646464,tag11,庄运、高秋虎,"0",2025-08-20 14:53:47.000,2025-08-20 14:53:47.000,"0","320500",i,fec838b1-7de5-11f0-b4a9-fa163e11a32f,"1",Thu Aug 21 01:35:07 CST 2025,,苏州市
WSE3205001000053046291468298,WS3205001000052502579646464,tag12,"10050709035、10050724064","0",2025-08-20 14:53:47.000,2025-08-20 14:53:47.000,"0","320500",i,fec838df-7de5-11f0-b4a9-fa163e11a32f,"1",Thu Aug 21 01:35:07 CST 2025,,苏州市
WSE3205001000053046291468299,WS3205001000052502579646464,tag13,"2025年8月20日下午，张家港市应急管理局执法人员对位于张家港市大新镇新业路6号4楼的张家港市索纳服装有限公司开展计划检查，由该单位厂长徐申德陪同，全程录音录像。经查，该单位从事服装加工，共有员工15人。主要设备有缝纫机、裁剪机。","0",2025-08-20 14:53:47.000,2025-08-20 14:53:47.000,"0","320500",i,fec83912-7de5-11f0-b4a9-fa163e11a32f,"1",Thu Aug 21 01:35:07 CST 2025,,苏州市
WSE3205001000053046291468300,WS3205001000052502579646464,tag14Item,已配备兼职安全生产管理人员（徐子敬421127198912255219）,"0",2025-08-20 14:53:47.000,2025-08-20 14:53:47.000,"0","320500",i,fec83941-7de5-11f0-b4a9-fa163e11a32f,"1",Thu Aug 21 01:35:07 CST 2025,,苏州市
WSE3205001000053046291468301,WS3205001000052502579646464,tag14Item,已为从业人员提供安全防护用品（防割手套）,"0",2025-08-20 14:53:47.000,2025-08-20 14:53:47.000,"0","320500",i,fec8396e-7de5-11f0-b4a9-fa163e11a32f,"1",Thu Aug 21 01:35:07 CST 2025,,苏州市
WSE3205001000053046291468302,WS3205001000052502579646464,tag1,（苏苏张）应急现记〔2025〕689号,"0",2025-08-20 14:53:47.000,2025-08-20 14:53:47.000,"0","320500",i,fec839eb-7de5-11f0-b4a9-fa163e11a32f,"1",Thu Aug 21 01:35:07 CST 2025,,苏州市
WSE3205001000053529206853632,WS3205001000053529089413120,tag2,吴江市易达喷织有限公司,"0",2025-08-20 14:55:42.000,2025-08-20 14:55:42.000,"0","320500",i,fec83a74-7de5-11f0-b4a9-fa163e11a32f,"1",Thu Aug 21 01:35:07 CST 2025,,苏州市
WSE3205001000053529206853633,WS3205001000053529089413120,tag3,江苏省苏州市吴江区平望镇,"0",2025-08-20 14:55:42.000,2025-08-20 14:55:42.000,"0","320500",i,fec83aa2-7de5-11f0-b4a9-fa163e11a32f,"1",Thu Aug 21 01:35:07 CST 2025,,苏州市
WSE3205001000053529206853634,WS3205001000053529089413120,tag4,严跃明,"0",2025-08-20 14:55:42.000,2025-08-20 14:55:42.000,"0","320500",i,fec83acd-7de5-11f0-b4a9-fa163e11a32f,"1",Thu Aug 21 01:35:07 CST 2025,,苏州市
WSE3205001000053529206853635,WS3205001000053529089413120,tag5,法定代表人,"0",2025-08-20 14:55:42.000,2025-08-20 14:55:42.000,"0","320500",i,fec83bb9-7de5-11f0-b4a9-fa163e11a32f,"1",Thu Aug 21 01:35:07 CST 2025,,苏州市
WSE3205001000053529206853636,WS3205001000053529089413120,tag6,"13506256158","0",2025-08-20 14:55:42.000,2025-08-20 14:55:42.000,"0","320500",i,fec83beb-7de5-11f0-b4a9-fa163e11a32f,"1",Thu Aug 21 01:35:07 CST 2025,,苏州市
WSE3205001000053529206853637,WS3205001000053529089413120,tag7,喷水车间、配电间,"0",2025-08-20 14:55:42.000,2025-08-20 14:55:42.000,"0","320500",i,fec83c1b-7de5-11f0-b4a9-fa163e11a32f,"1",Thu Aug 21 01:35:07 CST 2025,,苏州市
WSE3205001000053529206853638,WS3205001000053529089413120,tag8,"2025年08月20日13时39分","0",2025-08-20 14:55:42.000,2025-08-20 14:55:42.000,"0","320500",i,fec83c47-7de5-11f0-b4a9-fa163e11a32f,"1",Thu Aug 21 01:35:07 CST 2025,,苏州市
WSE3205001000053529206853639,WS3205001000053529089413120,tag9,"2025年08月20日14时43分","0",2025-08-20 14:55:42.000,2025-08-20 14:55:42.000,"0","320500",i,fec83c74-7de5-11f0-b4a9-fa163e11a32f,"1",Thu Aug 21 01:35:07 CST 2025,,苏州市
WSE3205001000053529206853640,WS3205001000053529089413120,tag10,苏州市吴江区应急管理局,"0",2025-08-20 14:55:42.000,2025-08-20 14:55:42.000,"0","320500",i,fec83c9e-7de5-11f0-b4a9-fa163e11a32f,"1",Thu Aug 21 01:35:07 CST 2025,,苏州市
WSE3205001000053529206853641,WS3205001000053529089413120,tag11,张正洪、王海,"0",2025-08-20 14:55:42.000,2025-08-20 14:55:42.000,"0","320500",i,fec83ccc-7de5-11f0-b4a9-fa163e11a32f,"1",Thu Aug 21 01:35:07 CST 2025,,苏州市
WSE3205001000053529206853642,WS3205001000053529089413120,tag12,"10050599288、10050599580","0",2025-08-20 14:55:42.000,2025-08-20 14:55:42.000,"0","320500",i,fec83cfe-7de5-11f0-b4a9-fa163e11a32f,"1",Thu Aug 21 01:35:07 CST 2025,,苏州市
WSE3205001000053529206853643,WS3205001000053529089413120,tag13,企业主要从事纺织生产，现有员工约20人，主要涉及喷水工艺，本次主要针对企业安全生产进行检查，发现问题如下,"0",2025-08-20 14:55:42.000,2025-08-20 14:55:42.000,"0","320500",i,fec83d31-7de5-11f0-b4a9-fa163e11a32f,"1",Thu Aug 21 01:35:07 CST 2025,,苏州市
WSE3205001000053529206853644,WS3205001000053529089413120,tag14Item,油品未设置防泄漏装置托盘，标准依据：GB / T 33000-2016   5.4.2.1,"0",2025-08-20 14:55:42.000,2025-08-20 14:55:42.000,"0","320500",i,fec83d60-7de5-11f0-b4a9-fa163e11a32f,"1",Thu Aug 21 01:35:07 CST 2025,,苏州市
WSE3205001000053529206853645,WS3205001000053529089413120,tag14Item,配电间动力柜未张贴安全警示标识，标准依据：《中华人民共和国安全生产法》第三十五条,"0",2025-08-20 14:55:42.000,2025-08-20 14:55:42.000,"0","320500",i,fec83d8d-7de5-11f0-b4a9-fa163e11a32f,"1",Thu Aug 21 01:35:07 CST 2025,,苏州市
WSE3205001000053529206853646,WS3205001000053529089413120,tag14Item,车间消防疏散通道被其他杂物占据，标准依据：《中华人民共和国消防法》第二十八条,"0",2025-08-20 14:55:42.000,2025-08-20 14:55:42.000,"0","320500",i,fec83dbb-7de5-11f0-b4a9-fa163e11a32f,"1",Thu Aug 21 01:35:07 CST 2025,,苏州市
WSE3205001000053529206853647,WS3205001000053529089413120,tag1,（苏苏江平）应急现记〔2025〕834号,"0",2025-08-20 14:55:42.000,2025-08-20 14:55:42.000,"0","320500",i,fec83deb-7de5-11f0-b4a9-fa163e11a32f,"1",Thu Aug 21 01:35:07 CST 2025,,苏州市
WSE3205001000054057336836096,WS3205001000054057072594944,entity1_tag2,http://180.108.205.123:8086/aj/writ/accessory/downLoadByImg?accessoryId=FILE3205001000047663959248896&token=466b0e76230cd8ea6369d822c86e3db6 ,,2025-08-20 14:57:48.000,2025-08-20 14:57:48.000,"0","320500",i,fec83e7e-7de5-11f0-b4a9-fa163e11a32f,"1",Thu Aug 21 01:35:07 CST 2025,,苏州市
WSE3205001000054057357807616,WS3205001000054057072594944,entity1_tag3,"1",,2025-08-20 14:57:48.000,2025-08-20 14:57:48.000,"0","320500",i,fec83eac-7de5-11f0-b4a9-fa163e11a32f,"1",Thu Aug 21 01:35:07 CST 2025,,苏州市
WSE3205001000054057382973440,WS3205001000054057072594944,entity1_tag4,false,,2025-08-20 14:57:48.000,2025-08-20 14:57:48.000,"0","320500",i,fec83ed7-7de5-11f0-b4a9-fa163e11a32f,"1",Thu Aug 21 01:35:07 CST 2025,,苏州市
