附件id,附件类型,附件名称,原文件名,最后修改时间,最后执行修改事务人id,附件路径,页码大小,数据导入类型，是否是本系统生成的数据 默认0 ,创建时间,是否是本地文件 0-否  1-是 ,地区编码,操作类型,uuid,是否是本地文件, 地区编码
BOOK_ACCESSORYID,.zip,操作手册.zip,,4/6/2022 20:33,1,/opt/data-new/file//3205/320500/2022/4/sync/BOOK_ACCESSORYID.zip,1,320500,8/5/2020 21:59,1,320500,u,6b1f5d9d-b302-11eb-bca6-fa163e11a32f,,苏州市
FILE320500280293417139834880,.pdf,（苏苏相）应急检查〔2020〕1号.pdf,,12/6/2024 20:21,USER3205196,/opt/data-new/file//3205/320507/2020/3/writ/WS320500280293408369545216.pdf,1,320500,8/5/2020 21:59,1,320500,i,b1d5c0a8-f220-11eb-bca6-fa163e11a32f,,苏州市
FILE320500280310764944756736,.doc,（苏苏相）应急立〔2020〕1号.doc,,12/6/2024 20:21,USER3205196,/opt/data-new/tmp//3205/320507/2020/3/writ/WS320500280310763023765504.doc,1,320500,8/5/2020 21:59,1,320500,i,c9d98887-2b7d-11ec-b626-fa163e11a32f,,苏州市
FILE320500280310764965728256,.pdf,（苏苏相）应急立〔2020〕1号.pdf,,12/6/2024 20:21,USER3205196,/opt/data-new/file//3205/320507/2020/3/writ/WS320500280310763023765504.pdf,1,320500,8/5/2020 21:59,1,320500,i,c9d98898-2b7d-11ec-b626-fa163e11a32f,,苏州市
FILE320500280311849159757824,.doc,（苏苏相）应急立〔2020〕1号.doc,,12/6/2024 20:21,USER3205196,/opt/data-new/tmp//3205/320507/2020/3/writ/FILE320500280311849159757824.doc,1,320500,8/5/2020 21:59,1,320500,i,c9d988d2-2b7d-11ec-b626-fa163e11a32f,,苏州市
FILE320500280311849176535040,.pdf,（苏苏相）应急立〔2020〕1号.pdf,,12/6/2024 20:21,USER3205196,/opt/data-new/file//3205/320507/2020/3/writ/FILE320500280311849176535040.pdf,1,320500,8/5/2020 21:59,1,320500,i,c9d988e3-2b7d-11ec-b626-fa163e11a32f,,苏州市
FILE320500280311901882159104,.doc,（苏苏相）应急立〔2020〕1号.doc,,12/6/2024 20:21,USER3205196,/opt/data-new/tmp//3205/320507/2020/3/writ/FILE320500280311901882159104.doc,1,320500,8/5/2020 21:59,1,320500,i,c9d988f5-2b7d-11ec-b626-fa163e11a32f,,苏州市
FILE320500280311901894742016,.pdf,（苏苏相）应急立〔2020〕1号.pdf,,12/6/2024 20:21,USER3205196,/opt/data-new/file//3205/320507/2020/3/writ/FILE320500280311901894742016.pdf,1,320500,8/5/2020 21:59,1,320500,i,c9d98909-2b7d-11ec-b626-fa163e11a32f,,苏州市
FILE320500280312170061762560,.pdf,（苏苏相）应急立〔2020〕1号.pdf,,12/6/2024 19:21,USER3205196,/opt/data-new/file//3205/320507/2020/3/writ/FILE320500280312170061762560.pdf,1,320500,8/5/2020 21:59,1,320500,i,c9d9891a-2b7d-11ec-b626-fa163e11a32f,,苏州市
FILE320500280316343050309632,.docx,标点符号.docx,,12/6/2024 20:21,"USER3205013
",/opt/data-new/file//3205/320571/2020/3/other/标点符号.docx,1,320500,8/5/2020 21:59,1,320500,i,c9d9892f-2b7d-11ec-b626-fa163e11a32f,,苏州市
FILE320500280316469223362560,.doc,（苏苏园）应急立〔2020〕1号.doc,,12/6/2024 19:21,"USER3205013
",/opt/data-new/tmp//3205/320571/2020/3/writ/WS320500280316468585828352.doc,1,320500,8/5/2020 21:59,1,320500,i,c9d98942-2b7d-11ec-b626-fa163e11a32f,,苏州市
FILE320500280316469231751168,.pdf,（苏苏园）应急立〔2020〕1号.pdf,,12/6/2024 20:21,"USER3205013
",/opt/data-new/file//3205/320571/2020/3/writ/WS320500280316468585828352.pdf,1,320500,8/5/2020 21:59,1,320500,i,c9d98952-2b7d-11ec-b626-fa163e11a32f,,苏州市
FILE320500280316725478559744,.pdf,（苏苏园）应急立〔2020〕1号.pdf,,12/6/2024 20:21,"USER3205013
",/opt/data-new/file//3205/320571/2020/3/writ/FILE320500280316725478559744.pdf,1,320500,8/5/2020 21:59,1,320500,i,b1d5c121-f220-11eb-bca6-fa163e11a32f,,苏州市
FILE320500280351092485656576,.doc,（苏苏高）应急检查〔2020〕1号.doc,,12/6/2024 20:21,USER3205071,/opt/data-new/tmp//3205/320505/2020/3/writ/WS320500280351091801985024.doc,1,320500,8/5/2020 21:59,1,320500,i,c9d98978-2b7d-11ec-b626-fa163e11a32f,,苏州市
FILE320500280351092502433792,.pdf,（苏苏高）应急检查〔2020〕1号.pdf,,12/6/2024 20:21,USER3205071,/opt/data-new/file//3205/320505/2020/3/writ/WS320500280351091801985024.pdf,1,320500,8/5/2020 21:59,1,320500,i,c9d98989-2b7d-11ec-b626-fa163e11a32f,,苏州市
FILE320500280351678715138048,.doc,（苏苏高）应急检查〔2020〕1号.doc,,12/6/2024 20:21,USER3205071,/opt/data-new/tmp//3205/320505/2020/3/writ/FILE320500280351678715138048.doc,1,320500,8/5/2020 21:59,1,320500,i,c9d9899b-2b7d-11ec-b626-fa163e11a32f,,苏州市
FILE320500280351678727720960,.pdf,（苏苏高）应急检查〔2020〕1号.pdf,,12/6/2024 19:21,USER3205071,/opt/data-new/file//3205/320505/2020/3/writ/FILE320500280351678727720960.pdf,1,320500,8/5/2020 21:59,1,320500,i,c9d989ad-2b7d-11ec-b626-fa163e11a32f,,苏州市
FILE320500280351992109338624,.doc,（苏苏高）应急立〔2020〕1号.doc,,12/6/2024 19:21,USER3205065,/opt/data-new/tmp//3205/320505/2020/3/writ/WS320500280351991626993664.doc,1,320500,8/5/2020 21:59,1,320500,i,c9d989bf-2b7d-11ec-b626-fa163e11a32f,,苏州市
FILE320500280351992117727232,.pdf,（苏苏高）应急立〔2020〕1号.pdf,,12/6/2024 19:21,USER3205065,/opt/data-new/file//3205/320505/2020/3/writ/WS320500280351991626993664.pdf,1,320500,8/5/2020 21:59,1,320500,i,c9d989d1-2b7d-11ec-b626-fa163e11a32f,,苏州市
FILE320500280352473065984000,.pdf,（苏苏高）应急检查〔2020〕1号.pdf,,12/6/2024 19:21,USER3205071,/opt/data-new/file//3205/320505/2020/3/writ/FILE320500280352473065984000.pdf,1,320500,8/5/2020 21:59,1,320500,i,b1d5c164-f220-11eb-bca6-fa163e11a32f,,苏州市
FILE320500280352481488146432,.pdf,（苏苏高）应急立〔2020〕1号.pdf,,12/6/2024 19:21,USER3205065,/opt/data-new/file//3205/320505/2020/3/writ/FILE320500280352481488146432.pdf,1,320500,8/5/2020 21:59,1,320500,i,b1d5c176-f220-11eb-bca6-fa163e11a32f,,苏州市
FILE320500280352589659246592,.pdf,新文档 2020-03-13 15.07.25_20200313150756.pdf,,12/6/2024 19:21,USER3205284,/opt/data-new/file//3205/320581/2020/3/other/新文档 2020-03-13 15.07.25_20200313150756.pdf,1,320500,8/5/2020 21:59,1,320500,i,c9d98a05-2b7d-11ec-b626-fa163e11a32f,,苏州市
FILE320500280352845511790592,.doc,（苏苏相）应急检查〔2020〕2号.doc,,12/6/2024 19:21,USER3205198,/opt/data-new/tmp//3205/320507/2020/3/writ/WS320500280352844689707008.doc,1,320500,8/5/2020 21:59,1,320500,i,c9d98a17-2b7d-11ec-b626-fa163e11a32f,,苏州市
FILE320500280352845520179200,.pdf,（苏苏相）应急检查〔2020〕2号.pdf,,12/6/2024 19:21,USER3205198,/opt/data-new/file//3205/320507/2020/3/writ/WS320500280352844689707008.pdf,1,320500,8/5/2020 21:59,1,320500,i,c9d98a28-2b7d-11ec-b626-fa163e11a32f,,苏州市
FILE320500280352992769609728,.doc,（苏苏常）应急立〔2020〕1号.doc,,12/6/2024 19:21,USER3205284,/opt/data-new/tmp//3205/320581/2020/3/writ/WS320500280352992299847680.doc,1,320500,8/5/2020 21:59,1,320500,i,c9d98a3d-2b7d-11ec-b626-fa163e11a32f,,苏州市
FILE320500280352992782192640,.pdf,（苏苏常）应急立〔2020〕1号.pdf,,12/6/2024 19:21,USER3205284,/opt/data-new/file//3205/320581/2020/3/writ/WS320500280352992299847680.pdf,1,320500,8/5/2020 21:59,1,320500,i,c9d98a4f-2b7d-11ec-b626-fa163e11a32f,,苏州市
FILE320500280353078702510080,.pdf,（苏苏高）应急检查〔2020〕2号.pdf,,12/6/2024 19:21,USER3205065,/opt/data-new/file//3205/320505/2020/3/writ/WS320500280353078220165120.pdf,1,320500,8/5/2020 21:59,1,320500,i,b1d5c1be-f220-11eb-bca6-fa163e11a32f,,苏州市
FILE320500280353126312054784,.doc,（苏苏常）应急立〔2020〕1号.doc,,12/6/2024 19:21,USER3205284,/opt/data-new/tmp//3205/320581/2020/3/writ/FILE320500280353126312054784.doc,1,320500,8/5/2020 21:59,1,320500,i,c9d98a73-2b7d-11ec-b626-fa163e11a32f,,苏州市
FILE320500280353126341414912,.pdf,（苏苏常）应急立〔2020〕1号.pdf,,12/6/2024 19:21,USER3205284,/opt/data-new/file//3205/320581/2020/3/writ/FILE320500280353126341414912.pdf,1,320500,8/5/2020 21:59,1,320500,i,c9d98a85-2b7d-11ec-b626-fa163e11a32f,,苏州市
FILE320500280353688826941440,.pdf,（苏苏常）应急检查〔2020〕1号.pdf,,12/6/2024 19:21,USER3205278,/opt/data-new/file//3205/320581/2020/3/writ/WS320500280353688369762304.pdf,1,320500,8/5/2020 21:59,1,320500,i,c9d98a95-2b7d-11ec-b626-fa163e11a32f,,苏州市
FILE320500280354347991175168,.jpg,微信图片_20190401155343.jpg,,12/6/2024 19:21,USER3205281,/opt/data-new/file//3205/320581/2020/3/other/微信图片_20190401155343.jpg,1,320500,8/5/2020 21:59,1,320500,i,c9d98aa7-2b7d-11ec-b626-fa163e11a32f,,苏州市
FILE320500280354401632129024,.doc,（苏苏常）应急立〔2020〕1号.doc,,12/6/2024 19:21,USER3205284,/opt/data-new/tmp//3205/320581/2020/3/writ/FILE320500280354401632129024.doc,1,320500,8/5/2020 21:59,1,320500,i,c9d98aba-2b7d-11ec-b626-fa163e11a32f,,苏州市
FILE320500280354401644711936,.pdf,（苏苏常）应急立〔2020〕1号.pdf,,12/6/2024 19:21,USER3205284,/opt/data-new/file//3205/320581/2020/3/writ/FILE320500280354401644711936.pdf,1,320500,8/5/2020 21:59,1,320500,i,c9d98acc-2b7d-11ec-b626-fa163e11a32f,,苏州市
FILE320500280354425048928256,.jpg,微信图片_20190401155358.jpg,,12/6/2024 19:21,USER3205281,/opt/data-new/file//3205/320581/2020/3/other/微信图片_20190401155358.jpg,1,320500,8/5/2020 21:59,1,320500,i,c9d98ade-2b7d-11ec-b626-fa163e11a32f,,苏州市
FILE320500280354459958120448,.jpg,微信图片_20190401155352.jpg,,12/6/2024 19:21,USER3205281,/opt/data-new/file//3205/320581/2020/3/other/微信图片_20190401155352.jpg,1,320500,8/5/2020 21:59,1,320500,i,c9d98af1-2b7d-11ec-b626-fa163e11a32f,,苏州市
FILE320500280354744042524672,.jpg,2ef4d87acbb8008aecc2804e11ab3fd.jpg,,12/6/2024 19:21,USER3205281,/opt/data-new/file//3205/320581/2020/3/other/2ef4d87acbb8008aecc2804e11ab3fd.jpg,1,320500,8/5/2020 21:59,1,320500,i,c9d98b02-2b7d-11ec-b626-fa163e11a32f,,苏州市
FILE320500280354784949571584,.doc,（苏苏高）应急检查〔2020〕3号.doc,,12/6/2024 19:21,USER3205067,/opt/data-new/tmp//3205/320505/2020/3/writ/WS320500280354784509169664.doc,1,320500,8/5/2020 21:59,1,320500,i,c9d98b15-2b7d-11ec-b626-fa163e11a32f,,苏州市
FILE320500280354784957960192,.pdf,（苏苏高）应急检查〔2020〕3号.pdf,,12/6/2024 19:21,USER3205067,/opt/data-new/file//3205/320505/2020/3/writ/WS320500280354784509169664.pdf,1,320500,8/5/2020 21:59,1,320500,i,c9d98b25-2b7d-11ec-b626-fa163e11a32f,,苏州市
FILE320500280354820815065088,.doc,（苏苏常）应急立〔2020〕2号.doc,,12/6/2024 19:21,USER3205281,/opt/data-new/tmp//3205/320581/2020/3/writ/WS320500280354820408217600.doc,1,320500,8/5/2020 21:59,1,320500,i,c9d98b36-2b7d-11ec-b626-fa163e11a32f,,苏州市
FILE320500280354820823453696,.pdf,（苏苏常）应急立〔2020〕2号.pdf,,12/6/2024 19:21,USER3205281,/opt/data-new/file//3205/320581/2020/3/writ/WS320500280354820408217600.pdf,1,320500,8/5/2020 21:59,1,320500,i,c9d98b47-2b7d-11ec-b626-fa163e11a32f,,苏州市
FILE320500280354858031124480,.doc,（苏苏高）应急检查〔2020〕4号.doc,,12/6/2024 19:21,USER3205069,/opt/data-new/tmp//3205/320505/2020/3/writ/WS320500280354857620082688.doc,1,320500,8/5/2020 21:59,1,320500,i,c9d98b58-2b7d-11ec-b626-fa163e11a32f,,苏州市
FILE320500280354858035318784,.pdf,（苏苏高）应急检查〔2020〕4号.pdf,,12/6/2024 19:21,USER3205069,/opt/data-new/file//3205/320505/2020/3/writ/WS320500280354857620082688.pdf,1,320500,8/5/2020 21:59,1,320500,i,c9d98b68-2b7d-11ec-b626-fa163e11a32f,,苏州市
FILE320500280354887437389824,.pdf,（苏苏常）应急立〔2020〕3号.pdf,,12/6/2024 19:21,USER3205280,/opt/data-new/file//3205/320581/2020/3/writ/WS320500280354887064096768.pdf,1,320500,8/5/2020 21:59,1,320500,i,c9d98b7b-2b7d-11ec-b626-fa163e11a32f,,苏州市
FILE320500280355118858113024,.doc,（苏苏常）应急立〔2020〕4号.doc,,12/6/2024 19:21,USER3205278,/opt/data-new/tmp//3205/320581/2020/3/writ/WS320500280355118455459840.doc,1,320500,8/5/2020 21:59,1,320500,i,c9d98b8e-2b7d-11ec-b626-fa163e11a32f,,苏州市
FILE320500280355118870695936,.pdf,（苏苏常）应急立〔2020〕4号.pdf,,12/6/2024 19:21,USER3205278,/opt/data-new/file//3205/320581/2020/3/writ/WS320500280355118455459840.pdf,1,320500,8/5/2020 21:59,1,320500,i,c9d98b9f-2b7d-11ec-b626-fa163e11a32f,,苏州市
FILE320500280355597633720320,.pdf,（苏苏高）应急检查〔2020〕3号.pdf,,12/6/2024 19:21,USER3205067,/opt/data-new/file//3205/320505/2020/3/writ/FILE320500280355597633720320.pdf,1,320500,8/5/2020 21:59,1,320500,i,b1d5c26b-f220-11eb-bca6-fa163e11a32f,,苏州市
FILE320500280355684602613760,.doc,（苏苏常）应急立〔2020〕4号.doc,,12/6/2024 19:21,USER3205278,/opt/data-new/tmp//3205/320581/2020/3/writ/FILE320500280355684602613760.doc,1,320500,8/5/2020 21:59,1,320500,i,c9d98bc1-2b7d-11ec-b626-fa163e11a32f,,苏州市
FILE320500280355684615196672,.pdf,（苏苏常）应急立〔2020〕4号.pdf,,12/6/2024 19:21,USER3205278,/opt/data-new/file//3205/320581/2020/3/writ/FILE320500280355684615196672.pdf,1,320500,8/5/2020 21:59,1,320500,i,c9d98bd1-2b7d-11ec-b626-fa163e11a32f,,苏州市
FILE320500280356021422002176,.doc,（苏苏相）应急检查〔2020〕2号.doc,,12/6/2024 19:21,USER3205198,/opt/data-new/tmp//3205/320507/2020/3/writ/FILE320500280356021422002176.doc,1,320500,8/5/2020 21:59,1,320500,i,c9d98be7-2b7d-11ec-b626-fa163e11a32f,,苏州市
FILE320500280356021434585088,.pdf,（苏苏相）应急检查〔2020〕2号.pdf,,12/6/2024 19:21,USER3205198,/opt/data-new/file//3205/320507/2020/3/writ/FILE320500280356021434585088.pdf,1,320500,8/5/2020 21:59,1,320500,i,c9d98bf9-2b7d-11ec-b626-fa163e11a32f,,苏州市
FILE320500280356472536174592,.doc,（苏苏相）应急检查〔2020〕2号.doc,,12/6/2024 19:21,USER3205198,/opt/data-new/tmp//3205/320507/2020/3/writ/FILE320500280356472536174592.doc,1,320500,8/5/2020 21:59,1,320500,i,c9d98c0a-2b7d-11ec-b626-fa163e11a32f,,苏州市
FILE320500280356472548757504,.pdf,（苏苏相）应急检查〔2020〕2号.pdf,,12/6/2024 19:21,USER3205198,/opt/data-new/file//3205/320507/2020/3/writ/FILE320500280356472548757504.pdf,1,320500,8/5/2020 21:59,1,320500,i,c9d98c1b-2b7d-11ec-b626-fa163e11a32f,,苏州市
FILE320500280356914531930112,.doc,（苏苏相）应急检查〔2020〕2号.doc,,12/6/2024 19:21,USER3205198,/opt/data-new/tmp//3205/320507/2020/3/writ/FILE320500280356914531930112.doc,1,320500,8/5/2020 21:59,1,320500,i,c9d98c2c-2b7d-11ec-b626-fa163e11a32f,,苏州市
FILE320500280356914544513024,.pdf,（苏苏相）应急检查〔2020〕2号.pdf,,12/6/2024 19:21,USER3205198,/opt/data-new/file//3205/320507/2020/3/writ/FILE320500280356914544513024.pdf,1,320500,8/5/2020 21:59,1,320500,i,c9d98c3d-2b7d-11ec-b626-fa163e11a32f,,苏州市
FILE320500280357126533025792,.doc,（苏苏相）应急检查〔2020〕2号.doc,,12/6/2024 19:21,USER3205198,/opt/data-new/tmp//3205/320507/2020/3/writ/FILE320500280357126533025792.doc,1,320500,8/5/2020 21:59,1,320500,i,c9d98c50-2b7d-11ec-b626-fa163e11a32f,,苏州市
FILE320500280357126553997312,.pdf,（苏苏相）应急检查〔2020〕2号.pdf,,12/6/2024 19:21,USER3205198,/opt/data-new/file//3205/320507/2020/3/writ/FILE320500280357126553997312.pdf,1,320500,8/5/2020 21:59,1,320500,i,c9d98c63-2b7d-11ec-b626-fa163e11a32f,,苏州市
FILE320500280357226848194560,.doc,（苏苏常）应急立〔2020〕2号.doc,,12/6/2024 19:21,USER3205281,/opt/data-new/tmp//3205/320581/2020/3/writ/FILE320500280357226848194560.doc,1,320500,8/5/2020 21:59,1,320500,i,c9d98c73-2b7d-11ec-b626-fa163e11a32f,,苏州市
FILE320500280357226860777472,.pdf,（苏苏常）应急立〔2020〕2号.pdf,,12/6/2024 19:21,USER3205281,/opt/data-new/file//3205/320581/2020/3/writ/FILE320500280357226860777472.pdf,1,320500,8/5/2020 21:59,1,320500,i,c9d98c85-2b7d-11ec-b626-fa163e11a32f,,苏州市
FILE320500280357564812627968,.pdf,（苏苏相）应急检查〔2020〕2号.pdf,,12/6/2024 19:21,USER3205198,/opt/data-new/file//3205/320507/2020/3/writ/FILE320500280357564812627968.pdf,1,320500,8/5/2020 21:59,1,320500,i,b1d5c2de-f220-11eb-bca6-fa163e11a32f,,苏州市
FILE320500280357816101769216,.doc,（苏苏高）应急立〔2020〕2号.doc,,12/6/2024 19:21,USER3205071,/opt/data-new/tmp//3205/320505/2020/3/writ/WS320500280357815749447680.doc,1,320500,8/5/2020 21:59,1,320500,i,c9d98ca7-2b7d-11ec-b626-fa163e11a32f,,苏州市
FILE320500280357816110157824,.pdf,（苏苏高）应急立〔2020〕2号.pdf,,12/6/2024 19:21,USER3205071,/opt/data-new/file//3205/320505/2020/3/writ/WS320500280357815749447680.pdf,1,320500,8/5/2020 21:59,1,320500,i,c9d98cb9-2b7d-11ec-b626-fa163e11a32f,,苏州市
FILE320500280357894501699584,.doc,（苏苏高）应急立〔2020〕2号.doc,,12/6/2024 19:21,USER3205071,/opt/data-new/tmp//3205/320505/2020/3/writ/FILE320500280357894501699584.doc,1,320500,8/5/2020 21:59,1,320500,i,c9d98cd7-2b7d-11ec-b626-fa163e11a32f,,苏州市
FILE320500280357894514282496,.pdf,（苏苏高）应急立〔2020〕2号.pdf,,12/6/2024 19:21,USER3205071,/opt/data-new/file//3205/320505/2020/3/writ/FILE320500280357894514282496.pdf,1,320500,8/5/2020 21:59,1,320500,i,c9d98ce8-2b7d-11ec-b626-fa163e11a32f,,苏州市
FILE320500280357939615633408,.doc,（苏苏常）应急立〔2020〕4号.doc,,12/6/2024 19:22,USER3205278,/opt/data-new/tmp//3205/320581/2020/3/writ/FILE320500280357939615633408.doc,1,320500,8/5/2020 21:59,1,320500,i,c9d98cf8-2b7d-11ec-b626-fa163e11a32f,,苏州市
FILE320500280357939628216320,.pdf,（苏苏常）应急立〔2020〕4号.pdf,,12/6/2024 19:22,USER3205278,/opt/data-new/file//3205/320581/2020/3/writ/FILE320500280357939628216320.pdf,1,320500,8/5/2020 21:59,1,320500,i,c9d98d0b-2b7d-11ec-b626-fa163e11a32f,,苏州市
FILE320500280358098856579072,.doc,（苏苏高）应急立〔2020〕2号.doc,,12/6/2024 19:22,USER3205071,/opt/data-new/tmp//3205/320505/2020/3/writ/FILE320500280358098856579072.doc,1,320500,8/5/2020 21:59,1,320500,i,c9d98d4f-2b7d-11ec-b626-fa163e11a32f,,苏州市
FILE320500280358098864967680,.pdf,（苏苏高）应急立〔2020〕2号.pdf,,12/6/2024 19:22,USER3205071,/opt/data-new/file//3205/320505/2020/3/writ/FILE320500280358098864967680.pdf,1,320500,8/5/2020 21:59,1,320500,i,c9d98d60-2b7d-11ec-b626-fa163e11a32f,,苏州市
FILE320500280358172382728192,.pdf,（苏苏高）应急立〔2020〕2号.pdf,,12/6/2024 19:22,USER3205071,/opt/data-new/file//3205/320505/2020/3/writ/FILE320500280358172382728192.pdf,1,320500,8/5/2020 21:59,1,320500,i,b1d5c354-f220-11eb-bca6-fa163e11a32f,,苏州市
FILE320500280358475941285888,.doc,（苏苏高）应急立〔2020〕3号.doc,,12/6/2024 19:22,USER3205069,/opt/data-new/tmp//3205/320505/2020/3/writ/WS320500280358475538632704.doc,1,320500,8/5/2020 21:59,1,320500,i,c9d98d82-2b7d-11ec-b626-fa163e11a32f,,苏州市
FILE320500280358475949674496,.pdf,（苏苏高）应急立〔2020〕3号.pdf,,12/6/2024 19:22,USER3205069,/opt/data-new/file//3205/320505/2020/3/writ/WS320500280358475538632704.pdf,1,320500,8/5/2020 21:59,1,320500,i,c9d98d92-2b7d-11ec-b626-fa163e11a32f,,苏州市
FILE320500280358902489419776,.doc,（苏苏高）应急立〔2020〕3号.doc,,12/6/2024 19:22,USER3205069,/opt/data-new/tmp//3205/320505/2020/3/writ/FILE320500280358902489419776.doc,1,320500,8/5/2020 21:59,1,320500,i,c9d98da5-2b7d-11ec-b626-fa163e11a32f,,苏州市
FILE320500280358902506196992,.pdf,（苏苏高）应急立〔2020〕3号.pdf,,12/6/2024 19:22,USER3205069,/opt/data-new/file//3205/320505/2020/3/writ/FILE320500280358902506196992.pdf,1,320500,8/5/2020 21:59,1,320500,i,c9d98db7-2b7d-11ec-b626-fa163e11a32f,,苏州市
FILE320500280359143229886464,.jpg,386202164.jpg,,12/6/2024 19:22,USER3205067,/opt/data-new/file//3205/320505/2020/3/other/386202164.jpg,1,320500,8/5/2020 21:59,1,320500,i,f42566d0-2c46-11ec-b626-fa163e11a32f,,苏州市
FILE320500280359175001739264,.jpg,462169091.jpg,,12/6/2024 19:22,USER3205067,/opt/data-new/file//3205/320505/2020/3/other/462169091.jpg,1,320500,8/5/2020 21:59,1,320500,i,f42566e3-2c46-11ec-b626-fa163e11a32f,,苏州市
FILE320500280359206643568640,.jpg,1496294328.jpg,,12/6/2024 19:22,USER3205067,/opt/data-new/file//3205/320505/2020/3/other/1496294328.jpg,1,320500,8/5/2020 21:59,1,320500,i,f42566f5-2c46-11ec-b626-fa163e11a32f,,苏州市
FILE320500280359235542323200,.jpg,2020673647.jpg,,12/6/2024 19:22,USER3205067,/opt/data-new/file//3205/320505/2020/3/other/2020673647.jpg,1,320500,8/5/2020 21:59,1,320500,i,f425670a-2c46-11ec-b626-fa163e11a32f,,苏州市
FILE320500280359493533962240,.doc,（苏苏常）应急立〔2020〕4号.doc,,12/6/2024 19:22,USER3205278,/opt/data-new/tmp//3205/320581/2020/3/writ/FILE320500280359493533962240.doc,1,320500,8/5/2020 21:59,1,320500,i,c9d98dec-2b7d-11ec-b626-fa163e11a32f,,苏州市
FILE320500280359493546545152,.pdf,（苏苏常）应急立〔2020〕4号.pdf,,12/6/2024 19:22,USER3205278,/opt/data-new/file//3205/320581/2020/3/writ/FILE320500280359493546545152.pdf,1,320500,8/5/2020 21:59,1,320500,i,c9d98dfc-2b7d-11ec-b626-fa163e11a32f,,苏州市
FILE320500280359608147513344,.pdf,（苏苏常）应急立〔2020〕4号.pdf,,12/6/2024 19:22,USER3205278,/opt/data-new/file//3205/320581/2020/3/writ/FILE320500280359608147513344.pdf,1,320500,8/5/2020 21:59,1,320500,i,b1d5c397-f220-11eb-bca6-fa163e11a32f,,苏州市
FILE320500280359680172101632,.jpg,1124913531.jpg,,12/6/2024 19:22,USER3205067,/opt/data-new/file//3205/320505/2020/3/other/1124913531.jpg,1,320500,8/5/2020 21:59,1,320500,i,f4256756-2c46-11ec-b626-fa163e11a32f,,苏州市
FILE320500280359867577798656,.pdf,（苏苏常）应急立〔2020〕1号.pdf,,12/6/2024 19:22,USER3205284,/opt/data-new/file//3205/320581/2020/3/writ/FILE320500280359867577798656.pdf,1,320500,8/5/2020 21:59,1,320500,i,c9d98e29-2b7d-11ec-b626-fa163e11a32f,,苏州市
FILE320500280360196293791744,.doc,（苏苏高）应急立〔2020〕4号.doc,,12/6/2024 19:22,USER3205067,/opt/data-new/tmp//3205/320505/2020/3/writ/WS320500280360195962441728.doc,1,320500,8/5/2020 21:59,1,320500,i,c9d98e39-2b7d-11ec-b626-fa163e11a32f,,苏州市
FILE320500280360196302180352,.pdf,（苏苏高）应急立〔2020〕4号.pdf,,12/6/2024 19:22,USER3205067,/opt/data-new/file//3205/320505/2020/3/writ/WS320500280360195962441728.pdf,1,320500,8/5/2020 21:59,1,320500,i,c9d98e4a-2b7d-11ec-b626-fa163e11a32f,,苏州市
FILE320500280360376367845376,.doc,（苏苏高）应急确〔2020〕2号.doc,,12/6/2024 19:22,USER3205071,/opt/data-new/tmp//3205/320505/2020/3/writ/WS320500280360375155691520.doc,2,320500,8/5/2020 21:59,1,320500,i,c9d98e5a-2b7d-11ec-b626-fa163e11a32f,,苏州市
FILE320500280360376376233984,.pdf,（苏苏高）应急确〔2020〕2号.pdf,,12/6/2024 19:22,USER3205071,/opt/data-new/file//3205/320505/2020/3/writ/WS320500280360375155691520.pdf,2,320500,8/5/2020 21:59,1,320500,i,c9d98e6b-2b7d-11ec-b626-fa163e11a32f,,苏州市
FILE320500280360679884460032,.pdf,（苏苏高）应急立〔2020〕3号.pdf,,12/6/2024 19:22,USER3205069,/opt/data-new/file//3205/320505/2020/3/writ/FILE320500280360679884460032.pdf,1,320500,8/5/2020 21:59,1,320500,i,b1d5c3d1-f220-11eb-bca6-fa163e11a32f,,苏州市
FILE320500280360712566476800,.pdf,（苏苏张）应急检查〔2020〕1号.pdf,,12/6/2024 19:22,USER3205327,/opt/data-new/file//3205/320582/2020/3/writ/WS320500280360712117686272.pdf,1,320500,8/5/2020 21:59,1,320500,i,b1d5c3e5-f220-11eb-bca6-fa163e11a32f,,苏州市
FILE320500280360839045713920,.doc,（苏苏高）应急立〔2020〕4号.doc,,12/6/2024 19:22,USER3205067,/opt/data-new/tmp//3205/320505/2020/3/writ/FILE320500280360839045713920.doc,1,320500,8/5/2020 21:59,1,320500,i,c9d98e9f-2b7d-11ec-b626-fa163e11a32f,,苏州市
FILE320500280360839054102528,.pdf,（苏苏高）应急立〔2020〕4号.pdf,,12/6/2024 19:22,USER3205067,/opt/data-new/file//3205/320505/2020/3/writ/FILE320500280360839054102528.pdf,1,320500,8/5/2020 21:59,1,320500,i,c9d98eb0-2b7d-11ec-b626-fa163e11a32f,,苏州市
FILE320500280360857815224320,.doc,（苏苏常）应急立〔2020〕2号.doc,,12/6/2024 19:22,USER3205281,/opt/data-new/tmp//3205/320581/2020/3/writ/FILE320500280360857815224320.doc,1,320500,8/5/2020 21:59,1,320500,i,c9d98ec2-2b7d-11ec-b626-fa163e11a32f,,苏州市
FILE320500280360857827807232,.pdf,（苏苏常）应急立〔2020〕2号.pdf,,12/6/2024 19:22,USER3205281,/opt/data-new/file//3205/320581/2020/3/writ/FILE320500280360857827807232.pdf,1,320500,8/5/2020 21:59,1,320500,i,c9d98ed4-2b7d-11ec-b626-fa163e11a32f,,苏州市
FILE320500280361730788298752,.jpg,webwxgetmsgimg (2).jpg,,12/6/2024 20:21,USER3205065,/opt/data-new/file//3205/320505/2020/3/other/webwxgetmsgimg (2).jpg,1,320500,8/5/2020 21:59,1,320500,i,c9d98ee6-2b7d-11ec-b626-fa163e11a32f,,苏州市
FILE320500280361739915104256,.doc,（苏苏高）应急立〔2020〕4号.doc,,12/6/2024 20:21,USER3205067,/opt/data-new/tmp//3205/320505/2020/3/writ/FILE320500280361739915104256.doc,1,320500,8/5/2020 21:59,1,320500,i,c9d98ef8-2b7d-11ec-b626-fa163e11a32f,,苏州市
FILE320500280361739927687168,.pdf,（苏苏高）应急立〔2020〕4号.pdf,,12/6/2024 20:21,USER3205067,/opt/data-new/file//3205/320505/2020/3/writ/FILE320500280361739927687168.pdf,1,320500,8/5/2020 21:59,1,320500,i,c9d98f0a-2b7d-11ec-b626-fa163e11a32f,,苏州市
FILE320500280361756495187968,.jpg,webwxgetmsgimg (1).jpg,,12/6/2024 20:21,USER3205065,/opt/data-new/file//3205/320505/2020/3/other/webwxgetmsgimg (1).jpg,1,320500,8/5/2020 21:59,1,320500,i,c9d98f1c-2b7d-11ec-b626-fa163e11a32f,,苏州市
FILE320500280361915983597568,.pdf,（苏苏常）应急立〔2020〕2号.doc,,12/6/2024 20:21,USER3205281,/opt/data-new/file//3205/320581/2020/3/other/（苏苏常）应急立〔2020〕2号.doc,0,320500,8/5/2020 21:59,1,320500,i,c9d98f2d-2b7d-11ec-b626-fa163e11a32f,,苏州市
FILE320500280362099236933632,.jpg,IMG_2200.JPG,,12/6/2024 20:21,USER3205282,/opt/data-new/file//3205/320581/2020/3/other/IMG_2200.JPG,1,320500,8/5/2020 21:59,1,320500,i,c9d98f44-2b7d-11ec-b626-fa163e11a32f,,苏州市
FILE320500280362120560775168,.pdf,（苏苏常）应急立〔2020〕2号.doc,,12/6/2024 20:21,USER3205281,/opt/data-new/file//3205/320581/2020/3/other/（苏苏常）应急立〔2020〕2号.doc,0,320500,8/5/2020 21:59,1,320500,i,c9d98f56-2b7d-11ec-b626-fa163e11a32f,,苏州市
FILE320500280362191549370368,.pdf,（苏苏张）应急检查〔2020〕2号.pdf,,12/6/2024 20:21,USER3205328,/opt/data-new/file//3205/320582/2020/3/writ/WS320500280362191197048832.pdf,1,320500,8/5/2020 21:59,1,320500,i,b1d5c45e-f220-11eb-bca6-fa163e11a32f,,苏州市
FILE320500280362215603703808,.jpg,c7b33c50b503b6fe9ff050e5975fc14.jpg,,12/6/2024 20:21,USER3205071,/opt/data-new/file//3205/320505/2020/3/other/c7b33c50b503b6fe9ff050e5975fc14.jpg,1,320500,8/5/2020 21:59,1,320500,i,c9d98f7f-2b7d-11ec-b626-fa163e11a32f,,苏州市
FILE320500280362238945005568,.pdf,（苏苏常）应急立〔2020〕2号.doc,,12/6/2024 20:21,USER3205281,/opt/data-new/tmp//3205/320581/2020/3/writ/FILE320500280362238945005568.doc,0,320500,8/5/2020 21:59,1,320500,i,c9d98f94-2b7d-11ec-b626-fa163e11a32f,,苏州市
FILE320500280362238957588480,.pdf,（苏苏常）应急立〔2020〕2号.pdf,,12/6/2024 20:21,USER3205281,/opt/data-new/file//3205/320581/2020/3/writ/FILE320500280362238957588480.pdf,1,320500,8/5/2020 21:59,1,320500,i,c9d98fb1-2b7d-11ec-b626-fa163e11a32f,,苏州市
FILE320500280362301855371264,.jpg,IMG_2213.JPG,,12/6/2024 20:21,USER3205282,/opt/data-new/file//3205/320581/2020/3/other/IMG_2213.JPG,1,320500,8/5/2020 21:59,1,320500,i,c9d98fc6-2b7d-11ec-b626-fa163e11a32f,,苏州市
FILE320500280362377369620480,.jpg,IMG_2216.JPG,,12/6/2024 20:21,USER3205282,/opt/data-new/file//3205/320581/2020/3/other/IMG_2216.JPG,1,320500,8/5/2020 21:59,1,320500,i,c9d98fd8-2b7d-11ec-b626-fa163e11a32f,,苏州市
FILE320500280362423444049920,.jpg,IMG_2212.JPG,,12/6/2024 20:22,USER3205282,/opt/data-new/file//3205/320581/2020/3/other/IMG_2212.JPG,1,320500,8/5/2020 21:59,1,320500,i,c9d98fea-2b7d-11ec-b626-fa163e11a32f,,苏州市
FILE320500280362495103733760,.doc,（苏苏常）应急立〔2020〕5号.doc,,12/6/2024 20:21,USER3205282,/opt/data-new/tmp//3205/320581/2020/3/writ/WS320500280362494713663488.doc,1,320500,8/5/2020 21:59,1,320500,i,c9d98ffb-2b7d-11ec-b626-fa163e11a32f,,苏州市
FILE320500280362495112122368,.pdf,（苏苏常）应急立〔2020〕5号.pdf,,12/6/2024 20:22,USER3205282,/opt/data-new/file//3205/320581/2020/3/writ/WS320500280362494713663488.pdf,1,320500,8/5/2020 21:59,1,320500,i,c9d9900c-2b7d-11ec-b626-fa163e11a32f,,苏州市
FILE320500280363077017276416,.pdf,（苏苏高）应急立〔2020〕4号.pdf,,12/6/2024 20:22,USER3205067,/opt/data-new/file//3205/320505/2020/3/writ/FILE320500280363077017276416.pdf,1,320500,8/5/2020 21:59,1,320500,i,c9d9901f-2b7d-11ec-b626-fa163e11a32f,,苏州市
FILE320500280363822219268096,.jpg,e624ed66da4c11a192601980e61efe4.jpg,,12/6/2024 20:22,USER3205069,/opt/data-new/file//3205/320505/2020/3/other/e624ed66da4c11a192601980e61efe4.jpg,1,320500,8/5/2020 21:59,1,320500,i,c9d9902f-2b7d-11ec-b626-fa163e11a32f,,苏州市
FILE320500280363864531406848,.jpg,ef623b5e4b9bd0419c2ebb3aacf7e15.jpg,,12/6/2024 20:22,USER3205069,/opt/data-new/file//3205/320505/2020/3/other/ef623b5e4b9bd0419c2ebb3aacf7e15.jpg,1,320500,8/5/2020 21:59,1,320500,i,c9d99041-2b7d-11ec-b626-fa163e11a32f,,苏州市
FILE320500280364545808011264,.jpg,IMG_2200.JPG,,12/6/2024 20:22,USER3205282,/opt/data-new/file//3205/320581/2020/3/other/IMG_2200.JPG,1,320500,8/5/2020 21:59,1,320500,i,c9d99052-2b7d-11ec-b626-fa163e11a32f,,苏州市
FILE320500280364578175455232,.jpg,IMG_2216.JPG,,12/6/2024 20:22,USER3205282,/opt/data-new/file//3205/320581/2020/3/other/IMG_2216.JPG,1,320500,8/5/2020 21:59,1,320500,i,c9d99063-2b7d-11ec-b626-fa163e11a32f,,苏州市
FILE320500280364642901954560,.jpg,IMG_2212.JPG,,12/6/2024 20:22,USER3205282,/opt/data-new/file//3205/320581/2020/3/other/IMG_2212.JPG,1,320500,8/5/2020 21:59,1,320500,i,c9d99074-2b7d-11ec-b626-fa163e11a32f,,苏州市
FILE320500280364675223261184,.jpg,IMG_2213.JPG,,12/6/2024 20:22,USER3205282,/opt/data-new/file//3205/320581/2020/3/other/IMG_2213.JPG,1,320500,8/5/2020 21:59,1,320500,i,c9d99086-2b7d-11ec-b626-fa163e11a32f,,苏州市
FILE320500280364711936004096,.doc,（苏苏常）应急立〔2020〕6号.doc,,12/6/2024 20:22,USER3205282,/opt/data-new/tmp//3205/320581/2020/3/writ/WS320500280364711529156608.doc,1,320500,8/5/2020 21:59,1,320500,i,c9d99097-2b7d-11ec-b626-fa163e11a32f,,苏州市
FILE320500280364711961169920,.pdf,（苏苏常）应急立〔2020〕6号.pdf,,12/6/2024 20:22,USER3205282,/opt/data-new/file//3205/320581/2020/3/writ/WS320500280364711529156608.pdf,1,320500,8/5/2020 21:59,1,320500,i,c9d990a8-2b7d-11ec-b626-fa163e11a32f,,苏州市
FILE320500280365026869514240,.pdf,（苏苏常）应急立〔2020〕6号.doc,,12/6/2024 20:22,USER3205282,/opt/data-new/file//3205/320581/2020/3/other/（苏苏常）应急立〔2020〕6号.doc,0,320500,8/5/2020 21:59,1,320500,i,c9d990ba-2b7d-11ec-b626-fa163e11a32f,,苏州市
FILE320500280365070251200512,.pdf,（苏苏常）应急立〔2020〕6号.pdf,,12/6/2024 20:22,USER3205282,/opt/data-new/file//3205/320581/2020/3/other/（苏苏常）应急立〔2020〕6号.pdf,0,320500,8/5/2020 21:59,1,320500,i,c9d990ca-2b7d-11ec-b626-fa163e11a32f,,苏州市
FILE320500280365080707600384,.pdf,（苏苏常）应急立〔2020〕6号.pdf,,12/6/2024 20:22,USER3205282,/opt/data-new/file//3205/320581/2020/3/other/（苏苏常）应急立〔2020〕6号.pdf,0,320500,8/5/2020 21:59,1,320500,i,c9d990dc-2b7d-11ec-b626-fa163e11a32f,,苏州市
FILE320500280368010416361472,.doc,（苏苏江）应急检记〔2020〕1号.doc,,12/6/2024 20:22,USER3205248,/opt/data-new/tmp//3205/320509/2020/3/writ/WS320500280368009481031680.doc,1,320500,8/5/2020 21:59,1,320500,i,c9d990ef-2b7d-11ec-b626-fa163e11a32f,,苏州市
FILE320500280368010424750080,.pdf,（苏苏江）应急检记〔2020〕1号.pdf,,12/6/2024 20:22,USER3205248,/opt/data-new/file//3205/320509/2020/3/writ/WS320500280368009481031680.pdf,1,320500,8/5/2020 21:59,1,320500,i,c9d990ff-2b7d-11ec-b626-fa163e11a32f,,苏州市
FILE320500280368066657783808,.doc,（苏苏）应急检查〔2020〕1号.doc,,12/6/2024 20:22,USER3205045,/opt/data-new/tmp//3205/320501/2020/3/writ/WS320500280368066297073664.doc,1,320500,8/5/2020 21:59,1,320500,i,c9d99112-2b7d-11ec-b626-fa163e11a32f,,苏州市
FILE320500280368066670366720,.pdf,（苏苏）应急检查〔2020〕1号.pdf,,12/6/2024 20:22,USER3205045,/opt/data-new/file//3205/320501/2020/3/writ/WS320500280368066297073664.pdf,1,320500,8/5/2020 21:59,1,320500,i,c9d99122-2b7d-11ec-b626-fa163e11a32f,,苏州市
FILE320500280368216599957504,.doc,（苏苏张）应急检查〔2020〕3号.doc,,12/6/2024 20:22,USER3205348,/opt/data-new/tmp//3205/320582/2020/3/writ/WS320500280368216230858752.doc,1,320500,8/5/2020 21:59,1,320500,i,c9d99134-2b7d-11ec-b626-fa163e11a32f,,苏州市
FILE320500280368216604151808,.pdf,（苏苏张）应急检查〔2020〕3号.pdf,,12/6/2024 20:22,USER3205348,/opt/data-new/file//3205/320582/2020/3/writ/WS320500280368216230858752.pdf,1,320500,8/5/2020 21:59,1,320500,i,b1d5c6b5-f220-11eb-bca6-fa163e11a32f,,苏州市
FILE320500280368358858166272,.pdf,（苏苏江）应急责改〔2020〕1号.pdf,,12/6/2024 20:22,USER3205248,/opt/data-new/file//3205/320509/2020/3/writ/WS320500280368358161911808.pdf,1,320500,8/5/2020 21:59,1,320500,i,c9d99157-2b7d-11ec-b626-fa163e11a32f,,苏州市
FILE320500280368500680167424,.pdf,（苏苏张）应急检查〔2020〕4号.pdf,,12/6/2024 20:22,USER3205345,/opt/data-new/file//3205/320582/2020/3/writ/WS320500280368500231376896.pdf,1,320500,8/5/2020 21:59,1,320500,i,b1d5c6e8-f220-11eb-bca6-fa163e11a32f,,苏州市
FILE320500280368699712475136,.pdf,（苏苏江）应急检记〔2020〕1号.pdf,,12/6/2024 20:22,USER3205248,/opt/data-new/file//3205/320509/2020/3/writ/FILE320500280368699712475136.pdf,1,320500,8/5/2020 21:59,1,320500,i,c9d9917b-2b7d-11ec-b626-fa163e11a32f,,苏州市
FILE320500280368831157768192,.doc,（苏苏高）应急案报告〔2020〕3号.doc,,12/6/2024 20:22,USER3205069,/opt/data-new/tmp//3205/320505/2020/3/writ/WS320500280368830440542208.doc,2,320500,8/5/2020 21:59,1,320500,i,c9d9918c-2b7d-11ec-b626-fa163e11a32f,,苏州市
FILE320500280368831166156800,.pdf,（苏苏高）应急案报告〔2020〕3号.pdf,,12/6/2024 20:22,USER3205069,/opt/data-new/file//3205/320505/2020/3/writ/WS320500280368830440542208.pdf,2,320500,8/5/2020 21:59,1,320500,i,c9d9919c-2b7d-11ec-b626-fa163e11a32f,,苏州市
FILE320500280368914796384256,.pdf,（苏苏高）应急案报告〔2020〕1号.pdf,,12/6/2024 20:22,USER3205065,/opt/data-new/file//3205/320505/2020/3/writ/WS320500280368914234347520.pdf,2,320500,8/5/2020 21:59,1,320500,i,c9d991ae-2b7d-11ec-b626-fa163e11a32f,,苏州市
FILE320500280369071629799424,.pdf,（苏苏高）应急案报告〔2020〕3号.pdf,,12/6/2024 20:22,USER3205069,/opt/data-new/file//3205/320505/2020/3/writ/FILE320500280369071629799424.pdf,2,320500,8/5/2020 21:59,1,320500,i,c9d991c0-2b7d-11ec-b626-fa163e11a32f,,苏州市
FILE320500280369210910052352,.pdf,（苏苏高）应急法审〔2020〕1号.pdf,,12/6/2024 20:22,USER3205065,/opt/data-new/file//3205/320505/2020/3/writ/WS320500280369210348015616.pdf,1,320500,8/5/2020 21:59,1,320500,i,b1d5c84d-f220-11eb-bca6-fa163e11a32f,,苏州市
FILE320500280369554297720832,.pdf,（苏苏江）应急检查〔2020〕1号.pdf,,12/6/2024 20:22,USER3205248,/opt/data-new/file//3205/320509/2020/3/writ/WS320500280369553945399296.pdf,1,320500,8/5/2020 21:59,1,320500,i,b1d5c861-f220-11eb-bca6-fa163e11a32f,,苏州市
FILE320500280370063779827712,.pdf,（苏苏高）应急法审〔2020〕3号.pdf,,12/6/2024 20:22,USER3205069,/opt/data-new/file//3205/320505/2020/3/writ/WS320500280370063431700480.pdf,1,320500,8/5/2020 21:59,1,320500,i,b1d5c873-f220-11eb-bca6-fa163e11a32f,,苏州市
FILE320500280371116625629184,.doc,（苏苏高）应急检记〔2020〕1号.doc,,12/6/2024 20:22,USER3205067,/opt/data-new/tmp//3205/320505/2020/3/writ/WS320500280371116222976000.doc,1,320500,8/5/2020 21:59,1,320500,i,c9d99237-2b7d-11ec-b626-fa163e11a32f,,苏州市
FILE320500280371116634017792,.pdf,（苏苏高）应急检记〔2020〕1号.pdf,,12/6/2024 20:22,USER3205067,/opt/data-new/file//3205/320505/2020/3/writ/WS320500280371116222976000.pdf,1,320500,8/5/2020 21:59,1,320500,i,c9d99247-2b7d-11ec-b626-fa163e11a32f,,苏州市
FILE320500280371875228422144,.pdf,（苏苏江）应急检记〔2020〕2号.pdf,,12/6/2024 20:22,USER3205248,/opt/data-new/file//3205/320509/2020/3/writ/WS320500280371874892877824.pdf,1,320500,8/5/2020 21:59,1,320500,i,c9d99258-2b7d-11ec-b626-fa163e11a32f,,苏州市
FILE320500280372259082735616,.pdf,（苏苏江）应急责改〔2020〕2号.pdf,,12/6/2024 20:22,USER3205248,/opt/data-new/file//3205/320509/2020/3/writ/WS320500280372258688471040.pdf,1,320500,8/5/2020 21:59,1,320500,i,c9d9926a-2b7d-11ec-b626-fa163e11a32f,,苏州市
FILE320500280372974844907520,.pdf,（苏苏太）应急检查〔2020〕1号.pdf,,12/6/2024 20:22,USER3205395,/opt/data-new/file//3205/320585/2020/3/writ/WS320500280372974500974592.pdf,1,320500,8/5/2020 21:59,1,320500,i,b1d5c8a9-f220-11eb-bca6-fa163e11a32f,,苏州市
FILE320500280375188627918848,.pdf,（苏苏吴）应急检查〔2020〕1号.pdf,,12/6/2024 20:22,USER3205141,/opt/data-new/file//3205/320506/2020/3/writ/WS320500280375188091047936.pdf,2,320500,8/5/2020 21:59,1,320500,i,b1d5c8bb-f220-11eb-bca6-fa163e11a32f,,苏州市
FILE320500280376122191908864,.doc,（苏苏太）应急立〔2020〕1号.doc,,12/6/2024 20:22,USER3205395,/opt/data-new/tmp//3205/320585/2020/3/writ/WS320500280376121843781632.doc,1,320500,8/5/2020 21:59,1,320500,i,6f3ab513-b3f3-11ef-b4a9-fa163e11a32f,,苏州市
FILE320500280376122200297472,.pdf,（苏苏太）应急立〔2020〕1号.pdf,,12/6/2024 20:22,USER3205395,/opt/data-new/file//3205/320585/2020/3/writ/WS320500280376121843781632.pdf,1,320500,8/5/2020 21:59,1,320500,i,6f3ab52b-b3f3-11ef-b4a9-fa163e11a32f,,苏州市
FILE320500280376133302620160,.doc,（苏苏太）应急立〔2020〕2号.doc,,12/6/2024 20:22,USER3205392,/opt/data-new/tmp//3205/320585/2020/3/writ/WS320500280376132962881536.doc,1,320500,8/5/2020 21:59,1,320500,i,6f3ab544-b3f3-11ef-b4a9-fa163e11a32f,,苏州市
FILE320500280376133311008768,.pdf,（苏苏太）应急立〔2020〕2号.pdf,,12/6/2024 20:22,USER3205392,/opt/data-new/file//3205/320585/2020/3/writ/WS320500280376132962881536.pdf,1,320500,8/5/2020 21:59,1,320500,i,6f3ab55a-b3f3-11ef-b4a9-fa163e11a32f,,苏州市
FILE320500280376489638105088,.pdf,（苏苏江）应急检记〔2020〕3号.pdf,,12/6/2024 20:22,USER3205254,/opt/data-new/file//3205/320509/2020/3/writ/WS320500280376489348698112.pdf,1,320500,8/5/2020 21:59,1,320500,i,c9d992bd-2b7d-11ec-b626-fa163e11a32f,,苏州市
FILE320500280376637961277440,.doc,（苏苏太）应急立〔2020〕3号.doc,,12/6/2024 20:22,USER3205393,/opt/data-new/tmp//3205/320585/2020/3/writ/WS320500280376637646704640.doc,1,320500,8/5/2020 21:59,1,320500,i,6f3ab588-b3f3-11ef-b4a9-fa163e11a32f,,苏州市
FILE320500280376637969666048,.pdf,（苏苏太）应急立〔2020〕3号.pdf,,12/6/2024 20:22,USER3205393,/opt/data-new/file//3205/320585/2020/3/writ/WS320500280376637646704640.pdf,1,320500,8/5/2020 21:59,1,320500,i,6f3ab59d-b3f3-11ef-b4a9-fa163e11a32f,,苏州市
FILE320500280376655262781440,.doc,（苏苏相）应急检查〔2020〕3号.doc,,12/6/2024 20:22,USER3205198,/opt/data-new/tmp//3205/320507/2020/3/writ/WS320500280376654948208640.doc,1,320500,8/5/2020 21:59,1,320500,i,c9d992e4-2b7d-11ec-b626-fa163e11a32f,,苏州市
FILE320500280376655271170048,.pdf,（苏苏相）应急检查〔2020〕3号.pdf,,12/6/2024 20:22,USER3205198,/opt/data-new/file//3205/320507/2020/3/writ/WS320500280376654948208640.pdf,1,320500,8/5/2020 21:59,1,320500,i,c9d992f5-2b7d-11ec-b626-fa163e11a32f,,苏州市
FILE320500280376782132088832,.doc,（苏苏太）应急立〔2020〕1号.doc,,12/6/2024 20:22,USER3205395,/opt/data-new/tmp//3205/320585/2020/3/writ/FILE320500280376782132088832.doc,1,320500,8/5/2020 21:59,1,320500,i,6f3ab5db-b3f3-11ef-b4a9-fa163e11a32f,,苏州市
FILE320500280376782140477440,.pdf,（苏苏太）应急立〔2020〕1号.pdf,,12/6/2024 20:22,USER3205395,/opt/data-new/file//3205/320585/2020/3/writ/FILE320500280376782140477440.pdf,1,320500,8/5/2020 21:59,1,320500,i,6f3ab5f0-b3f3-11ef-b4a9-fa163e11a32f,,苏州市
FILE320500280376960285151232,.doc,（苏苏太）应急立〔2020〕2号.doc,,12/6/2024 20:22,USER3205392,/opt/data-new/tmp//3205/320585/2020/3/writ/FILE320500280376960285151232.doc,1,320500,8/5/2020 21:59,1,320500,i,6f3ab605-b3f3-11ef-b4a9-fa163e11a32f,,苏州市
FILE320500280376960297734144,.pdf,（苏苏太）应急立〔2020〕2号.pdf,,12/6/2024 20:22,USER3205392,/opt/data-new/file//3205/320585/2020/3/writ/FILE320500280376960297734144.pdf,1,320500,8/5/2020 21:59,1,320500,i,6f3ab61a-b3f3-11ef-b4a9-fa163e11a32f,,苏州市
FILE320500280377103298334720,.pdf,（苏苏江）应急检记〔2020〕4号.pdf,,12/6/2024 20:22,USER3205254,/opt/data-new/file//3205/320509/2020/3/writ/WS320500280377102979567616.pdf,1,320500,8/5/2020 21:59,1,320500,i,c9d99329-2b7d-11ec-b626-fa163e11a32f,,苏州市
FILE320500280377358584647680,.pdf,（苏苏太）应急立〔2020〕1号.pdf,,12/6/2024 20:22,USER3205395,/opt/data-new/file//3205/320585/2020/3/writ/FILE320500280377358584647680.pdf,1,320500,8/5/2020 21:59,1,320500,i,b1d5c94d-f220-11eb-bca6-fa163e11a32f,,苏州市
FILE320500280377687631990784,.doc,（苏苏太）应急立〔2020〕2号.doc,,12/6/2024 20:22,USER3205392,/opt/data-new/tmp//3205/320585/2020/3/writ/FILE320500280377687631990784.doc,1,320500,8/5/2020 21:59,1,320500,i,6f3ab65d-b3f3-11ef-b4a9-fa163e11a32f,,苏州市
FILE320500280377687640379392,.pdf,（苏苏太）应急立〔2020〕2号.pdf,,12/6/2024 20:22,USER3205392,/opt/data-new/file//3205/320585/2020/3/writ/FILE320500280377687640379392.pdf,1,320500,8/5/2020 21:59,1,320500,i,6f3ab672-b3f3-11ef-b4a9-fa163e11a32f,,苏州市
FILE320500280377731210809344,.pdf,（苏苏太）应急立〔2020〕2号.pdf,,12/6/2024 22:22,USER3205392,/opt/data-new/file//3205/320585/2020/3/writ/FILE320500280377731210809344.pdf,1,320500,8/5/2020 21:59,1,320500,i,6f3ab689-b3f3-11ef-b4a9-fa163e11a32f,,苏州市
FILE320500280378190814253056,.doc,（苏苏相）应急检查〔2020〕3号.doc,,12/6/2024 22:22,USER3205198,/opt/data-new/tmp//3205/320507/2020/3/writ/FILE320500280378190814253056.doc,1,320500,8/5/2020 21:59,1,320500,i,c9d9935d-2b7d-11ec-b626-fa163e11a32f,,苏州市
FILE320500280378190826835968,.pdf,（苏苏相）应急检查〔2020〕3号.pdf,,12/6/2024 22:22,USER3205198,/opt/data-new/file//3205/320507/2020/3/writ/FILE320500280378190826835968.pdf,1,320500,8/5/2020 21:59,1,320500,i,c9d9936f-2b7d-11ec-b626-fa163e11a32f,,苏州市
FILE320500280378518766882816,.pdf,（苏苏常）应急立〔2020〕2号.doc,,12/6/2024 22:22,USER3205281,/opt/data-new/tmp//3205/320581/2020/3/writ/FILE320500280378518766882816.doc,0,320500,8/5/2020 21:59,1,320500,i,c9d99382-2b7d-11ec-b626-fa163e11a32f,,苏州市
FILE320500280378518779465728,.pdf,（苏苏常）应急立〔2020〕2号.pdf,,12/6/2024 22:22,USER3205281,/opt/data-new/file//3205/320581/2020/3/writ/FILE320500280378518779465728.pdf,1,320500,8/5/2020 21:59,1,320500,i,c9d99394-2b7d-11ec-b626-fa163e11a32f,,苏州市
FILE320500280378533438558208,.doc,（苏苏太）应急立〔2020〕4号.doc,,12/6/2024 22:22,USER3205392,/opt/data-new/tmp//3205/320585/2020/3/writ/WS320500280378533019127808.doc,1,320500,8/5/2020 21:59,1,320500,i,6f3ab708-b3f3-11ef-b4a9-fa163e11a32f,,苏州市
FILE320500280378533480501248,.pdf,（苏苏太）应急立〔2020〕4号.pdf,,12/6/2024 22:22,USER3205392,/opt/data-new/file//3205/320585/2020/3/writ/WS320500280378533019127808.pdf,1,320500,8/5/2020 21:59,1,320500,i,6f3ab71f-b3f3-11ef-b4a9-fa163e11a32f,,苏州市
FILE320500280378554812731392,.doc,（苏苏相）应急检查〔2020〕3号.doc,,12/6/2024 22:22,USER3205198,/opt/data-new/tmp//3205/320507/2020/3/writ/FILE320500280378554812731392.doc,1,320500,8/5/2020 21:59,1,320500,i,c9d993b9-2b7d-11ec-b626-fa163e11a32f,,苏州市
FILE320500280378554837897216,.pdf,（苏苏相）应急检查〔2020〕3号.pdf,,12/6/2024 22:22,USER3205198,/opt/data-new/file//3205/320507/2020/3/writ/FILE320500280378554837897216.pdf,1,320500,8/5/2020 21:59,1,320500,i,c9d993c9-2b7d-11ec-b626-fa163e11a32f,,苏州市
FILE320500280378759989694464,.doc,（苏苏太）应急立〔2020〕4号.doc,,12/6/2024 22:22,USER3205392,/opt/data-new/tmp//3205/320585/2020/3/writ/FILE320500280378759989694464.doc,1,320500,8/5/2020 21:59,1,320500,i,6f3ab75c-b3f3-11ef-b4a9-fa163e11a32f,,苏州市
FILE320500280378759998083072,.pdf,（苏苏太）应急立〔2020〕4号.pdf,,12/6/2024 22:22,USER3205392,/opt/data-new/file//3205/320585/2020/3/writ/FILE320500280378759998083072.pdf,1,320500,8/5/2020 21:59,1,320500,i,6f3ab771-b3f3-11ef-b4a9-fa163e11a32f,,苏州市
FILE320500280378803220385792,.pdf,（苏苏高）应急案报告〔2020〕2号.pdf,,12/6/2024 22:22,USER3205071,/opt/data-new/file//3205/320505/2020/3/writ/WS320500280378802754818048.pdf,2,320500,8/5/2020 21:59,1,320500,i,c9d993ed-2b7d-11ec-b626-fa163e11a32f,,苏州市
FILE320500280378888243122176,.doc,（苏苏太）应急立〔2020〕4号.doc,,12/6/2024 22:22,USER3205392,/opt/data-new/tmp//3205/320585/2020/3/writ/FILE320500280378888243122176.doc,1,320500,8/5/2020 21:59,1,320500,i,6f3ab79a-b3f3-11ef-b4a9-fa163e11a32f,,苏州市
FILE320500280378888255705088,.pdf,（苏苏太）应急立〔2020〕4号.pdf,,12/6/2024 22:22,USER3205392,/opt/data-new/file//3205/320585/2020/3/writ/FILE320500280378888255705088.pdf,1,320500,8/5/2020 21:59,1,320500,i,6f3ab7af-b3f3-11ef-b4a9-fa163e11a32f,,苏州市
FILE320500280379069474803712,.doc,（苏苏相）应急检查〔2020〕3号.doc,,12/6/2024 22:22,USER3205198,/opt/data-new/tmp//3205/320507/2020/3/writ/FILE320500280379069474803712.doc,1,320500,8/5/2020 21:59,1,320500,i,c9d99410-2b7d-11ec-b626-fa163e11a32f,,苏州市
FILE320500280379069487386624,.pdf,（苏苏相）应急检查〔2020〕3号.pdf,,12/6/2024 22:22,USER3205198,/opt/data-new/file//3205/320507/2020/3/writ/FILE320500280379069487386624.pdf,1,320500,8/5/2020 21:59,1,320500,i,c9d99421-2b7d-11ec-b626-fa163e11a32f,,苏州市
FILE320500280379771697762304,.pdf,（苏苏高）应急法审〔2020〕2号.pdf,,12/6/2024 22:22,USER3205061,/opt/data-new/file//3205/320505/2020/3/writ/WS320500280379771475464192.pdf,1,320500,8/5/2020 21:59,1,320500,i,b1d5ca1c-f220-11eb-bca6-fa163e11a32f,,苏州市
FILE320500280383468620222464,.pdf,（苏苏相）应急检查〔2020〕4号.pdf,,12/6/2024 22:22,USER3205198,/opt/data-new/file//3205/320507/2020/3/writ/WS320500280383468301455360.pdf,1,320500,8/5/2020 21:59,1,320500,i,b1d5ca2e-f220-11eb-bca6-fa163e11a32f,,苏州市
FILE320500280384654555484160,.pdf,（苏苏江）应急责改〔2020〕3号.pdf,,12/6/2024 22:22,USER3205252,/opt/data-new/file//3205/320509/2020/3/writ/WS320500280384654203162624.pdf,1,320500,8/5/2020 21:59,1,320500,i,c9d99457-2b7d-11ec-b626-fa163e11a32f,,苏州市
FILE320500280384936236552192,.doc,（苏苏相）应急检查〔2020〕5号.doc,,12/6/2024 22:22,USER3205198,/opt/data-new/tmp//3205/320507/2020/3/writ/WS320500280384935808733184.doc,1,320500,8/5/2020 21:59,1,320500,i,c9d99474-2b7d-11ec-b626-fa163e11a32f,,苏州市
FILE320500280384936244940800,.pdf,（苏苏相）应急检查〔2020〕5号.pdf,,12/6/2024 22:22,USER3205198,/opt/data-new/file//3205/320507/2020/3/writ/WS320500280384935808733184.pdf,1,320500,8/5/2020 21:59,1,320500,i,c9d99488-2b7d-11ec-b626-fa163e11a32f,,苏州市
FILE320500280385488165015552,.pdf,（苏苏吴）应急检查〔2020〕2号.pdf,,12/6/2024 22:22,USER3205123,/opt/data-new/file//3205/320506/2020/3/writ/WS320500280385487850442752.pdf,1,320500,8/5/2020 21:59,1,320500,i,b1d5cae6-f220-11eb-bca6-fa163e11a32f,,苏州市
FILE320500280385576673218560,.pdf,（苏苏相）应急检查〔2020〕6号.pdf,,12/6/2024 22:22,USER3205198,/opt/data-new/file//3205/320507/2020/3/writ/WS320500280385576346062848.pdf,1,320500,8/5/2020 21:59,1,320500,i,b1d5caf9-f220-11eb-bca6-fa163e11a32f,,苏州市
FILE320500280385798933581824,.pdf,（苏苏江）应急责改〔2020〕4号.pdf,,12/6/2024 22:22,USER3205252,/opt/data-new/file//3205/320509/2020/3/writ/WS320500280385798610620416.pdf,1,320500,8/5/2020 21:59,1,320500,i,c9d99516-2b7d-11ec-b626-fa163e11a32f,,苏州市
FILE320500280387648407736320,.pdf,（苏苏吴）应急检查〔2020〕3号.pdf,,12/6/2024 22:22,USER3205126,/opt/data-new/file//3205/320506/2020/3/writ/WS320500280387648114135040.pdf,1,320500,8/5/2020 21:59,1,320500,i,b1d5cb15-f220-11eb-bca6-fa163e11a32f,,苏州市
FILE320500280387857745448960,.pdf,（苏苏相）应急检查〔2020〕7号.pdf,,12/6/2024 22:22,USER3205198,/opt/data-new/file//3205/320507/2020/3/writ/WS320500280387857451847680.pdf,1,320500,8/5/2020 21:59,1,320500,i,b1d5cb26-f220-11eb-bca6-fa163e11a32f,,苏州市
FILE320500280388915796381696,.doc,（苏苏太）应急立〔2020〕5号.doc,,12/6/2024 22:22,USER3205395,/opt/data-new/tmp//3205/320585/2020/3/writ/WS320500280388915498586112.doc,1,320500,8/5/2020 21:59,1,320500,i,6f3ab8be-b3f3-11ef-b4a9-fa163e11a32f,,苏州市
FILE320500280388915800576000,.pdf,（苏苏太）应急立〔2020〕5号.pdf,,12/6/2024 22:22,USER3205395,/opt/data-new/file//3205/320585/2020/3/writ/WS320500280388915498586112.pdf,1,320500,8/5/2020 21:59,1,320500,i,6f3ab8d2-b3f3-11ef-b4a9-fa163e11a32f,,苏州市
FILE320500280389507394572288,.doc,（苏苏太）应急立〔2020〕5号.doc,,12/6/2024 22:22,USER3205395,/opt/data-new/tmp//3205/320585/2020/3/writ/FILE320500280389507394572288.doc,1,320500,8/5/2020 21:59,1,320500,i,6f3ab983-b3f3-11ef-b4a9-fa163e11a32f,,苏州市
FILE320500280389507407155200,.pdf,（苏苏太）应急立〔2020〕5号.pdf,,12/6/2024 22:22,USER3205395,/opt/data-new/file//3205/320585/2020/3/writ/FILE320500280389507407155200.pdf,1,320500,8/5/2020 21:59,1,320500,i,6f3ab999-b3f3-11ef-b4a9-fa163e11a32f,,苏州市
FILE320500280389554458857472,.doc,（苏苏太）应急立〔2020〕5号.doc,,12/6/2024 22:22,USER3205395,/opt/data-new/tmp//3205/320585/2020/3/writ/FILE320500280389554458857472.doc,1,320500,8/5/2020 21:59,1,320500,i,6f3ab9af-b3f3-11ef-b4a9-fa163e11a32f,,苏州市
FILE320500280389554471440384,.pdf,（苏苏太）应急立〔2020〕5号.pdf,,12/6/2024 22:22,USER3205395,/opt/data-new/file//3205/320585/2020/3/writ/FILE320500280389554471440384.pdf,1,320500,8/5/2020 21:59,1,320500,i,6f3ab9c3-b3f3-11ef-b4a9-fa163e11a32f,,苏州市
FILE320500280390680084221952,.pdf,（苏苏吴）应急检查〔2020〕4号.pdf,,12/6/2024 22:22,USER3205126,/opt/data-new/file//3205/320506/2020/3/writ/WS320500280390679799009280.pdf,1,320500,8/5/2020 21:59,1,320500,i,b1d5cb70-f220-11eb-bca6-fa163e11a32f,,苏州市
FILE320500280391626419867648,.pdf,（苏苏吴）应急检查〔2020〕5号.pdf,,12/6/2024 22:22,USER3205126,/opt/data-new/file//3205/320506/2020/3/writ/WS320500280391626113683456.pdf,1,320500,8/5/2020 21:59,1,320500,i,b1d5cb82-f220-11eb-bca6-fa163e11a32f,,苏州市
FILE320500280394046034153472,.doc,（苏苏太）应急立〔2020〕6号.doc,,12/6/2024 22:22,USER3205395,/opt/data-new/tmp//3205/320585/2020/3/writ/WS320500280394045723774976.doc,1,320500,8/5/2020 21:59,1,320500,i,6f3aba02-b3f3-11ef-b4a9-fa163e11a32f,,苏州市
FILE320500280394046042542080,.pdf,（苏苏太）应急立〔2020〕6号.pdf,,12/6/2024 22:22,USER3205395,/opt/data-new/file//3205/320585/2020/3/writ/WS320500280394045723774976.pdf,1,320500,8/5/2020 21:59,1,320500,i,6f3aba17-b3f3-11ef-b4a9-fa163e11a32f,,苏州市
FILE320500280394410439479296,.doc,（苏苏太）应急立〔2020〕6号.doc,,12/6/2024 22:22,USER3205395,/opt/data-new/tmp//3205/320585/2020/3/writ/FILE320500280394410439479296.doc,1,320500,8/5/2020 21:59,1,320500,i,6f3aba2b-b3f3-11ef-b4a9-fa163e11a32f,,苏州市
FILE320500280394410447867904,.pdf,（苏苏太）应急立〔2020〕6号.pdf,,12/6/2024 22:22,USER3205395,/opt/data-new/file//3205/320585/2020/3/writ/FILE320500280394410447867904.pdf,1,320500,8/5/2020 21:59,1,320500,i,6f3aba40-b3f3-11ef-b4a9-fa163e11a32f,,苏州市
FILE320500280401264808824832,.pdf,（苏苏相）应急检查〔2020〕3号.pdf,,12/22/2024 0:21,USER3205198,/opt/data-new/file//3205/320507/2020/3/writ/FILE320500280401264808824832.pdf,1,320500,8/5/2020 21:59,1,320500,i,b1d5cbba-f220-11eb-bca6-fa163e11a32f,,苏州市
FILE320500280405351449235456,.doc,（苏苏太）应急检记〔2020〕1号.doc,,12/6/2024 22:22,USER3205395,/opt/data-new/tmp//3205/320585/2020/3/writ/WS320500280405351159828480.doc,1,320500,8/5/2020 21:59,1,320500,i,6f3aba77-b3f3-11ef-b4a9-fa163e11a32f,,苏州市
FILE320500280405351457624064,.pdf,（苏苏太）应急检记〔2020〕1号.pdf,,12/6/2024 22:22,USER3205395,/opt/data-new/file//3205/320585/2020/3/writ/WS320500280405351159828480.pdf,1,320500,8/5/2020 21:59,1,320500,i,6f3aba8e-b3f3-11ef-b4a9-fa163e11a32f,,苏州市
FILE320500280405526272020480,.doc,（苏苏太）应急检记〔2020〕1号.doc,,12/6/2024 22:22,USER3205395,/opt/data-new/tmp//3205/320585/2020/3/writ/FILE320500280405526272020480.doc,1,320500,8/5/2020 21:59,1,320500,i,6f3abaa3-b3f3-11ef-b4a9-fa163e11a32f,,苏州市
FILE320500280405526288797696,.pdf,（苏苏太）应急检记〔2020〕1号.pdf,,12/6/2024 22:22,USER3205395,/opt/data-new/file//3205/320585/2020/3/writ/FILE320500280405526288797696.pdf,1,320500,8/5/2020 21:59,1,320500,i,6f3abab7-b3f3-11ef-b4a9-fa163e11a32f,,苏州市
FILE320500280405675404693504,.doc,（苏苏太）应急检记〔2020〕1号.doc,,12/6/2024 22:22,USER3205395,/opt/data-new/tmp//3205/320585/2020/3/writ/FILE320500280405675404693504.doc,1,320500,8/5/2020 21:59,1,320500,i,6f3abacc-b3f3-11ef-b4a9-fa163e11a32f,,苏州市
FILE320500280405675417276416,.pdf,（苏苏太）应急检记〔2020〕1号.pdf,,12/6/2024 22:22,USER3205395,/opt/data-new/file//3205/320585/2020/3/writ/FILE320500280405675417276416.pdf,1,320500,8/5/2020 21:59,1,320500,i,6f3abae1-b3f3-11ef-b4a9-fa163e11a32f,,苏州市
FILE320500280405939381604352,.doc,（苏苏太）应急检记〔2020〕1号.doc,,12/6/2024 22:22,USER3205395,/opt/data-new/tmp//3205/320585/2020/3/writ/FILE320500280405939381604352.doc,1,320500,8/5/2020 21:59,1,320500,i,6f3abaf6-b3f3-11ef-b4a9-fa163e11a32f,,苏州市
FILE320500280405939394187264,.pdf,（苏苏太）应急检记〔2020〕1号.pdf,,12/6/2024 22:22,USER3205395,/opt/data-new/file//3205/320585/2020/3/writ/FILE320500280405939394187264.pdf,1,320500,8/5/2020 21:59,1,320500,i,6f3abb0a-b3f3-11ef-b4a9-fa163e11a32f,,苏州市
FILE320500280461114502811648,.pdf,（苏苏常）应急立〔2020〕2号.doc,,12/6/2024 22:22,USER3205281,/opt/data-new/tmp//3205/320581/2020/3/writ/FILE320500280461114502811648.doc,0,320500,8/5/2020 21:59,1,320500,i,c9d99626-2b7d-11ec-b626-fa163e11a32f,,苏州市
FILE320500280461114515394560,.pdf,（苏苏常）应急立〔2020〕2号.pdf,,12/6/2024 22:22,USER3205281,/opt/data-new/file//3205/320581/2020/3/writ/FILE320500280461114515394560.pdf,1,320500,8/5/2020 21:59,1,320500,i,c9d99639-2b7d-11ec-b626-fa163e11a32f,,苏州市
FILE320500280632065064439808,.doc,（苏苏张）应急立〔2020〕1号.doc,,12/6/2024 22:22,USER3205353,/opt/data-new/tmp//3205/320582/2020/3/writ/WS320500280632064749867008.doc,1,320500,8/5/2020 21:59,1,320500,i,c9d9964b-2b7d-11ec-b626-fa163e11a32f,,苏州市
FILE320500280632065068634112,.pdf,（苏苏张）应急立〔2020〕1号.pdf,,12/6/2024 22:22,USER3205353,/opt/data-new/file//3205/320582/2020/3/writ/WS320500280632064749867008.pdf,1,320500,8/5/2020 21:59,1,320500,i,c9d9965d-2b7d-11ec-b626-fa163e11a32f,,苏州市
FILE320500280632441238982656,.pdf,（苏苏张）应急立〔2020〕1号.pdf,,12/6/2024 22:22,USER3205353,/opt/data-new/file//3205/320582/2020/3/writ/FILE320500280632441238982656.pdf,1,320500,8/5/2020 21:59,1,320500,i,c9d9966f-2b7d-11ec-b626-fa163e11a32f,,苏州市
FILE320500280637195407069184,.pdf,（苏苏常）应急立〔2020〕2号.doc,,12/6/2024 22:22,USER3205281,/opt/data-new/tmp//3205/320581/2020/3/writ/FILE320500280637195407069184.doc,0,320500,8/5/2020 21:59,1,320500,i,c9d99681-2b7d-11ec-b626-fa163e11a32f,,苏州市
FILE320500280637195415457792,.pdf,（苏苏常）应急立〔2020〕2号.pdf,,12/6/2024 22:22,USER3205281,/opt/data-new/file//3205/320581/2020/3/writ/FILE320500280637195415457792.pdf,1,320500,8/5/2020 21:59,1,320500,i,c9d99693-2b7d-11ec-b626-fa163e11a32f,,苏州市
FILE320500280637233923362816,.pdf,（苏苏张）应急检查〔2020〕5号.pdf,,12/6/2024 22:22,USER3205335,/opt/data-new/file//3205/320582/2020/3/writ/WS320500280637233604595712.pdf,1,320500,8/5/2020 21:59,1,320500,i,c9d996a5-2b7d-11ec-b626-fa163e11a32f,,苏州市
FILE320500280637400814718976,.pdf,（苏苏张）应急立〔2020〕2号.pdf,,12/6/2024 22:22,USER3205362,/opt/data-new/file//3205/320582/2020/3/writ/WS320500280637400516923392.pdf,1,320500,8/5/2020 21:59,1,320500,i,c9d996b6-2b7d-11ec-b626-fa163e11a32f,,苏州市
FILE320500280638978896433152,.doc,（苏苏吴）应急立〔2020〕1号.doc,,12/6/2024 22:22,USER3205130,/opt/data-new/tmp//3205/320506/2020/3/writ/WS320500280638978598637568.doc,1,320500,8/5/2020 21:59,1,320500,i,c9d996c8-2b7d-11ec-b626-fa163e11a32f,,苏州市
FILE320500280638978900627456,.pdf,（苏苏吴）应急立〔2020〕1号.pdf,,12/6/2024 22:22,USER3205130,/opt/data-new/file//3205/320506/2020/3/writ/WS320500280638978598637568.pdf,1,320500,8/5/2020 21:59,1,320500,i,c9d996da-2b7d-11ec-b626-fa163e11a32f,,苏州市
FILE320500280639658566619136,.doc,（苏苏吴）应急立〔2020〕1号.doc,,12/6/2024 22:22,USER3205130,/opt/data-new/tmp//3205/320506/2020/3/writ/FILE320500280639658566619136.doc,1,320500,8/5/2020 21:59,1,320500,i,c9d996eb-2b7d-11ec-b626-fa163e11a32f,,苏州市
FILE320500280639658579202048,.pdf,（苏苏吴）应急立〔2020〕1号.pdf,,12/6/2024 22:22,USER3205130,/opt/data-new/file//3205/320506/2020/3/writ/FILE320500280639658579202048.pdf,1,320500,8/5/2020 21:59,1,320500,i,c9d996fb-2b7d-11ec-b626-fa163e11a32f,,苏州市
FILE320500280640537814372352,.pdf,（苏苏园）应急检查〔2020〕1号.pdf,,12/6/2024 22:22,"USER3205013
",/opt/data-new/file//3205/320571/2020/3/writ/WS320500280640537466245120.pdf,1,320500,8/5/2020 21:59,1,320500,i,b1d5cc8f-f220-11eb-bca6-fa163e11a32f,,苏州市
FILE320500280640593544089600,.pdf,（苏苏张）应急检查〔2020〕6号.pdf,,12/6/2024 22:22,USER3205329,/opt/data-new/file//3205/320582/2020/3/writ/WS320500280640593082716160.pdf,2,320500,8/5/2020 21:59,1,320500,i,b1d5cca7-f220-11eb-bca6-fa163e11a32f,,苏州市
FILE320500280640787954274304,.pdf,（苏苏张）应急检查〔2020〕7号.pdf,,12/6/2024 22:22,USER3205362,/opt/data-new/file//3205/320582/2020/3/writ/WS320500280640787593564160.pdf,1,320500,8/5/2020 21:59,1,320500,i,b1d5ccc6-f220-11eb-bca6-fa163e11a32f,,苏州市
FILE320500280640846523535360,.pdf,（苏苏张）应急检查〔2020〕8号.pdf,,12/6/2024 22:22,USER3205335,/opt/data-new/file//3205/320582/2020/3/writ/WS320500280640846217351168.pdf,1,320500,8/5/2020 21:59,1,320500,i,b1d5cce4-f220-11eb-bca6-fa163e11a32f,,苏州市
FILE320500280641439514234880,.pdf,（苏苏江）应急检查〔2020〕2号.pdf,,12/6/2024 22:22,USER3205252,/opt/data-new/file//3205/320509/2020/3/writ/WS320500280641439203856384.pdf,1,320500,8/5/2020 21:59,1,320500,i,b1d5cd02-f220-11eb-bca6-fa163e11a32f,,苏州市
FILE320500280644079711162368,.png,TIM截图20200314101330.png,,12/6/2024 22:22,"USER3205013
",/opt/data-new/file//3205/320571/2020/3/other/TIM截图20200314101330.png,1,320500,8/5/2020 21:59,1,320500,i,c9d9976a-2b7d-11ec-b626-fa163e11a32f,,苏州市
FILE320500280644176247263232,.pdf,（苏苏江）应急检记〔2020〕5号.pdf,,12/6/2024 22:22,USER3205252,/opt/data-new/file//3205/320509/2020/3/writ/WS320500280644175932690432.pdf,1,320500,8/5/2020 21:59,1,320500,i,c9d9977b-2b7d-11ec-b626-fa163e11a32f,,苏州市
FILE320500280644181255262208,.pdf,（苏苏园）应急检记〔2020〕1号.pdf,,12/6/2024 22:22,"USER3205013
",/opt/data-new/file//3205/320571/2020/3/writ/WS320500280644180936495104.pdf,1,320500,8/5/2020 21:59,1,320500,i,c9d9978c-2b7d-11ec-b626-fa163e11a32f,,苏州市
FILE320500280644283445284864,.pdf,（苏苏张）应急检记〔2020〕1号.pdf,,12/6/2024 22:22,USER3205329,/opt/data-new/file//3205/320582/2020/3/writ/WS320500280644283155877888.pdf,1,320500,8/5/2020 21:59,1,320500,i,c9d9979e-2b7d-11ec-b626-fa163e11a32f,,苏州市
FILE320500280644792797368320,.pdf,（苏苏园）应急责改〔2020〕1号.pdf,,12/6/2024 22:22,"USER3205013
",/opt/data-new/file//3205/320571/2020/3/writ/WS320500280644792398909440.pdf,1,320500,8/5/2020 21:59,1,320500,i,b1d5cd63-f220-11eb-bca6-fa163e11a32f,,苏州市
FILE320500280646621614575616,.pdf,（苏苏园）应急责改〔2020〕2号.pdf,,12/6/2024 22:22,"USER3205013
",/opt/data-new/file//3205/320571/2020/3/writ/WS320500280646621274836992.pdf,1,320500,8/5/2020 21:59,1,320500,i,b1d5cd81-f220-11eb-bca6-fa163e11a32f,,苏州市
FILE320500280647983316340736,.pdf,（苏苏园）应急立〔2020〕2号.pdf,,12/6/2024 22:22,"USER3205013
",/opt/data-new/file//3205/320571/2020/3/writ/WS320500280647983022739456.pdf,1,320500,8/5/2020 21:59,1,320500,i,b1d5cda0-f220-11eb-bca6-fa163e11a32f,,苏州市
FILE320500280649277263319040,.pdf,（苏苏园）应急询〔2020〕2号.pdf,,12/6/2024 22:22,"USER3205013
",/opt/data-new/file//3205/320571/2020/3/writ/WS320500280649276764196864.pdf,1,320500,8/5/2020 21:59,1,320500,i,b1d5cdbd-f220-11eb-bca6-fa163e11a32f,,苏州市
FILE320500280650213230645248,.pdf,（苏苏园）应急询笔〔2020〕2号.pdf,,12/6/2024 22:22,"USER3205013
",/opt/data-new/file//3205/320571/2020/3/writ/WS320500280650211942993920.pdf,1,320500,8/5/2020 21:59,1,320500,i,c9d997fa-2b7d-11ec-b626-fa163e11a32f,,苏州市
FILE320500280651596017176576,.pdf,（苏苏园）应急案报告〔2020〕2号.pdf,,12/6/2024 22:22,"USER3205013
",/opt/data-new/file//3205/320571/2020/3/writ/WS320500280651595643883520.pdf,2,320500,8/5/2020 21:59,1,320500,i,c9d9980b-2b7d-11ec-b626-fa163e11a32f,,苏州市
FILE320500280652111912374272,.pdf,（苏苏园）应急法审〔2020〕2号.pdf,,12/6/2024 22:22,"USER3205013
",/opt/data-new/file//3205/320571/2020/3/writ/WS320500280652111656521728.pdf,1,320500,8/5/2020 21:59,1,320500,i,b1d5cdf1-f220-11eb-bca6-fa163e11a32f,,苏州市
FILE320500280653476583706624,.pdf,（苏苏园）应急罚集〔2020〕2号.pdf,,12/6/2024 22:22,"USER3205013
",/opt/data-new/file//3205/320571/2020/3/writ/WS320500280653476109750272.pdf,1,320500,8/5/2020 21:59,1,320500,i,c9d99867-2b7d-11ec-b626-fa163e11a32f,,苏州市
FILE320500280655595319595008,.doc,（苏苏园）应急告〔2020〕2号.doc,,12/6/2024 22:22,"USER3205013
",/opt/data-new/tmp//3205/320571/2020/3/writ/WS320500280655594753363968.doc,1,320500,8/5/2020 21:59,1,320500,i,c9d99878-2b7d-11ec-b626-fa163e11a32f,,苏州市
FILE320500280655595332177920,.pdf,（苏苏园）应急告〔2020〕2号.pdf,,12/6/2024 22:22,"USER3205013
",/opt/data-new/file//3205/320571/2020/3/writ/WS320500280655594753363968.pdf,1,320500,8/5/2020 21:59,1,320500,i,c9d9988a-2b7d-11ec-b626-fa163e11a32f,,苏州市
FILE320500280655693105598464,.pdf,（苏苏园）应急告〔2020〕2号.pdf,,12/6/2024 22:22,"USER3205013
",/opt/data-new/file//3205/320571/2020/3/writ/FILE320500280655693105598464.pdf,1,320500,8/5/2020 21:59,1,320500,i,c9d9989c-2b7d-11ec-b626-fa163e11a32f,,苏州市
FILE320500280655927307145216,.pdf,（苏苏园）应急回〔2020〕2号.pdf,,12/6/2024 22:22,"USER3205013
",/opt/data-new/file//3205/320571/2020/3/writ/WS320500280655926719942656.pdf,1,320500,8/5/2020 21:59,1,320500,i,c9d998ae-2b7d-11ec-b626-fa163e11a32f,,苏州市
FILE320500280656042910552064,.pdf,（苏苏园）应急案告〔2020〕2号.pdf,,12/6/2024 22:22,"USER3205013
",/opt/data-new/file//3205/320571/2020/3/writ/WS320500280656042407235584.pdf,1,320500,8/5/2020 21:59,1,320500,i,b1d5ce33-f220-11eb-bca6-fa163e11a32f,,苏州市
FILE320500280662255161315328,.doc,（苏苏吴）应急立〔2020〕2号.doc,,12/6/2024 22:22,USER3205121,/opt/data-new/tmp//3205/320506/2020/3/writ/WS320500280662254842548224.doc,1,320500,8/5/2020 21:59,1,320500,i,c9d998d2-2b7d-11ec-b626-fa163e11a32f,,苏州市
FILE320500280662255165509632,.pdf,（苏苏吴）应急立〔2020〕2号.pdf,,12/6/2024 22:22,USER3205121,/opt/data-new/file//3205/320506/2020/3/writ/WS320500280662254842548224.pdf,1,320500,8/5/2020 21:59,1,320500,i,c9d998e4-2b7d-11ec-b626-fa163e11a32f,,苏州市
FILE320500280662632606732288,.pdf,（苏苏吴）应急立〔2020〕2号.pdf,,12/6/2024 22:22,USER3205121,/opt/data-new/file//3205/320506/2020/3/writ/FILE320500280662632606732288.pdf,1,320500,8/5/2020 21:59,1,320500,i,b1d5ce58-f220-11eb-bca6-fa163e11a32f,,苏州市
FILE320500280666947249508352,.pdf,（苏苏相）应急立〔2020〕2号.pdf,,12/6/2024 23:22,USER3205198,/opt/data-new/file//3205/320507/2020/3/writ/WS320500280666946918158336.pdf,1,320500,8/5/2020 21:59,1,320500,i,b1d5ce6a-f220-11eb-bca6-fa163e11a32f,,苏州市
FILE320500280667518081699840,.pdf,（苏苏吴）应急立〔2020〕3号.pdf,,12/6/2024 23:22,USER3205121,/opt/data-new/file//3205/320506/2020/3/writ/WS320500280667517775515648.pdf,1,320500,8/5/2020 21:59,1,320500,i,b1d5ce7d-f220-11eb-bca6-fa163e11a32f,,苏州市
FILE320500280669785312727040,.doc,（苏苏相）应急立〔2020〕3号.doc,,12/6/2024 23:22,USER3205198,/opt/data-new/tmp//3205/320507/2020/3/writ/WS320500280669785019125760.doc,1,320500,8/5/2020 21:59,1,320500,i,c9d9992e-2b7d-11ec-b626-fa163e11a32f,,苏州市
FILE320500280669785321115648,.pdf,（苏苏相）应急立〔2020〕3号.pdf,,12/6/2024 23:22,USER3205198,/opt/data-new/file//3205/320507/2020/3/writ/WS320500280669785019125760.pdf,1,320500,8/5/2020 21:59,1,320500,i,c9d99940-2b7d-11ec-b626-fa163e11a32f,,苏州市
FILE320500280670836304646144,.pdf,（苏苏吴）应急立〔2020〕4号.pdf,,12/6/2024 23:22,USER3205121,/opt/data-new/file//3205/320506/2020/3/writ/WS320500280670835994267648.pdf,1,320500,8/5/2020 21:59,1,320500,i,b1d5cea1-f220-11eb-bca6-fa163e11a32f,,苏州市
FILE320500280672563196071936,.doc,（苏苏相）应急立〔2020〕3号.doc,,12/6/2024 23:22,USER3205198,/opt/data-new/tmp//3205/320507/2020/3/writ/FILE320500280672563196071936.doc,1,320500,8/5/2020 21:59,1,320500,i,c9d99963-2b7d-11ec-b626-fa163e11a32f,,苏州市
FILE320500280672563208654848,.pdf,（苏苏相）应急立〔2020〕3号.pdf,,12/6/2024 23:22,USER3205198,/opt/data-new/file//3205/320507/2020/3/writ/FILE320500280672563208654848.pdf,1,320500,8/5/2020 21:59,1,320500,i,c9d99975-2b7d-11ec-b626-fa163e11a32f,,苏州市
FILE320500280672768117182464,.pdf,（苏苏相）应急立〔2020〕3号.doc,,12/6/2024 23:22,USER3205198,/opt/data-new/file//3205/320507/2020/3/other/（苏苏相）应急立〔2020〕3号.doc,0,320500,8/5/2020 21:59,1,320500,i,c9d99987-2b7d-11ec-b626-fa163e11a32f,,苏州市
FILE320500280672785133473792,.pdf,（苏苏相）应急立〔2020〕3号.doc,,12/6/2024 23:22,USER3205198,/opt/data-new/file//3205/320507/2020/3/other/（苏苏相）应急立〔2020〕3号.doc,0,320500,8/5/2020 21:59,1,320500,i,c9d99999-2b7d-11ec-b626-fa163e11a32f,,苏州市
FILE320500280673112490512384,.pdf,（苏苏相）应急立〔2020〕3号.doc,,12/6/2024 23:22,USER3205198,/opt/data-new/tmp//3205/320507/2020/3/writ/FILE320500280673112490512384.doc,0,320500,8/5/2020 21:59,1,320500,i,c9d999af-2b7d-11ec-b626-fa163e11a32f,,苏州市
FILE320500280673112540844032,.pdf,（苏苏相）应急立〔2020〕3号.pdf,,12/6/2024 23:22,USER3205198,/opt/data-new/file//3205/320507/2020/3/writ/FILE320500280673112540844032.pdf,1,320500,8/5/2020 21:59,1,320500,i,b1d5cf57-f220-11eb-bca6-fa163e11a32f,,苏州市
FILE320500280677176196468736,.doc,（苏苏姑）应急检查〔2020〕1号.doc,,12/6/2024 23:22,USER3205240,/opt/data-new/tmp//3205/320508/2020/3/writ/WS320500280677175869313024.doc,1,320500,8/5/2020 21:59,1,320500,i,c9d999d4-2b7d-11ec-b626-fa163e11a32f,,苏州市
FILE320500280677176204857344,.pdf,（苏苏姑）应急检查〔2020〕1号.pdf,,12/6/2024 23:22,USER3205240,/opt/data-new/file//3205/320508/2020/3/writ/WS320500280677175869313024.pdf,1,320500,8/5/2020 21:59,1,320500,i,c9d999e8-2b7d-11ec-b626-fa163e11a32f,,苏州市
FILE320500280678704777007104,.pdf,（苏苏相）应急立〔2020〕4号.pdf,,12/6/2024 23:22,USER3205198,/opt/data-new/file//3205/320507/2020/3/writ/WS320500280678704445657088.pdf,1,320500,8/5/2020 21:59,1,320500,i,b1d5cf7d-f220-11eb-bca6-fa163e11a32f,,苏州市
FILE320500280679067240370176,.doc,（苏苏姑）应急检查〔2020〕2号.doc,,12/6/2024 23:22,USER3205240,/opt/data-new/tmp//3205/320508/2020/3/writ/WS320500280679066925797376.doc,1,320500,8/5/2020 21:59,1,320500,i,c9d99a0b-2b7d-11ec-b626-fa163e11a32f,,苏州市
FILE320500280679067248758784,.pdf,（苏苏姑）应急检查〔2020〕2号.pdf,,12/6/2024 23:22,USER3205240,/opt/data-new/file//3205/320508/2020/3/writ/WS320500280679066925797376.pdf,1,320500,8/5/2020 21:59,1,320500,i,c9d99a1d-2b7d-11ec-b626-fa163e11a32f,,苏州市
FILE320500280679306336669696,.pdf,（苏苏姑）应急检查〔2020〕2号.pdf,,12/6/2024 23:22,USER3205240,/opt/data-new/file//3205/320508/2020/3/writ/FILE320500280679306336669696.pdf,1,320500,8/5/2020 21:59,1,320500,i,b1d5cfa1-f220-11eb-bca6-fa163e11a32f,,苏州市
FILE320500280679441934323712,.pdf,（苏苏姑）应急检查〔2020〕1号.pdf,,12/6/2024 23:22,USER3205240,/opt/data-new/file//3205/320508/2020/3/writ/FILE320500280679441934323712.pdf,1,320500,8/5/2020 21:59,1,320500,i,b1d5cfb4-f220-11eb-bca6-fa163e11a32f,,苏州市
FILE320500280679515242369024,.pdf,现场照片1.pdf,,12/6/2024 23:22,"USER3205069
",/opt/data-new/file//3205/320571/2020/3/other/现场照片1.pdf,1,320500,8/5/2020 21:59,1,320500,i,c9d99a53-2b7d-11ec-b626-fa163e11a32f,,苏州市
FILE320500280679538990518272,.pdf,现场照片2.pdf,,12/6/2024 23:22,"USER3205069
",/opt/data-new/file//3205/320571/2020/3/other/现场照片2.pdf,1,320500,8/5/2020 21:59,1,320500,i,c9d99a65-2b7d-11ec-b626-fa163e11a32f,,苏州市
FILE320500280679719689523200,.pdf,（苏苏姑）应急检查〔2020〕3号.pdf,,12/6/2024 23:22,USER3205240,/opt/data-new/file//3205/320508/2020/3/writ/WS320500280679719366561792.pdf,1,320500,8/5/2020 21:59,1,320500,i,b1d5cfd9-f220-11eb-bca6-fa163e11a32f,,苏州市
FILE320500280679974606737408,.doc,（苏苏园）应急立〔2020〕3号.doc,,12/6/2024 23:22,"USER3205069
",/opt/data-new/tmp//3205/320571/2020/3/writ/WS320500280679974199889920.doc,1,320500,8/5/2020 21:59,1,320500,i,c9d99a89-2b7d-11ec-b626-fa163e11a32f,,苏州市
FILE320500280679974615126016,.pdf,（苏苏园）应急立〔2020〕3号.pdf,,12/6/2024 23:22,"USER3205069
",/opt/data-new/file//3205/320571/2020/3/writ/WS320500280679974199889920.pdf,1,320500,8/5/2020 21:59,1,320500,i,c9d99a9b-2b7d-11ec-b626-fa163e11a32f,,苏州市
FILE320500280680179578179584,.pdf,（苏苏相）应急立〔2020〕5号.pdf,,12/6/2024 23:22,USER3205198,/opt/data-new/file//3205/320507/2020/3/writ/WS320500280680179263606784.pdf,1,320500,8/5/2020 21:59,1,320500,i,b1d5cffe-f220-11eb-bca6-fa163e11a32f,,苏州市
FILE320500280680687533559808,.doc,（苏苏园）应急立〔2020〕4号.doc,,12/7/2024 0:22,"USER3205046
",/opt/data-new/tmp//3205/320571/2020/3/writ/WS320500280680687206404096.doc,2,320500,8/5/2020 21:59,1,320500,i,c9d99abf-2b7d-11ec-b626-fa163e11a32f,,苏州市
FILE320500280680687537754112,.pdf,（苏苏园）应急立〔2020〕4号.pdf,,12/7/2024 0:22,"USER3205046
",/opt/data-new/file//3205/320571/2020/3/writ/WS320500280680687206404096.pdf,2,320500,8/5/2020 21:59,1,320500,i,c9d99ad3-2b7d-11ec-b626-fa163e11a32f,,苏州市
FILE320500280681257824686080,.pdf,（苏苏园）应急立〔2020〕4号.pdf,,12/7/2024 0:22,"USER3205046
",/opt/data-new/file//3205/320571/2020/3/writ/FILE320500280681257824686080.pdf,2,320500,8/5/2020 21:59,1,320500,i,b1d5d022-f220-11eb-bca6-fa163e11a32f,,苏州市
FILE320500280681976740974592,.doc,（苏苏园）应急立〔2020〕5号.doc,,12/7/2024 0:22,"USER3205046
",/opt/data-new/tmp//3205/320571/2020/3/writ/WS320500280681976413818880.doc,2,320500,8/5/2020 21:59,1,320500,i,c9d99af6-2b7d-11ec-b626-fa163e11a32f,,苏州市
FILE320500280681976749363200,.pdf,（苏苏园）应急立〔2020〕5号.pdf,,12/7/2024 0:22,"USER3205046
",/opt/data-new/file//3205/320571/2020/3/writ/WS320500280681976413818880.pdf,2,320500,8/5/2020 21:59,1,320500,i,c9d99b08-2b7d-11ec-b626-fa163e11a32f,,苏州市
FILE320500280682269100740608,.pdf,（苏苏园）应急立〔2020〕3号.doc,,12/7/2024 0:22,"USER3205069
",/opt/data-new/file//3205/320571/2020/3/other/（苏苏园）应急立〔2020〕3号.doc,0,320500,8/5/2020 21:59,1,320500,i,c9d99b19-2b7d-11ec-b626-fa163e11a32f,,苏州市
FILE320500280682270451306496,.pdf,（苏苏园）应急立〔2020〕5号.pdf,,12/7/2024 0:22,"USER3205046
",/opt/data-new/file//3205/320571/2020/3/writ/FILE320500280682270451306496.pdf,2,320500,8/5/2020 21:59,1,320500,i,c9d99b2b-2b7d-11ec-b626-fa163e11a32f,,苏州市
FILE320500280682332703166464,.pdf,（苏苏园）应急立〔2020〕3号.pdf,,12/7/2024 0:22,"USER3205069
",/opt/data-new/file//3205/320571/2020/3/other/（苏苏园）应急立〔2020〕3号.pdf,0,320500,8/5/2020 21:59,1,320500,i,c9d99b3c-2b7d-11ec-b626-fa163e11a32f,,苏州市
FILE320500280682636970561536,.pdf,（苏苏相）应急立〔2020〕6号.pdf,,12/7/2024 0:22,USER3205198,/opt/data-new/file//3205/320507/2020/3/writ/WS320500280682636534353920.pdf,1,320500,8/5/2020 21:59,1,320500,i,b1d5d063-f220-11eb-bca6-fa163e11a32f,,苏州市
FILE320500280683407615201280,.pdf,（苏苏园）应急立〔2020〕3号.doc,,12/7/2024 0:22,"USER3205069
",/opt/data-new/tmp//3205/320571/2020/3/writ/FILE320500280683407615201280.doc,0,320500,8/5/2020 21:59,1,320500,i,c9d99b5f-2b7d-11ec-b626-fa163e11a32f,,苏州市
FILE320500280683407623589888,.pdf,（苏苏园）应急立〔2020〕3号.pdf,,12/7/2024 0:22,"USER3205069
",/opt/data-new/file//3205/320571/2020/3/writ/FILE320500280683407623589888.pdf,0,320500,8/5/2020 21:59,1,320500,i,c9d99b73-2b7d-11ec-b626-fa163e11a32f,,苏州市
FILE320500280683409179676672,.pdf,（苏苏园）应急检查〔2020〕2号.pdf,,12/7/2024 0:22,"USER3205046
",/opt/data-new/file//3205/320571/2020/3/writ/WS320500280683408907046912.pdf,1,320500,8/5/2020 21:59,1,320500,i,b1d5d087-f220-11eb-bca6-fa163e11a32f,,苏州市
FILE320500280683779498971136,.pdf,（苏苏园）应急立〔2020〕3号.doc,,12/7/2024 0:22,"USER3205069
",/opt/data-new/tmp//3205/320571/2020/3/writ/FILE320500280683779498971136.doc,0,320500,8/5/2020 21:59,1,320500,i,c9d99b98-2b7d-11ec-b626-fa163e11a32f,,苏州市
FILE320500280683779511554048,.pdf,（苏苏园）应急立〔2020〕3号.pdf,,12/7/2024 0:22,"USER3205069
",/opt/data-new/file//3205/320571/2020/3/writ/FILE320500280683779511554048.pdf,0,320500,8/5/2020 21:59,1,320500,i,c9d99bab-2b7d-11ec-b626-fa163e11a32f,,苏州市
FILE320500280684031211737088,.pdf,（苏苏园）应急立〔2020〕3号.doc,,12/7/2024 0:22,"USER3205069
",/opt/data-new/tmp//3205/320571/2020/3/writ/FILE320500280684031211737088.doc,0,320500,8/5/2020 21:59,1,320500,i,c9d99bbc-2b7d-11ec-b626-fa163e11a32f,,苏州市
FILE320500280684031224320000,.pdf,（苏苏园）应急立〔2020〕3号.pdf,,12/7/2024 0:22,"USER3205069
",/opt/data-new/file//3205/320571/2020/3/writ/FILE320500280684031224320000.pdf,0,320500,8/5/2020 21:59,1,320500,i,b1d5d0b4-f220-11eb-bca6-fa163e11a32f,,苏州市
FILE320500280686373487251456,.doc,（苏苏园）应急检记〔2020〕2号.doc,,12/7/2024 0:22,"USER3205042
",/opt/data-new/tmp//3205/320571/2020/3/writ/WS320500280686373231398912.doc,1,320500,8/5/2020 21:59,1,320500,i,c9d99be0-2b7d-11ec-b626-fa163e11a32f,,苏州市
FILE320500280686373491445760,.pdf,（苏苏园）应急检记〔2020〕2号.pdf,,12/7/2024 0:22,"USER3205042
",/opt/data-new/file//3205/320571/2020/3/writ/WS320500280686373231398912.pdf,1,320500,8/5/2020 21:59,1,320500,i,c9d99bf1-2b7d-11ec-b626-fa163e11a32f,,苏州市
FILE320500280686549316669440,.pdf,（苏苏园）应急检记〔2020〕2号.pdf,,12/7/2024 0:22,"USER3205042
",/opt/data-new/file//3205/320571/2020/3/writ/FILE320500280686549316669440.pdf,1,320500,8/5/2020 21:59,1,320500,i,c9d99c03-2b7d-11ec-b626-fa163e11a32f,,苏州市
FILE320500280690617976098816,.pdf,（苏苏园）应急检查〔2020〕3号.pdf,,12/7/2024 2:22,"USER3205040
",/opt/data-new/file//3205/320571/2020/3/writ/WS320500280690617674108928.pdf,1,320500,8/5/2020 21:59,1,320500,i,b1d5d0e2-f220-11eb-bca6-fa163e11a32f,,苏州市
FILE320500280693567528112128,.doc,（苏苏园）应急检记〔2020〕3号.doc,,12/7/2024 2:22,"USER3205048
",/opt/data-new/tmp//3205/320571/2020/3/writ/WS320500280693567251288064.doc,1,320500,8/5/2020 21:59,1,320500,i,c9d99c27-2b7d-11ec-b626-fa163e11a32f,,苏州市
FILE320500280693567536500736,.pdf,（苏苏园）应急检记〔2020〕3号.pdf,,12/7/2024 2:22,"USER3205048
",/opt/data-new/file//3205/320571/2020/3/writ/WS320500280693567251288064.pdf,1,320500,8/5/2020 21:59,1,320500,i,c9d99c38-2b7d-11ec-b626-fa163e11a32f,,苏州市
FILE320500280693727175905280,.doc,（苏苏园）应急检记〔2020〕3号.doc,,12/7/2024 2:22,"USER3205048
",/opt/data-new/tmp//3205/320571/2020/3/writ/FILE320500280693727175905280.doc,1,320500,8/5/2020 21:59,1,320500,i,c9d99c48-2b7d-11ec-b626-fa163e11a32f,,苏州市
FILE320500280693727192682496,.pdf,（苏苏园）应急检记〔2020〕3号.pdf,,12/7/2024 2:22,"USER3205048
",/opt/data-new/file//3205/320571/2020/3/writ/FILE320500280693727192682496.pdf,1,320500,8/5/2020 21:59,1,320500,i,c9d99c59-2b7d-11ec-b626-fa163e11a32f,,苏州市
FILE320500280695070603087872,.pdf,（苏苏园）应急检记〔2020〕3号.pdf,,12/7/2024 2:22,"USER3205048
",/opt/data-new/file//3205/320571/2020/3/writ/FILE320500280695070603087872.pdf,1,320500,8/5/2020 21:59,1,320500,i,c9d99c6b-2b7d-11ec-b626-fa163e11a32f,,苏州市
FILE320500280696176582332416,.jpg,微信图片_20200314135339.jpg,,12/7/2024 2:22,USER3205280,/opt/data-new/file//3205/320581/2020/3/other/微信图片_20200314135339.jpg,1,320500,8/5/2020 21:59,1,320500,i,c9d99c7e-2b7d-11ec-b626-fa163e11a32f,,苏州市
FILE320500280696203547512832,.jpg,微信图片_20200314135357.jpg,,12/7/2024 2:22,USER3205280,/opt/data-new/file//3205/320581/2020/3/other/微信图片_20200314135357.jpg,1,320500,8/5/2020 21:59,1,320500,i,c9d99c91-2b7d-11ec-b626-fa163e11a32f,,苏州市
FILE320500280696270773817344,.doc,（苏苏常）应急立〔2020〕7号.doc,,12/7/2024 2:22,USER3205280,/opt/data-new/tmp//3205/320581/2020/3/writ/WS320500280696270463438848.doc,1,320500,8/5/2020 21:59,1,320500,i,c9d99ca4-2b7d-11ec-b626-fa163e11a32f,,苏州市
FILE320500280696270778011648,.pdf,（苏苏常）应急立〔2020〕7号.pdf,,12/7/2024 2:22,USER3205280,/opt/data-new/file//3205/320581/2020/3/writ/WS320500280696270463438848.pdf,1,320500,8/5/2020 21:59,1,320500,i,c9d99ce0-2b7d-11ec-b626-fa163e11a32f,,苏州市
FILE320500280696635044925440,.doc,（苏苏园）应急立〔2020〕6号.doc,,12/7/2024 2:22,"USER3205048
",/opt/data-new/tmp//3205/320571/2020/3/writ/WS320500280696634734546944.doc,1,320500,8/5/2020 21:59,1,320500,i,c9d99cf1-2b7d-11ec-b626-fa163e11a32f,,苏州市
FILE320500280696635049119744,.pdf,（苏苏园）应急立〔2020〕6号.pdf,,12/7/2024 2:22,"USER3205048
",/opt/data-new/file//3205/320571/2020/3/writ/WS320500280696634734546944.pdf,1,320500,8/5/2020 21:59,1,320500,i,c9d99d03-2b7d-11ec-b626-fa163e11a32f,,苏州市
FILE320500280696756671352832,.pdf,（苏苏园）应急立〔2020〕6号.pdf,,12/7/2024 2:22,"USER3205048
",/opt/data-new/file//3205/320571/2020/3/writ/FILE320500280696756671352832.pdf,1,320500,8/5/2020 21:59,1,320500,i,b1d5d159-f220-11eb-bca6-fa163e11a32f,,苏州市
FILE320500280698123456614400,.jpg,微信图片_20200314140149.jpg,,12/7/2024 2:22,USER3205280,/opt/data-new/file//3205/320581/2020/3/other/微信图片_20200314140149.jpg,1,320500,8/5/2020 21:59,1,320500,i,c9d99d29-2b7d-11ec-b626-fa163e11a32f,,苏州市
